QGPIORecord, QRC v6.1.0, 22-12-2023 @ 14:33:49, Windows 10 Version 2009, 10.0.22621, x86_64
Time, ValueIn0, ValueIn1, ValueIn2, ValueIn3, ValueIn4, ValueIn5, ValueIn6, ValueIn7x, ValueIn8, ValueIn9, ValueIn10, ValueIn11
10414, 0, 0, 0, 0, 0, 0, 0, 0, 0, 0, 0, 0
10424, 0, 0, 0, 0, 0, 0, 0, 0, 0, 0, 0, 0
10434, 0, 0, 0, 0, 0, 0, 0, 0, 0, 0, 0, 0
10444, 0, 0, 0, 0, 0, 0, 0, 0, 0, 0, 0, 0
10454, 0, 0, 0, 0, 0, 0, 0, 0, 0, 0, 0, 0
10464, 0, 0, 0, 0, 0, 0, 0, 0, 0, 0, 0, 0
10474, 0, 0, 0, 0, 0, 0, 0, 0, 0, 0, 0, 0
10483, 0, 0, 0, 0, 0, 0, 0, 0, 0, 0, 0, 0
10493, 0, 0, 0, 0, 0, 0, 0, 0, 0, 0, 0, 0
10504, 0, 0, 0, 0, 0, 0, 0, 0, 0, 0, 0, 0
10514, 0, 0, 0, 0, 0, 0, 0, 0, 0, 0, 0, 0
10523, 0, 0, 0, 0, 0, 0, 0, 0, 0, 0, 0, 0
10533, 0, 0, 0, 0, 0, 0, 0, 0, 0, 0, 0, 0
10544, 0, 0, 0, 0, 0, 0, 0, 0, 0, 0, 0, 0
10554, 0, 0, 0, 0, 0, 0, 0, 0, 0, 0, 0, 0
10564, 0, 0, 0, 0, 0, 0, 0, 0, 0, 0, 0, 0
10573, 0, 0, 0, 0, 0, 0, 0, 0, 0, 0, 0, 0
10584, 0, 0, 0, 0, 0, 0, 0, 0, 0, 0, 0, 0
10594, 0, 0, 0, 0, 0, 0, 0, 0, 0, 0, 0, 0
10604, 0, 0, 0, 0, 0, 0, 0, 0, 0, 0, 0, 0
10613, 0, 0, 0, 0, 0, 0, 0, 0, 0, 0, 0, 0
10624, 0, 0, 0, 0, 0, 0, 0, 0, 0, 0, 0, 0
10634, 0, 0, 0, 0, 0, 0, 0, 0, 0, 0, 0, 0
10644, 0, 0, 0, 0, 0, 0, 0, 0, 0, 0, 0, 0
10653, 0, 0, 0, 0, 0, 0, 0, 0, 0, 0, 0, 0
10663, 0, 0, 0, 0, 0, 0, 0, 0, 0, 0, 0, 0
10674, 0, 0, 0, 0, 0, 0, 0, 0, 0, 0, 0, 0
10684, 0, 0, 0, 0, 0, 0, 0, 0, 0, 0, 0, 0
10693, 0, 0, 0, 0, 0, 0, 0, 0, 0, 0, 0, 0
10703, 0, 0, 0, 0, 0, 0, 0, 0, 0, 0, 0, 0
10714, 0, 0, 0, 0, 0, 0, 0, 0, 0, 0, 0, 0
10724, 0, 0, 0, 0, 0, 0, 0, 0, 0, 0, 0, 0
10734, 0, 0, 0, 0, 0, 0, 0, 0, 0, 0, 0, 0
10743, 0, 0, 0, 0, 0, 0, 0, 0, 0, 0, 0, 0
10754, 0, 0, 0, 0, 0, 0, 0, 0, 0, 0, 0, 0
10764, 0, 0, 0, 0, 0, 0, 0, 0, 0, 0, 0, 0
10774, 0, 0, 0, 0, 0, 0, 0, 0, 0, 0, 0, 0
10783, 0, 0, 0, 0, 0, 0, 0, 0, 0, 0, 0, 0
10793, 0, 0, 0, 0, 0, 0, 0, 0, 0, 0, 0, 0
10804, 0, 0, 0, 0, 0, 0, 0, 0, 0, 0, 0, 0
10814, 0, 0, 0, 0, 0, 0, 0, 0, 0, 0, 0, 0
10823, 0, 0, 0, 0, 0, 0, 0, 0, 0, 0, 0, 0
10833, 0, 0, 0, 0, 0, 0, 0, 0, 0, 0, 0, 0
10844, 0, 0, 0, 0, 0, 0, 0, 0, 0, 0, 0, 0
10854, 0, 0, 0, 0, 0, 0, 0, 0, 0, 0, 0, 0
10864, 0, 0, 0, 0, 0, 0, 0, 0, 0, 0, 0, 0
10873, 0, 0, 0, 0, 0, 0, 0, 0, 0, 0, 0, 0
10884, 0, 0, 0, 0, 0, 0, 0, 0, 0, 0, 0, 0
10894, 0, 0, 0, 0, 0, 0, 0, 0, 0, 0, 0, 0
10904, 0, 0, 0, 0, 0, 0, 0, 0, 0, 0, 0, 0
10913, 0, 0, 0, 0, 0, 0, 0, 0, 0, 0, 0, 0
10924, 0, 0, 0, 0, 0, 0, 0, 0, 0, 0, 0, 0
10934, 0, 0, 0, 0, 0, 0, 0, 0, 0, 0, 0, 0
10944, 0, 0, 0, 0, 0, 0, 0, 0, 0, 0, 0, 0
10953, 0, 0, 0, 0, 0, 0, 0, 0, 0, 0, 0, 0
10963, 0, 0, 0, 0, 0, 0, 0, 0, 0, 0, 0, 0
10974, 0, 0, 0, 0, 0, 0, 0, 0, 0, 0, 0, 0
10984, 0, 0, 0, 0, 0, 0, 0, 0, 0, 0, 0, 0
10993, 0, 0, 0, 0, 0, 0, 0, 0, 0, 0, 0, 0
11003, 0, 0, 0, 0, 0, 0, 0, 0, 0, 0, 0, 0
11014, 0, 0, 0, 0, 0, 0, 0, 0, 0, 0, 0, 0
11024, 0, 0, 0, 0, 0, 0, 0, 0, 0, 0, 0, 0
11034, 0, 0, 0, 0, 0, 0, 0, 0, 0, 0, 0, 0
11043, 0, 0, 0, 0, 0, 0, 0, 0, 0, 0, 0, 0
11054, 0, 0, 0, 0, 0, 0, 0, 0, 0, 0, 0, 0
11064, 0, 0, 0, 0, 0, 0, 0, 0, 0, 0, 0, 0
11074, 0, 0, 0, 0, 0, 0, 0, 0, 0, 0, 0, 0
11083, 0, 0, 0, 0, 0, 0, 0, 0, 0, 0, 0, 0
11094, 0, 0, 0, 0, 0, 0, 0, 0, 0, 0, 0, 0
11104, 0, 0, 0, 0, 0, 0, 0, 0, 0, 0, 0, 0
11114, 0, 0, 0, 0, 0, 0, 0, 0, 0, 0, 0, 0
11123, 0, 0, 0, 0, 0, 0, 0, 0, 0, 0, 0, 0
11133, 0, 0, 0, 0, 0, 0, 0, 0, 0, 0, 0, 0
11144, 0, 0, 0, 0, 0, 0, 0, 0, 0, 0, 0, 0
11154, 0, 0, 0, 0, 0, 0, 0, 0, 0, 0, 0, 0
11163, 0, 0, 0, 0, 0, 0, 0, 0, 0, 0, 0, 0
11173, 0, 0, 0, 0, 0, 0, 0, 0, 0, 0, 0, 0
11184, 0, 0, 0, 0, 0, 0, 0, 0, 0, 0, 0, 0
11194, 0, 0, 0, 0, 0, 0, 0, 0, 0, 0, 0, 0
11204, 0, 0, 0, 0, 0, 0, 0, 0, 0, 0, 0, 0
11213, 0, 0, 0, 0, 0, 0, 0, 0, 0, 0, 0, 0
11224, 0, 0, 0, 0, 0, 0, 0, 0, 0, 0, 0, 0
11234, 0, 0, 0, 0, 0, 0, 0, 0, 0, 0, 0, 0
11244, 0, 0, 0, 0, 0, 0, 0, 0, 0, 0, 0, 0
11253, 0, 0, 0, 0, 0, 0, 0, 0, 0, 0, 0, 0
11264, 0, 0, 0, 0, 0, 0, 0, 0, 0, 0, 0, 0
11274, 0, 0, 0, 0, 0, 0, 0, 0, 0, 0, 0, 0
11284, 0, 0, 0, 0, 0, 0, 0, 0, 0, 0, 0, 0
11293, 0, 0, 0, 0, 0, 0, 0, 0, 0, 0, 0, 0
11303, 0, 0, 0, 0, 0, 0, 0, 0, 0, 0, 0, 0
11314, 0, 0, 0, 0, 0, 0, 0, 0, 0, 0, 0, 0
11324, 0, 0, 0, 0, 0, 0, 0, 0, 0, 0, 0, 0
11333, 0, 0, 0, 0, 0, 0, 0, 0, 0, 0, 0, 0
11343, 0, 0, 0, 0, 0, 0, 0, 0, 0, 0, 0, 0
11354, 0, 0, 0, 0, 0, 0, 0, 0, 0, 0, 0, 0
11364, 0, 0, 0, 0, 0, 0, 0, 0, 0, 0, 0, 0
11374, 0, 0, 0, 0, 0, 0, 0, 0, 0, 0, 0, 0
11383, 0, 0, 0, 0, 0, 0, 0, 0, 0, 0, 0, 0
11394, 0, 0, 0, 0, 0, 0, 0, 0, 0, 0, 0, 0
11404, 0, 0, 0, 0, 0, 0, 0, 0, 0, 0, 0, 0
11414, 0, 0, 0, 0, 0, 0, 0, 0, 0, 0, 0, 0
11423, 0, 0, 0, 0, 0, 0, 0, 0, 0, 0, 0, 0
11433, 0, 0, 0, 0, 0, 0, 0, 0, 0, 0, 0, 0
11444, 0, 0, 0, 0, 0, 0, 0, 0, 0, 0, 0, 0
11454, 0, 0, 0, 0, 0, 0, 0, 0, 0, 0, 0, 0
11463, 0, 0, 0, 0, 0, 0, 0, 0, 0, 0, 0, 0
11473, 0, 0, 0, 0, 0, 0, 0, 0, 0, 0, 0, 0
11484, 0, 0, 0, 0, 0, 0, 0, 0, 0, 0, 0, 0
11494, 0, 0, 0, 0, 0, 0, 0, 0, 0, 0, 0, 0
11503, 0, 0, 0, 0, 0, 0, 0, 0, 0, 0, 0, 0
11513, 0, 0, 0, 0, 0, 0, 0, 0, 0, 0, 0, 0
11524, 0, 0, 0, 0, 0, 0, 0, 0, 0, 0, 0, 0
11534, 0, 0, 0, 0, 0, 0, 0, 0, 0, 0, 0, 0
11544, 0, 0, 0, 0, 0, 0, 0, 0, 0, 0, 0, 0
11553, 0, 0, 0, 0, 0, 0, 0, 0, 0, 0, 0, 0
11564, 0, 0, 0, 0, 0, 0, 0, 0, 0, 0, 0, 0
11574, 0, 0, 0, 0, 0, 0, 0, 0, 0, 0, 0, 0
11584, 0, 0, 0, 0, 0, 0, 0, 0, 0, 0, 0, 0
11593, 0, 0, 0, 0, 0, 0, 0, 0, 0, 0, 0, 0
11603, 0, 0, 0, 0, 0, 0, 0, 0, 0, 0, 0, 0
11614, 0, 0, 0, 0, 0, 0, 0, 0, 0, 0, 0, 0
11624, 0, 0, 0, 0, 0, 0, 0, 0, 0, 0, 0, 0
11633, 0, 0, 0, 0, 0, 0, 0, 0, 0, 0, 0, 0
11643, 0, 0, 0, 0, 0, 0, 0, 0, 0, 0, 0, 0
11654, 0, 0, 0, 0, 0, 0, 0, 0, 0, 0, 0, 0
11664, 0, 0, 0, 0, 0, 0, 0, 0, 0, 0, 0, 0
11674, 0, 0, 0, 0, 0, 0, 0, 0, 0, 0, 0, 0
11683, 0, 0, 0, 0, 0, 0, 0, 0, 0, 0, 0, 0
11694, 0, 0, 0, 0, 0, 0, 0, 0, 0, 0, 0, 0
11704, 0, 0, 0, 0, 0, 0, 0, 0, 0, 0, 0, 0
11714, 0, 0, 0, 0, 0, 0, 0, 0, 0, 0, 0, 0
11723, 0, 0, 0, 0, 0, 0, 0, 0, 0, 0, 0, 0
11734, 0, 0, 0, 0, 0, 0, 0, 0, 0, 0, 0, 0
11744, 0, 0, 0, 0, 0, 0, 0, 0, 0, 0, 0, 0
11754, 0, 0, 0, 0, 0, 0, 0, 0, 0, 0, 0, 0
11763, 0, 0, 0, 0, 0, 0, 0, 0, 0, 0, 0, 0
11774, 0, 0, 0, 0, 0, 0, 0, 0, 0, 0, 0, 0
11784, 0.870675, 0, 0.00870675, -0.0561726, 0, 0, 0, 0, 12, 12, 0, 0
11794, 0.853052, 0, 0.00861589, -0.051583, 0.0543358, 0, 0, 0, 12, 12, 0, 0
11804, 0.82988, 0, 0.0104612, -0.0468645, 0.104232, 0.00209849, 0.00209849, 0, 8.29329, 7.81982, 0, 0
11814, 0.796753, -0.00307096, 0.0147413, -0.0385385, 0.152234, 0.00626125, 0.00673724, -0.00307096, 2.91099, 2.67542, 0, 0
11825, 0.763738, -0.00614192, 0.0194838, -0.0305637, 0.194851, 0.0108658, 0.0118178, -0.00614192, 1.44606, 1.15888, 0, 0
11834, 0.733542, -0.0122838, 0.0231655, -0.0198368, 0.235092, 0.0138899, 0.0157939, -0.0122838, 3.83691, 4.13567, 0, 0
11844, 0.710554, -0.0199612, 0.0249402, -0.00826751, 0.271631, 0.0146881, 0.0177819, -0.0199612, 8.60502, 8.56634, 0, 0
11854, 0.689685, -0.0291741, 0.0261707, 0.00450424, 0.304986, 0.0146964, 0.0192177, -0.0291741, 10.4403, 10.9585, 0, 0
11865, 0.666794, -0.038387, 0.0283598, 0.0171272, 0.333995, 0.015699, 0.0216475, -0.038387, 8.67857, 8.87176, 0, 0
11874, 0.637636, -0.0491354, 0.0323002, 0.031513, 0.360136, 0.0182868, 0.0258997, -0.0491354, 4.70239, 4.49648, 0, 0
11884, 0.6063, -0.0614192, 0.0368922, 0.0473759, 0.383039, 0.0213006, 0.0308146, -0.0614192, 3.09496, 2.31338, 0, 0
11894, 0.577996, -0.0752385, 0.0407006, 0.0643733, 0.40261, 0.0232502, 0.0349011, -0.0752385, 4.2143, 3.66078, 0, 0
11905, 0.555322, -0.0890579, 0.0433547, 0.0807227, 0.417751, 0.023987, 0.0377727, -0.0890579, 7.11636, 6.92664, 0, 0
11914, 0.535087, -0.104413, 0.0453109, 0.0982987, 0.430423, 0.0237719, 0.0399265, -0.104413, 8.49055, 8.86716, 0, 0
11924, 0.515239, -0.118232, 0.0478657, 0.113985, 0.438106, 0.0244043, 0.0426876, -0.118232, 7.61261, 7.1993, 0, 0
11934, 0.491852, -0.133587, 0.0513206, 0.131324, 0.443962, 0.0257432, 0.0463876, -0.133587, 5.48492, 4.69882, 0, 0
11944, 0.469296, -0.147406, 0.0552301, 0.14676, 0.445058, 0.027764, 0.0505293, -0.147406, 4.17366, 3.31962, 0, 0
11955, 0.447699, -0.162761, 0.0587708, 0.163574, 0.444568, 0.0291678, 0.0542845, -0.162761, 4.57072, 3.943, 0, 0
11964, 0.429902, -0.178116, 0.0615257, 0.179956, 0.441162, 0.0297492, 0.0572114, -0.178116, 5.85505, 6.06421, 0, 0
11974, 0.415176, -0.191935, 0.0640301, 0.194348, 0.43392, 0.0302945, 0.0598621, -0.191935, 6.80045, 6.57831, 0, 0
11984, 0.400838, -0.204219, 0.0669735, 0.20696, 0.423435, 0.0315202, 0.0629546, -0.204219, 5.72346, 5.18081, 0, 0
11995, 0.385829, -0.216503, 0.0702425, 0.219515, 0.411427, 0.033082, 0.0663784, -0.216503, 5.04328, 3.9492, 0, 0
12004, 0.374054, -0.225716, 0.0734924, 0.228508, 0.395281, 0.0350574, 0.069747, -0.225716, 4.64027, 4.00198, 0, 0
12014, 0.363454, -0.234929, 0.0764805, 0.237377, 0.378446, 0.0367597, 0.0728395, -0.234929, 4.94761, 4.86125, 0, 0
12024, 0.353426, -0.244141, 0.0793623, 0.246171, 0.361039, 0.0383545, 0.0758216, -0.244141, 5.06151, 5.2859, 0, 0
12035, 0.346146, -0.250283, 0.0822706, 0.251497, 0.340464, 0.0404135, 0.0788037, -0.250283, 5.25769, 4.73868, 0, 0
12044, 0.340631, -0.253354, 0.0854155, 0.253458, 0.317406, 0.0431555, 0.0820066, -0.253354, 4.70431, 3.89806, 0, 0
12054, 0.335964, -0.25489, 0.0886259, 0.25378, 0.293787, 0.0461833, 0.0852648, -0.25489, 4.62403, 4.06094, 0, 0
12064, 0.334126, -0.253354, 0.0917012, 0.250726, 0.26852, 0.0495062, 0.0883573, -0.253354, 4.61752, 4.32564, 0, 0
12075, 0.33326, -0.250283, 0.0947302, 0.246079, 0.24354, 0.0530044, 0.0913946, -0.250283, 4.89462, 4.89016, 0, 0
12084, 0.333295, -0.245677, 0.0977131, 0.239861, 0.21905, 0.0566786, 0.0943766, -0.245677, 5.20428, 4.71047, 0, 0
12094, 0.335086, -0.237999, 0.100768, 0.230399, 0.193901, 0.0608713, 0.0974139, -0.237999, 5.31102, 4.56426, 0, 0
12104, 0.336805, -0.228787, 0.103986, 0.219468, 0.169897, 0.0654635, 0.100617, -0.228787, 4.91408, 4.37977, 0, 0
12114, 0.340665, -0.216503, 0.107119, 0.205303, 0.14579, 0.070413, 0.103709, -0.216503, 5.0259, 4.78181, 0, 0
12125, 0.343564, -0.204219, 0.110241, 0.191393, 0.124708, 0.0753675, 0.106802, -0.204219, 5.41201, 5.18295, 0, 0
12134, 0.34725, -0.1904, 0.113261, 0.175981, 0.105069, 0.08045, 0.109784, -0.1904, 5.81561, 5.34723, 0, 0
12144, 0.350926, -0.175045, 0.116389, 0.159126, 0.0869913, 0.0858828, 0.112876, -0.175045, 5.74044, 5.27371, 0, 0
12154, 0.354375, -0.158154, 0.119681, 0.140844, 0.070537, 0.0917227, 0.116135, -0.158154, 5.66018, 4.93168, 0, 0
12165, 0.356861, -0.141264, 0.122964, 0.122818, 0.0570853, 0.0975696, 0.119393, -0.141264, 5.51959, 5.00778, 0, 0
12174, 0.358657, -0.124374, 0.126186, 0.105013, 0.0463897, 0.103367, 0.122596, -0.124374, 5.63186, 5.65308, 0, 0
12184, 0.360935, -0.105948, 0.129412, 0.0857123, 0.0369004, 0.109407, 0.125799, -0.105948, 5.71669, 5.7996, 0, 0
12194, 0.362177, -0.0875224, 0.132682, 0.0666481, 0.0300653, 0.115508, 0.129057, -0.0875224, 5.81326, 5.65715, 0, 0
12205, 0.364274, -0.0660257, 0.136235, 0.0444255, 0.0229861, 0.122365, 0.132591, -0.0660257, 5.68969, 5.0066, 0, 0
12215, 0.363983, -0.0460644, 0.139821, 0.0241653, 0.0200525, 0.129043, 0.136181, -0.0460644, 5.19084, 4.75438, 0, 0
12224, 0.363163, -0.0261032, 0.143348, 0.00408613, 0.0193662, 0.135669, 0.139715, -0.0261032, 4.89091, 5.5027, 0, 0
12234, 0.362254, -0.00614192, 0.146709, -0.0158535, 0.0207523, 0.142132, 0.143084, -0.00614192, 5.38891, 5.85008, 0, 0
12244, 0.35982, 0.0122838, 0.149944, -0.0339398, 0.0254102, 0.148246, 0.146342, 0.0122838, 5.853, 5.84407, 0, 0
12255, 0.357447, 0.0322451, 0.153397, -0.0535627, 0.0302127, 0.154818, 0.149821, 0.0322451, 5.87313, 5.08784, 0, 0
12264, 0.354548, 0.0522063, 0.156846, -0.0730478, 0.0366462, 0.161388, 0.1533, 0.0522063, 5.33638, 4.75875, 0, 0
12274, 0.349686, 0.0706321, 0.160331, -0.0906798, 0.0459119, 0.167773, 0.156834, 0.0706321, 5.21737, 5.14401, 0, 0
12284, 0.345062, 0.0890579, 0.163655, -0.108258, 0.0562173, 0.173989, 0.160203, 0.0890579, 5.10883, 5.58972, 0, 0
12295, 0.337734, 0.104413, 0.166895, -0.122339, 0.07018, 0.179671, 0.163516, 0.104413, 5.18187, 5.45664, 0, 0
12304, 0.331421, 0.121303, 0.170199, -0.138094, 0.0830816, 0.185641, 0.166885, 0.121303, 5.52482, 4.79233, 0, 0
12314, 0.323445, 0.136658, 0.173542, -0.152077, 0.0978766, 0.191425, 0.170309, 0.136658, 5.11625, 4.35138, 0, 0
12324, 0.314308, 0.150477, 0.176819, -0.164342, 0.114186, 0.196913, 0.173677, 0.150477, 4.36317, 4.29755, 0, 0
12335, 0.30541, 0.164296, 0.180043, -0.176631, 0.130347, 0.202342, 0.176991, 0.164296, 4.58459, 4.82803, 0, 0
12344, 0.295832, 0.17658, 0.183096, -0.187254, 0.147719, 0.207366, 0.180138, 0.17658, 4.57299, 4.59536, 0, 0
12354, 0.286387, 0.188864, 0.186148, -0.197909, 0.164688, 0.212386, 0.183286, 0.188864, 4.57077, 4.08244, 0, 0
12364, 0.274476, 0.198077, 0.189176, -0.20517, 0.183958, 0.216935, 0.186434, 0.198077, 4.23003, 3.45095, 0, 0
12375, 0.264361, 0.208825, 0.192167, -0.214237, 0.200908, 0.22166, 0.189526, 0.208825, 3.92638, 3.62496, 0, 0
12384, 0.25371, 0.218038, 0.194988, -0.221678, 0.218621, 0.225982, 0.192453, 0.218038, 3.84887, 3.82305, 0, 0
12394, 0.24184, 0.225716, 0.197849, -0.227462, 0.236858, 0.230125, 0.195435, 0.225716, 3.48247, 3.46653, 0, 0
12404, 0.231073, 0.233393, 0.200504, -0.233384, 0.254017, 0.234045, 0.198196, 0.233393, 3.61251, 3.35912, 0, 0
12414, 0.219514, 0.239535, 0.203094, -0.237687, 0.271566, 0.237676, 0.200902, 0.239535, 3.52003, 2.73582, 0, 0
12424, 0.20742, 0.244141, 0.205568, -0.2404, 0.289273, 0.240965, 0.203498, 0.244141, 3.40991, 3.12119, 0, 0
12434, 0.196151, 0.248748, 0.20794, -0.243253, 0.3056, 0.244142, 0.205983, 0.248748, 3.04315, 3.02067, 0, 0
12444, 0.184371, 0.251819, 0.210197, -0.244524, 0.322018, 0.246978, 0.208358, 0.251819, 2.90222, 2.89103, 0, 0
12454, 0.171952, 0.253354, 0.212392, -0.244215, 0.33833, 0.249528, 0.210677, 0.253354, 2.7573, 2.2423, 0, 0
12464, 0.160437, 0.25489, 0.214485, -0.244069, 0.353009, 0.251967, 0.212886, 0.25489, 2.88005, 2.35163, 0, 0
12474, 0.148866, 0.25489, 0.216359, -0.242384, 0.367547, 0.253955, 0.214874, 0.25489, 2.76912, 2.49367, 0, 0
12484, 0.135428, 0.251819, 0.218157, -0.237423, 0.383124, 0.255427, 0.216807, 0.251819, 2.34941, 2.33102, 0, 0
12494, 0.124154, 0.250283, 0.219921, -0.234366, 0.395238, 0.257074, 0.218684, 0.250283, 2.21167, 1.94791, 0, 0
12505, 0.111196, 0.245677, 0.221558, -0.228047, 0.408397, 0.258149, 0.220451, 0.245677, 1.79033, 1.51977, 0, 0
12514, 0.0991048, 0.24107, 0.223149, -0.221917, 0.419449, 0.259168, 0.222163, 0.24107, 2.11751, 1.60453, 0, 0
12524, 0.0870997, 0.234929, 0.22452, -0.214286, 0.429909, 0.259734, 0.223654, 0.234929, 1.71715, 1.44588, 0, 0
12534, 0.075944, 0.228787, 0.225844, -0.206841, 0.438327, 0.260244, 0.22509, 0.228787, 1.58101, 1.30567, 0, 0
12545, 0.0644736, 0.221109, 0.227055, -0.197867, 0.446216, 0.260409, 0.226416, 0.221109, 1.43253, 1.43046, 0, 0
12554, 0.053838, 0.213432, 0.228218, -0.189074, 0.452098, 0.260517, 0.227686, 0.213432, 1.30276, 0.796466, 0, 0
12564, 0.0415852, 0.202683, 0.229255, -0.177035, 0.458816, 0.260047, 0.228845, 0.202683, 0.882109, 0.875504, 0, 0
12574, 0.0319343, 0.193471, 0.230153, -0.16694, 0.461898, 0.259641, 0.229839, 0.193471, 1.00283, 0.769324, 0, 0
12584, 0.0219387, 0.182722, 0.230937, -0.155308, 0.464557, 0.258888, 0.230723, 0.182722, 0.891641, 0.660032, 0, 0
12594, 0.0127467, 0.171974, 0.231673, -0.143849, 0.465306, 0.258076, 0.231551, 0.171974, 0.80167, 0.307285, 0, 0
12604, 0.00339127, 0.15969, 0.232243, -0.130863, 0.465649, 0.256861, 0.232214, 0.15969, 0.706708, 0.462493, 0, 0
12614, -0.00516659, 0.147406, 0.232764, -0.118048, 0.464107, 0.255587, 0.232821, 0.147406, 0.377299, 0.397215, 0, 0
12624, -0.0129836, 0.135122, 0.233238, -0.105392, 0.460846, 0.254254, 0.233374, 0.135122, 0.3093, 0.0898356, 0, 0
12634, -0.0195371, 0.122838, 0.233505, -0.0929183, 0.45602, 0.252697, 0.233705, 0.122838, 0.531552, 0.0627156, 0, 0
12644, -0.0258304, 0.110555, 0.233828, -0.0805515, 0.449806, 0.251193, 0.234092, 0.110555, 0.278727, 0.0481926, 0, 0
12654, -0.0324362, 0.0967353, 0.233983, -0.0666176, 0.443641, 0.249283, 0.234312, 0.0967353, 0.259709, 0.0380419, 0, 0
12664, -0.0372763, 0.0844514, 0.234155, -0.0545206, 0.434675, 0.247608, 0.234533, 0.0844514, 0.034573, -0.18815, 0, 0
12675, -0.0427004, 0.0706321, 0.234212, -0.040824, 0.42602, 0.245583, 0.234644, 0.0706321, 0.044804, -0.167783, 0, 0
12684, -0.0477263, 0.0568128, 0.234272, -0.0272313, 0.416127, 0.243556, 0.234754, 0.0568128, -0.180502, -0.399378, 0, 0
12694, -0.0520083, 0.0429934, 0.234229, -0.01376, 0.405098, 0.241416, 0.234754, 0.0429934, -0.144637, -0.352819, 0, 0
12704, -0.0559614, 0.0291741, 0.23419, -0.000375795, 0.39305, 0.239276, 0.234754, 0.0291741, -0.343823, -0.552487, 0, 0
12713, -0.0596159, 0.0153548, 0.234153, 0.0129287, 0.380067, 0.237134, 0.234754, 0.0153548, -0.544098, -0.752809, 0, 0
12724, -0.0615135, 0.00307096, 0.234079, 0.0244347, 0.364892, 0.235175, 0.234699, 0.00307096, -0.710665, -0.650146, 0, 0
12734, -0.0643666, -0.0107484, 0.23394, 0.0376012, 0.350598, 0.232923, 0.234589, -0.0107484, -0.647137, -0.822753, 0, 0
12744, -0.065504, -0.0230322, 0.233763, 0.048982, 0.334246, 0.230853, 0.234423, -0.0230322, -0.521656, -0.95434, 0, 0
12754, -0.0665333, -0.0353161, 0.233587, 0.0603328, 0.317563, 0.228784, 0.234257, -0.0353161, -0.634686, -1.08803, 0, 0
12764, -0.0672755, -0.0475999, 0.233359, 0.0716455, 0.300576, 0.226661, 0.234036, -0.0475999, -1.00207, -0.681422, 0, 0
12774, -0.0664482, -0.0583483, 0.233092, 0.0812099, 0.28199, 0.224721, 0.23376, -0.0583483, -0.841424, -0.732219, 0, 0
12784, -0.0643551, -0.0675611, 0.232837, 0.0890671, 0.26216, 0.22302, 0.233484, -0.0675611, -0.621843, -1.01326, 0, 0
12794, -0.0622014, -0.076774, 0.232528, 0.096945, 0.242737, 0.221265, 0.233153, -0.076774, -0.376302, -1.04545, 0, 0
12804, -0.0601696, -0.0859869, 0.232217, 0.104856, 0.223702, 0.21951, 0.232821, -0.0859869, -0.627124, -0.808599, 0, 0
12814, -0.0571493, -0.0936643, 0.231971, 0.111096, 0.203688, 0.218049, 0.232545, -0.0936643, -1.12983, -0.524354, 0, 0
12824, -0.0528511, -0.0998062, 0.231683, 0.115663, 0.182977, 0.21677, 0.232214, -0.0998062, -0.862121, -0.443618, 0, 0
12834, -0.0488445, -0.105948, 0.231392, 0.120307, 0.163186, 0.215491, 0.231883, -0.105948, -0.313222, -0.899226, 0, 0
12844, -0.0438157, -0.110555, 0.231112, 0.12331, 0.142907, 0.21445, 0.231551, -0.110555, -0.204863, -0.830763, 0, 0
12854, -0.0391375, -0.115161, 0.230828, 0.126405, 0.123727, 0.213409, 0.23122, -0.115161, -0.355988, -0.495732, 0, 0
12864, -0.0336798, -0.118232, 0.230606, 0.127885, 0.104222, 0.212661, 0.230944, -0.118232, -0.496918, -0.372979, 0, 0
12874, -0.028619, -0.121303, 0.230381, 0.129469, 0.0859559, 0.211912, 0.230668, -0.121303, -0.401987, -0.251404, 0, 0
12884, -0.0241116, -0.124374, 0.230205, 0.131162, 0.0688265, 0.211219, 0.230447, -0.124374, -0.31226, -0.40084, 0, 0
12894, -0.0186429, -0.125909, 0.230039, 0.13123, 0.051394, 0.210762, 0.230226, -0.125909, 0.0731627, -0.542705, 0, 0
12904, -0.0135791, -0.127445, 0.22987, 0.131404, 0.0352306, 0.210305, 0.230005, -0.127445, -0.0399924, -0.16766, 0, 0
12914, -0.00797611, -0.127445, 0.229815, 0.129989, 0.0188985, 0.210194, 0.229895, -0.127445, -0.147797, -0.012404, 0, 0
12924, -0.00133038, -0.125909, 0.229716, 0.126964, 0.00260056, 0.210265, 0.229729, -0.125909, 0.0143132, -0.0908439, 0, 0
12934, 0.0031358, -0.125909, 0.229706, 0.12581, -0.010771, 0.210209, 0.229674, -0.125909, 0.138926, -0.230896, 0, 0
12944, 0.0083437, -0.124374, 0.229758, 0.123052, -0.0243613, 0.210445, 0.229674, -0.124374, 0.0311035, -0.098405, 0, 0
12954, 0.014798, -0.121303, 0.229713, 0.118669, -0.0379534, 0.210807, 0.229563, -0.121303, 0.458497, 0.33972, 0, 0
12964, 0.0203738, -0.118232, 0.229769, 0.114442, -0.0499746, 0.21128, 0.229563, -0.118232, 0.38318, 0.261224, 0, 0
12974, 0.0265947, -0.113626, 0.229886, 0.108635, -0.0619112, 0.212044, 0.229619, -0.113626, 0.311793, 0.452691, 0, 0
12984, 0.0324897, -0.109019, 0.229946, 0.102952, -0.0722348, 0.212754, 0.229619, -0.109019, 0.740828, 0.648678, 0, 0
12994, 0.037719, -0.104413, 0.230054, 0.0974086, -0.081065, 0.213519, 0.229674, -0.104413, 0.92997, 0.575279, 0, 0
13004, 0.0436149, -0.0982707, 0.230223, 0.0902799, -0.0898715, 0.214577, 0.229784, -0.0982707, 0.886477, 0.771668, 0, 0
13015, 0.0490121, -0.0921288, 0.230388, 0.0832822, -0.0971208, 0.215635, 0.229895, -0.0921288, 1.07972, 0.965067, 0, 0
13024, 0.0537621, -0.0859869, 0.230601, 0.0764187, -0.10294, 0.216749, 0.23006, -0.0859869, 1.01246, 1.15869, 0, 0
13034, 0.0590067, -0.0783095, 0.230929, 0.0679775, -0.108793, 0.218211, 0.230336, -0.0783095, 1.19792, 0.833248, 0, 0
13044, 0.0624791, -0.0721676, 0.23124, 0.0613753, -0.11182, 0.219436, 0.230613, -0.0721676, 1.35753, 0.971754, 0, 0
13054, 0.066909, -0.0644902, 0.231561, 0.0531508, -0.115133, 0.2209, 0.230889, -0.0644902, 1.28276, 1.40297, 0, 0
13064, 0.0692564, -0.0583483, 0.231971, 0.0467716, -0.11583, 0.222236, 0.231275, -0.0583483, 1.15058, 1.28434, 0, 0
13074, 0.0726265, -0.0506709, 0.232391, 0.0387521, -0.117029, 0.223811, 0.231662, -0.0506709, 1.53756, 1.16799, 0, 0
13084, 0.0752701, -0.0429934, 0.232914, 0.0308478, -0.117144, 0.225497, 0.232159, -0.0429934, 1.42144, 1.02117, 0, 0
13094, 0.0764973, -0.0368515, 0.233369, 0.0247276, -0.114951, 0.22689, 0.232601, -0.0368515, 1.51647, 1.36133, 0, 0
13104, 0.0788326, -0.0291741, 0.233834, 0.0169452, -0.113512, 0.228521, 0.233042, -0.0291741, 1.37607, 1.48269, 0, 0
13114, 0.0790318, -0.0230322, 0.234442, 0.0109841, -0.109884, 0.23008, 0.23365, -0.0230322, 1.43167, 1.28923, 0, 0
13124, 0.080381, -0.0153548, 0.235063, 0.00334831, -0.107162, 0.231877, 0.234257, -0.0153548, 1.51228, 1.09931, 0, 0
13134, 0.0804009, -0.00921288, 0.235616, -0.0025275, -0.102393, 0.233382, 0.23481, -0.00921288, 1.5619, 1.39568, 0, 0
13145, 0.0801214, -0.00307096, 0.23622, -0.00836007, -0.0972791, 0.234941, 0.235417, -0.00307096, 1.34793, 1.43918, 0, 0
13154, 0.0808455, 0.00460644, 0.236889, -0.0158676, -0.0931963, 0.236794, 0.23608, 0.00460644, 1.39327, 1.23875, 0, 0
13164, 0.0800875, 0.0107484, 0.237545, -0.0216133, -0.08719, 0.238408, 0.236742, 0.0107484, 1.40535, 1.25216, 0, 0
13174, 0.0794497, 0.0168903, 0.238146, -0.0273509, -0.0809645, 0.239968, 0.23735, 0.0168903, 1.67766, 1.26184, 0, 0
13185, 0.0785555, 0.0230322, 0.238799, -0.0330584, -0.0745275, 0.241582, 0.238012, 0.0230322, 1.44992, 1.26917, 0, 0
13194, 0.076309, 0.0276386, 0.239439, -0.0370369, -0.0665737, 0.242959, 0.238675, 0.0276386, 1.42004, 1.23679, 0, 0
13204, 0.0754041, 0.0337806, 0.240093, -0.0427403, -0.0601099, 0.244573, 0.239338, 0.0337806, 1.42197, 1.23759, 0, 0
13214, 0.0731503, 0.038387, 0.240733, -0.0467169, -0.0521333, 0.245949, 0.240001, 0.038387, 1.38806, 1.2041, 0, 0
13224, 0.0709463, 0.0429934, 0.241373, -0.0507052, -0.0443139, 0.247325, 0.240663, 0.0429934, 1.34811, 1.15683, 0, 0
13234, 0.0687889, 0.0475999, 0.242014, -0.054706, -0.0366406, 0.248701, 0.241326, 0.0475999, 1.30711, 1.11634, 0, 0
13244, 0.0670552, 0.0522063, 0.24255, -0.0587427, -0.0291012, 0.249966, 0.241878, 0.0522063, 1.53059, 1.07935, 0, 0
13254, 0.0636834, 0.0552773, 0.243178, -0.0610504, -0.0203264, 0.251104, 0.242541, 0.0552773, 1.21678, 1.2669, 0, 0
13264, 0.0606377, 0.0583483, 0.243755, -0.0634057, -0.0119887, 0.252187, 0.243148, 0.0583483, 1.14008, 1.20997, 0, 0
13274, 0.0575281, 0.0614192, 0.244386, -0.0657821, -0.00404195, 0.253325, 0.243811, 0.0614192, 1.05563, 0.87771, 0, 0
13284, 0.0536234, 0.0629547, 0.2449, -0.0665013, 0.00486883, 0.254115, 0.244363, 0.0629547, 1.20774, 0.768294, 0, 0
13294, 0.0510281, 0.0660257, 0.24548, -0.0689744, 0.011806, 0.255197, 0.244971, 0.0660257, 1.14125, 0.945383, 0, 0
13304, 0.0476081, 0.0675611, 0.245944, -0.0697841, 0.0198008, 0.255932, 0.245468, 0.0675611, 1.05247, 1.12182, 0, 0
13314, 0.0428846, 0.0675611, 0.246448, -0.0689138, 0.0285788, 0.256484, 0.24602, 0.0675611, 0.667151, 1.01417, 0, 0
13324, 0.0399106, 0.0690966, 0.246915, -0.0698389, 0.0351804, 0.257218, 0.246517, 0.0690966, 1.07007, 0.674481, 0, 0
13334, 0.0357869, 0.0690966, 0.247371, -0.0690901, 0.0426768, 0.257715, 0.247014, 0.0690966, 0.962274, 0.541496, 0, 0
13344, 0.0320843, 0.0690966, 0.247776, -0.0684136, 0.0494489, 0.258157, 0.247456, 0.0690966, 0.858276, 0.680645, 0, 0
13355, 0.0285927, 0.0690966, 0.248182, -0.067793, 0.0555666, 0.258599, 0.247897, 0.0690966, 0.495259, 0.842242, 0, 0
13364, 0.0252926, 0.0690966, 0.248591, -0.0672236, 0.061084, 0.259041, 0.248339, 0.0690966, 0.622548, 0.485706, 0, 0
13374, 0.0225495, 0.0690966, 0.248895, -0.0667256, 0.0660506, 0.259372, 0.248671, 0.0690966, 0.776163, 0.646749, 0, 0
13384, 0.0188617, 0.0675611, 0.249135, -0.064568, 0.0718702, 0.259411, 0.248947, 0.0675611, 0.926991, 0.536229, 0, 0
13394, 0.0152251, 0.0660257, 0.249429, -0.0624607, 0.0769373, 0.259505, 0.249278, 0.0660257, 0.576142, 0.419585, 0, 0
13404, 0.0131038, 0.0660257, 0.249739, -0.0621265, 0.0799661, 0.259836, 0.249609, 0.0660257, 0.492323, 0.335087, 0, 0
13414, 0.00907272, 0.0629547, 0.249865, -0.0584318, 0.0853408, 0.259527, 0.249775, 0.0629547, 0.615986, 0.465306, 0, 0
13424, 0.006437, 0.0614192, 0.250059, -0.0565123, 0.0884763, 0.25951, 0.249996, 0.0614192, 0.525168, 0.640674, 0, 0
13434, 0.0041573, 0.0598837, 0.250202, -0.054651, 0.0910897, 0.259438, 0.250162, 0.0598837, 0.698636, 0.308516, 0, 0
13444, 0.000544965, 0.0568128, 0.250386, -0.0511041, 0.094572, 0.259184, 0.250382, 0.0568128, 0.343451, 0.18783, 0, 0
13454, -0.00115287, 0.0552773, 0.25048, -0.049358, 0.0959579, 0.259057, 0.250493, 0.0552773, 0.516134, 0.368903, 0, 0
13464, -0.00402606, 0.0522063, 0.250562, -0.0459308, 0.0983241, 0.258692, 0.250603, 0.0522063, 0.423788, 0.274906, 0, 0
13474, -0.00779527, 0.0475999, 0.25058, -0.0408561, 0.101379, 0.258034, 0.250659, 0.0475999, 0.30714, 0.421155, 0, 0
13485, -0.0101724, 0.0445289, 0.250665, -0.0375578, 0.102195, 0.257669, 0.250769, 0.0445289, 0.213052, 0.0829486, 0, 0
13494, -0.0121939, 0.041458, 0.250701, -0.0343178, 0.102489, 0.257248, 0.250824, 0.041458, 0.378816, -0.0108717, 0, 0
13504, -0.0138746, 0.038387, 0.250684, -0.0311298, 0.102319, 0.256773, 0.250824, 0.038387, 0.314438, 0.169689, 0, 0
13514, -0.0167138, 0.0337806, 0.250656, -0.026264, 0.103068, 0.256059, 0.250824, 0.0337806, 0.219456, 0.0731668, 0, 0
13523, -0.0180364, 0.0307096, 0.250642, -0.0231696, 0.101781, 0.255584, 0.250824, 0.0307096, 0.15422, 0.00773433, 0, 0
13534, -0.0205477, 0.0261032, 0.250617, -0.0183913, 0.101504, 0.25487, 0.250824, 0.0261032, 0.0584047, -0.0891494, 0, 0
13544, -0.0215696, 0.0230322, 0.250607, -0.0153772, 0.0992743, 0.254394, 0.250824, 0.0230322, -0.00762942, -0.154948, 0, 0
13554, -0.0236143, 0.0184258, 0.250531, -0.0106848, 0.098133, 0.253625, 0.250769, 0.0184258, 0.15923, -0.24758, 0, 0
13564, -0.0256774, 0.0138193, 0.25051, -0.00602422, 0.0964567, 0.252911, 0.250769, 0.0138193, -0.173852, -0.344738, 0, 0
13574, -0.0260982, 0.0107484, 0.250451, -0.00313197, 0.0929414, 0.25238, 0.250714, 0.0107484, 0.0200844, -0.406211, 0, 0
13584, -0.0279586, 0.00614192, 0.250432, 0.00147307, 0.0906324, 0.251666, 0.250714, 0.00614192, -0.31097, -0.503418, 0, 0
13594, -0.0292968, 0.00153548, 0.250309, 0.00601697, 0.0878728, 0.250841, 0.250603, 0.00153548, -0.143214, -0.326657, 0, 0
13604, -0.0305061, -0.00307096, 0.250186, 0.0105272, 0.0847219, 0.250017, 0.250493, -0.00307096, -0.206579, -0.389957, 0, 0
13614, -0.0317914, -0.0076774, 0.250117, 0.0150192, 0.0812121, 0.249248, 0.250438, -0.0076774, -0.535537, -0.459971, 0, 0
13624, -0.0314866, -0.0107484, 0.25001, 0.0177567, 0.0760265, 0.248661, 0.250327, -0.0107484, -0.337106, -0.496689, 0, 0
13634, -0.0324788, -0.0153548, 0.24989, 0.0222075, 0.0721968, 0.247837, 0.250217, -0.0153548, -0.402454, -0.561777, 0, 0
13644, -0.0320827, -0.0184258, 0.249783, 0.024921, 0.0667311, 0.247251, 0.250106, -0.0184258, -0.434693, -0.592521, 0, 0
13655, -0.0315101, -0.0214967, 0.249624, 0.0276244, 0.0613099, 0.246609, 0.249941, -0.0214967, -0.466932, -0.352948, 0, 0
13664, -0.0309529, -0.0245677, 0.249464, 0.0303322, 0.0559431, 0.245967, 0.249775, -0.0245677, -0.23444, -0.625957, 0, 0
13674, -0.0304117, -0.0276386, 0.249304, 0.0330444, 0.0506262, 0.245326, 0.249609, -0.0276386, -0.49887, -0.387568, 0, 0
13684, -0.0287831, -0.0291741, 0.249209, 0.0340594, 0.0440206, 0.244978, 0.249499, -0.0291741, -0.50034, -0.629958, 0, 0
13694, -0.0281801, -0.0322451, 0.248996, 0.0367917, 0.0391023, 0.244281, 0.249278, -0.0322451, -0.26614, -0.385737, 0, 0
13704, -0.0264803, -0.0337806, 0.248846, 0.0378266, 0.0328758, 0.243877, 0.249112, -0.0337806, -0.236393, -0.621945, 0, 0
13714, -0.0248884, -0.0353161, 0.248697, 0.0388885, 0.0269828, 0.243474, 0.248947, -0.0353161, -0.469618, -0.349158, 0, 0
13724, -0.0235851, -0.0368515, 0.248599, 0.0399888, 0.0213973, 0.243126, 0.248836, -0.0368515, -0.465043, -0.588404, 0, 0
13734, -0.0206968, -0.0368515, 0.248408, 0.0393744, 0.0147475, 0.242905, 0.248615, -0.0368515, -0.166614, -0.275734, 0, 0
13744, -0.0194769, -0.038387, 0.248254, 0.0405343, 0.0100266, 0.242501, 0.24845, -0.038387, -0.132796, -0.511088, 0, 0
13754, -0.0170347, -0.038387, 0.248113, 0.0400009, 0.00418373, 0.242335, 0.248284, -0.038387, -0.331744, -0.203707, 0, 0
13764, -0.0151377, -0.038387, 0.248076, 0.0395344, -0.00114317, 0.24228, 0.248229, -0.038387, -0.297165, -0.68058, 0, 0
13774, -0.013198, -0.038387, 0.247986, 0.0390942, -0.00601876, 0.24217, 0.248118, -0.038387, -0.260065, -0.396092, 0, 0
13784, -0.0113927, -0.038387, 0.247894, 0.0386902, -0.0104686, 0.242059, 0.248008, -0.038387, -0.224733, -0.359311, 0, 0
13794, -0.00933099, -0.038387, 0.247695, 0.038295, -0.0145277, 0.241838, 0.247787, -0.038387, 0.0816407, -0.0425536, 0, 0
13804, -0.00776869, -0.038387, 0.247599, 0.0379566, -0.0182044, 0.241728, 0.247677, -0.038387, -0.11221, -0.244455, 0, 0
13814, -0.0052126, -0.0368515, 0.247569, 0.0359454, -0.0228885, 0.241911, 0.247621, -0.0368515, -0.304539, -0.175959, 0, 0
13824, -0.00414538, -0.0368515, 0.247525, 0.035698, -0.0256272, 0.241855, 0.247566, -0.0368515, -0.0312179, -0.406148, 0, 0
13834, -0.00186259, -0.0353161, 0.247492, 0.0337594, -0.0294611, 0.242038, 0.247511, -0.0353161, 0.0364354, -0.359095, 0, 0
13844, 5.76973e-05, -0.0337806, 0.247511, 0.0318774, -0.0327545, 0.242276, 0.247511, -0.0337806, -0.158708, -0.31627, 0, 0
13854, 0.000909388, -0.0337806, 0.247411, 0.0317257, -0.0342275, 0.242165, 0.2474, -0.0337806, 0.120351, -0.0304869, 0, 0
13864, 0.00281942, -0.0322451, 0.247374, 0.0298869, -0.0368883, 0.242348, 0.247345, -0.0322451, -0.0693569, 0.0421352, 0, 0
13874, 0.00439584, -0.0307096, 0.247389, 0.0280967, -0.0391051, 0.242586, 0.247345, -0.0307096, -0.0266204, -0.159673, 0, 0
13884, 0.00732654, -0.0276386, 0.247364, 0.0246149, -0.0422595, 0.243007, 0.24729, -0.0276386, 0.30748, -0.0798604, 0, 0
13894, 0.0085535, -0.0261032, 0.247376, 0.0229164, -0.0433806, 0.243244, 0.24729, -0.0261032, 0.117259, -0.0354914, 0, 0
13904, 0.00967979, -0.0245677, 0.247388, 0.0212459, -0.0441934, 0.243482, 0.24729, -0.0245677, 0.161182, 0.0088876, 0, 0
13914, 0.0107163, -0.0230322, 0.247398, 0.0195994, -0.044725, 0.24372, 0.24729, -0.0230322, 0.205305, 0.0533384, 0, 0
13924, 0.0129628, -0.0199612, 0.247421, 0.0162617, -0.0463332, 0.244196, 0.24729, -0.0199612, 0.279923, 0.129188, 0, 0
13934, 0.0137386, -0.0184258, 0.247429, 0.0146832, -0.0460475, 0.244434, 0.24729, -0.0184258, 0.324658, 0.173878, 0, 0
13944, 0.0157452, -0.0153548, 0.247449, 0.0114095, -0.0469041, 0.24491, 0.24729, -0.0153548, 0.39984, 0.249947, 0, 0
13954, 0.0163009, -0.0138193, 0.247455, 0.0098897, -0.0459287, 0.245148, 0.24729, -0.0138193, 0.44511, 0.294857, 0, 0
13964, 0.0181053, -0.0107484, 0.247473, 0.00666991, -0.0461526, 0.245624, 0.24729, -0.0107484, 0.520795, 0.371141, 0, 0
13974, 0.0184756, -0.00921288, 0.247477, 0.00519963, -0.0445965, 0.245862, 0.24729, -0.00921288, 0.566551, 0.41627, 0, 0
13984, 0.0201098, -0.00614192, 0.247493, 0.00202524, -0.0442876, 0.246338, 0.24729, -0.00614192, 0.642701, 0.492773, 0, 0
13995, 0.0201336, -0.00460644, 0.247548, 0.000608893, -0.0422426, 0.246631, 0.247345, -0.00460644, 0.425464, 0.533504, 0, 0
14004, 0.0201437, -0.00307096, 0.247603, -0.000802637, -0.0401624, 0.246924, 0.2474, -0.00307096, 0.703285, 0.306253, 0, 0
14014, 0.021246, 0, 0.247724, -0.0039125, -0.039386, 0.247511, 0.247511, 0, 0.513995, 0.353816, 0, 0
14024, 0.0211367, 0.00153548, 0.247779, -0.00529406, -0.036936, 0.247804, 0.247566, 0.00153548, 0.529957, 0.636782, 0, 0
14034, 0.0210282, 0.00307096, 0.247833, -0.00667395, -0.0344844, 0.248097, 0.247621, 0.00307096, 0.807049, 0.408657, 0, 0
14044, 0.0207293, 0.00460644, 0.24794, -0.00804153, -0.0320326, 0.248446, 0.247732, 0.00460644, 0.584127, 0.424024, 0, 0
14054, 0.0204324, 0.00614192, 0.248048, -0.00941, -0.0295925, 0.248794, 0.247842, 0.00614192, 0.599585, 0.436386, 0, 0
14064, 0.0188465, 0.00614192, 0.248142, -0.00906615, -0.0258288, 0.248905, 0.247953, 0.00614192, 0.579258, 0.414236, 0, 0
14074, 0.0186588, 0.0076774, 0.24825, -0.0104622, -0.0237323, 0.249253, 0.248063, 0.0076774, 0.590832, 0.425265, 0, 0
14084, 0.0184664, 0.00921288, 0.248359, -0.0118586, -0.0216201, 0.249602, 0.248174, 0.00921288, 0.604501, 0.438483, 0, 0
14094, 0.0169764, 0.00921288, 0.248454, -0.0115404, -0.0181571, 0.249712, 0.248284, 0.00921288, 0.584988, 0.41741, 0, 0
14104, 0.0168767, 0.0107484, 0.248564, -0.0129599, -0.0163366, 0.25006, 0.248394, 0.0107484, 0.592433, 0.424381, 0, 0
14114, 0.0154728, 0.0107484, 0.24866, -0.0126646, -0.0131429, 0.250171, 0.248505, 0.0107484, 0.571457, 0.401999, 0, 0
14124, 0.0154521, 0.0122838, 0.24877, -0.0141053, -0.0115695, 0.250519, 0.248615, 0.0122838, 0.582629, 0.41034, 0, 0
14134, 0.0143111, 0.0122838, 0.248815, -0.0138416, -0.00860258, 0.250574, 0.248671, 0.0122838, 0.565125, 0.659185, 0, 0
14144, 0.0130624, 0.0122838, 0.248912, -0.0135858, -0.00589071, 0.250685, 0.248781, 0.0122838, 0.54017, 0.389794, 0, 0
14154, 0.0120813, 0.0122838, 0.248958, -0.0133633, -0.00342625, 0.25074, 0.248836, 0.0122838, 0.78027, 0.370045, 0, 0
14164, 0.0109804, 0.0122838, 0.249057, -0.013147, -0.00117704, 0.250851, 0.248947, 0.0122838, 0.520222, 0.348107, 0, 0
14174, 0.00994444, 0.0122838, 0.249157, -0.0129483, 0.00086289, 0.250961, 0.249057, 0.0122838, 0.4958, 0.320413, 0, 0
14184, 0.0091604, 0.0122838, 0.249204, -0.0127783, 0.00271067, 0.251016, 0.249112, 0.0122838, 0.477753, 0.566914, 0, 0
14194, 0.00824004, 0.0122838, 0.249305, -0.0126102, 0.00439403, 0.251127, 0.249223, 0.0122838, 0.449951, 0.295196, 0, 0
14204, 0.00736994, 0.0122838, 0.249407, -0.0124558, 0.00591475, 0.251237, 0.249333, 0.0122838, 0.423806, 0.268506, 0, 0
14214, 0.00673795, 0.0122838, 0.249456, -0.0123264, 0.0072861, 0.251292, 0.249388, 0.0122838, 0.660434, 0.24585, 0, 0
14224, 0.00485533, 0.0107484, 0.249492, -0.0104945, 0.00986694, 0.25111, 0.249444, 0.0107484, 0.630088, 0.194297, 0, 0
14234, 0.00440425, 0.0107484, 0.249543, -0.0104115, 0.0106758, 0.251165, 0.249499, 0.0107484, 0.370482, 0.436249, 0, 0
14244, 0.00397933, 0.0107484, 0.249594, -0.010337, 0.0114044, 0.25122, 0.249554, 0.0107484, 0.349511, 0.434744, 0, 0
14254, 0.00376785, 0.0107484, 0.249592, -0.010281, 0.012061, 0.25122, 0.249554, 0.0107484, 0.586693, 0.437564, 0, 0
14264, 0.00338501, 0.0107484, 0.249643, -0.0102174, 0.0126633, 0.251275, 0.249609, 0.0107484, 0.585431, 0.170784, 0, 0
14274, 0.0017277, 0.00921288, 0.249682, -0.00844562, 0.0145387, 0.251093, 0.249665, 0.00921288, 0.553503, 0.112863, 0, 0
14284, 0.00148332, 0.00921288, 0.249734, -0.00841776, 0.0147003, 0.251148, 0.24972, 0.00921288, 0.292339, 0.356037, 0, 0
14294, 0.0014385, 0.00921288, 0.249734, -0.00840615, 0.0148349, 0.251148, 0.24972, 0.00921288, 0.530681, 0.357912, 0, 0
14304, 0.000106633, 0.0076774, 0.249721, -0.0066824, 0.016293, 0.25091, 0.24972, 0.0076774, 0.502398, 0.328503, 0, 0
14314, -1.7345e-05, 0.0076774, 0.249774, -0.00668628, 0.0160837, 0.250965, 0.249775, 0.0076774, 0.243328, 0.325711, 0, 0
14324, -0.00143641, 0.00614192, 0.249815, -0.00497813, 0.0172128, 0.250782, 0.24983, 0.00614192, 0.444011, 0.0235792, 0, 0
14333, -0.00127161, 0.00614192, 0.249817, -0.00502091, 0.0166896, 0.250782, 0.24983, 0.00614192, 0.444934, 0.270353, 0, 0
14344, -0.00111777, 0.00614192, 0.249819, -0.00506196, 0.0162077, 0.250782, 0.24983, 0.00614192, 0.445937, 0.271542, 0, 0
14354, -0.00226903, 0.00460644, 0.249807, -0.00338639, 0.0171003, 0.250544, 0.24983, 0.00460644, 0.416654, 0.241406, 0, 0
14364, -0.00203693, 0.00460644, 0.24981, -0.00344677, 0.016372, 0.250544, 0.24983, 0.00460644, 0.41745, 0.242501, 0, 0
14374, -0.00311548, 0.00307096, 0.249799, -0.00179061, 0.0170368, 0.250306, 0.24983, 0.00307096, 0.38799, 0.212292, 0, 0
14384, -0.00281662, 0.00307096, 0.249802, -0.00186879, 0.0160996, 0.250306, 0.24983, 0.00307096, 0.388618, 0.213314, 0, 0
14394, -0.00254148, 0.00307096, 0.249805, -0.0019422, 0.015238, 0.250306, 0.24983, 0.00307096, 0.389302, 0.214359, 0, 0
14404, -0.00358146, 0.00153548, 0.249794, -0.000296325, 0.015782, 0.250068, 0.24983, 0.00153548, 0.359713, 0.184077, 0, 0
14414, -0.00324726, 0.00153548, 0.249797, -0.00038395, 0.014734, 0.250068, 0.24983, 0.00153548, 0.360216, 0.185026, 0, 0
14424, -0.00423211, 0, 0.249788, 0.00124722, 0.0151054, 0.24983, 0.24983, 0, 0.330474, 0.154671, 0, 0
14434, -0.0038473, 0, 0.249791, 0.00114609, 0.013899, 0.24983, 0.24983, 0, 0.330831, 0.155547, 0, 0
14444, -0.00478578, -0.00153548, 0.249782, 0.00276488, 0.014125, 0.249592, 0.24983, -0.00153548, 0.300948, 0.125118, 0, 0
14454, -0.00435835, -0.00153548, 0.249786, 0.00265239, 0.0127852, 0.249592, 0.24983, -0.00153548, 0.301171, 0.125921, 0, 0
14464, -0.00525767, -0.00307096, 0.249777, 0.00426074, 0.0128888, 0.249354, 0.24983, -0.00307096, 0.27116, 0.0954206, 0, 0
14474, -0.00479448, -0.00307096, 0.249782, 0.00413869, 0.0114366, 0.249354, 0.24983, -0.00307096, 0.271255, 0.0961488, 0, 0
14484, -0.00436842, -0.00307096, 0.249786, 0.00402501, 0.0101026, 0.249354, 0.24983, -0.00307096, 0.271428, 0.0969018, 0, 0
14494, -0.00527, -0.00460644, 0.249777, 0.00563396, 0.0102131, 0.249116, 0.24983, -0.00460644, 0.241343, 0.0663262, 0, 0
14503, -0.00480878, -0.00460644, 0.249782, 0.00551244, 0.00876728, 0.249116, 0.24983, -0.00460644, 0.241366, 0.0669821, 0, 0
14514, -0.00438458, -0.00460644, 0.249786, 0.00539926, 0.00743901, 0.249116, 0.24983, -0.00460644, 0.241467, 0.0676617, 0, 0
14524, -0.00399542, -0.00460644, 0.24979, 0.00529542, 0.00622023, 0.249116, 0.24983, -0.00460644, 0.241613, 0.0683389, 0, 0
14534, -0.00493068, -0.00614192, 0.249781, 0.00691336, 0.00643653, 0.248878, 0.24983, -0.00614192, 0.211503, 0.037692, 0, 0
14544, -0.00450051, -0.00614192, 0.249785, 0.00680012, 0.00508779, 0.248878, 0.24983, -0.00614192, 0.211493, 0.0382727, 0, 0
14554, -0.00391436, -0.00614192, 0.249736, 0.00668225, 0.00384859, 0.248823, 0.249775, -0.00614192, 0.474993, 0.0434932, 0, 0
14564, -0.00355327, -0.00614192, 0.249739, 0.00658625, 0.00272341, 0.248823, 0.249775, -0.00614192, 0.239088, 0.0444289, 0, 0
14574, -0.0032236, -0.00614192, 0.249742, 0.00649829, 0.00169109, 0.248823, 0.249775, -0.00614192, 0.239543, 0.0453243, 0, 0
14584, -0.00273073, -0.00614192, 0.249693, 0.0064053, 0.000743849, 0.248768, 0.24972, -0.00614192, 0.244499, 0.318535, 0, 0
14594, -0.00245512, -0.00614192, 0.249695, 0.00633212, -0.000113436, 0.248768, 0.24972, -0.00614192, 0.24537, 0.0741154, 0, 0
14604, -0.00220394, -0.00614192, 0.249698, 0.0062651, -0.000899936, 0.248768, 0.24972, -0.00614192, 0.246232, 0.0753009, 0, 0
14614, -0.00197351, -0.00614192, 0.2497, 0.00620361, -0.00162161, 0.248768, 0.24972, -0.00614192, 0.247122, 0.0764853, 0, 0
14624, -0.00176203, -0.00614192, 0.249702, 0.00614719, -0.00228381, 0.248768, 0.24972, -0.00614192, 0.24804, 0.0776703, 0, 0
14633, -0.00156802, -0.00614192, 0.249704, 0.00609542, -0.00289143, 0.248768, 0.24972, -0.00614192, 0.248981, 0.0788544, 0, 0
14644, -0.00138998, -0.00614192, 0.249706, 0.00604791, -0.00344897, 0.248768, 0.24972, -0.00614192, 0.249945, 0.0800386, 0, 0
14654, -0.0012266, -0.00614192, 0.249707, 0.00600432, -0.00396055, 0.248768, 0.24972, -0.00614192, 0.250929, 0.081223, 0, 0
14664, -0.0010767, -0.00614192, 0.249709, 0.00596432, -0.00442998, 0.248768, 0.24972, -0.00614192, 0.251933, 0.0824071, 0, 0
14673, -0.00093919, -0.00614192, 0.24971, 0.00592763, -0.00486071, 0.248768, 0.24972, -0.00614192, 0.252952, 0.0835901, 0, 0
14684, 0.000479519, -0.00460644, 0.249725, 0.0041807, -0.00659058, 0.249006, 0.24972, -0.00460644, 0.284295, 0.116101, 0, 0
14694, 0.000492752, -0.00460644, 0.249725, 0.00417562, -0.00663066, 0.249006, 0.24972, -0.00460644, 0.285587, 0.11738, 0, 0
14704, 0.000503957, -0.00460644, 0.249725, 0.00417262, -0.00666582, 0.249006, 0.24972, -0.00460644, 0.286858, 0.118635, 0, 0
14714, 0.000514269, -0.00460644, 0.249725, 0.00416987, -0.00669808, 0.249006, 0.24972, -0.00460644, 0.288132, 0.119892, 0, 0
14724, 0.000523746, -0.00460644, 0.249725, 0.00416735, -0.00672768, 0.249006, 0.24972, -0.00460644, 0.289407, 0.121148, 0, 0
14734, 0.000532448, -0.00460644, 0.249725, 0.00416503, -0.00675484, 0.249006, 0.24972, -0.00460644, 0.290684, 0.122405, 0, 0
14744, 0.000540376, -0.00460644, 0.249725, 0.00416291, -0.00677975, 0.249006, 0.24972, -0.00460644, 0.29196, 0.12366, 0, 0
14754, 0.000547707, -0.00460644, 0.249725, 0.00416096, -0.00680262, 0.249006, 0.24972, -0.00460644, 0.293238, 0.124917, 0, 0
14764, 0.000554383, -0.00460644, 0.249725, 0.00415918, -0.0068236, 0.249006, 0.24972, -0.00460644, 0.294516, 0.126172, 0, 0
14774, 0.000560522, -0.00460644, 0.249725, 0.00415754, -0.00684285, 0.249006, 0.24972, -0.00460644, 0.295796, 0.127428, 0, 0
14784, 0.00185859, -0.00307096, 0.249738, 0.00244279, -0.00819516, 0.249244, 0.24972, -0.00307096, 0.32738, 0.16001, 0, 0
14794, 0.0017612, -0.00307096, 0.249738, 0.00246723, -0.00788879, 0.249244, 0.24972, -0.00307096, 0.328902, 0.161361, 0, 0
14803, 0.0016709, -0.00307096, 0.249737, 0.00249132, -0.00760606, 0.249244, 0.24972, -0.00307096, 0.330391, 0.162689, 0, 0
14814, 0.00158811, -0.00307096, 0.249736, 0.00251342, -0.00734663, 0.249244, 0.24972, -0.00307096, 0.331871, 0.164019, 0, 0
14824, 0.00151205, -0.00307096, 0.249735, 0.0025337, -0.00710858, 0.249244, 0.24972, -0.00307096, 0.333339, 0.165347, 0, 0
14834, 0.00144237, -0.00307096, 0.249734, 0.00255231, -0.00689015, 0.249244, 0.24972, -0.00307096, 0.334802, 0.166677, 0, 0
14843, 0.00137836, -0.00307096, 0.249734, 0.00256939, -0.00668972, 0.249244, 0.24972, -0.00307096, 0.336254, 0.168006, 0, 0
14854, 0.00131953, -0.00307096, 0.249733, 0.00258506, -0.0065058, 0.249244, 0.24972, -0.00307096, 0.337697, 0.169332, 0, 0
14864, 0.00126565, -0.00307096, 0.249733, 0.00259944, -0.00633706, 0.249244, 0.24972, -0.00307096, 0.339136, 0.170661, 0, 0
14874, 0.00121623, -0.00307096, 0.249732, 0.00261263, -0.00618222, 0.249244, 0.24972, -0.00307096, 0.340569, 0.17199, 0, 0
14884, 0.00117087, -0.00307096, 0.249732, 0.00262474, -0.00604014, 0.249244, 0.24972, -0.00307096, 0.341995, 0.17332, 0, 0
14894, 0.00112921, -0.00307096, 0.249731, 0.00263585, -0.00590977, 0.249244, 0.24972, -0.00307096, 0.343416, 0.174648, 0, 0
14904, 0.001091, -0.00307096, 0.249731, 0.00264604, -0.00579015, 0.249244, 0.24972, -0.00307096, 0.344832, 0.175977, 0, 0
14914, 0.00105602, -0.00307096, 0.24973, 0.00265539, -0.00568038, 0.249244, 0.24972, -0.00307096, 0.346246, 0.177307, 0, 0
14924, 0.00102383, -0.00307096, 0.24973, 0.00266397, -0.00557966, 0.249244, 0.24972, -0.00307096, 0.347654, 0.178636, 0, 0
14934, 0.000994325, -0.00307096, 0.24973, 0.00267185, -0.00548724, 0.249244, 0.24972, -0.00307096, 0.349058, 0.179965, 0, 0
14944, 0.000967264, -0.00307096, 0.24973, 0.00267907, -0.00540244, 0.249244, 0.24972, -0.00307096, 0.35046, 0.181294, 0, 0
14954, 0.000942469, -0.00307096, 0.249729, 0.0026857, -0.00532463, 0.249244, 0.24972, -0.00307096, 0.351859, 0.182625, 0, 0
14964, 0.00091958, -0.00307096, 0.249729, 0.00269179, -0.00525323, 0.249244, 0.24972, -0.00307096, 0.353252, 0.183952, 0, 0
14973, 0.000898659, -0.00307096, 0.249729, 0.00269737, -0.00518771, 0.249244, 0.24972, -0.00307096, 0.354644, 0.185281, 0, 0
14984, 0.000879467, -0.00307096, 0.249729, 0.00270249, -0.0051276, 0.249244, 0.24972, -0.00307096, 0.356034, 0.186611, 0, 0
14994, 0.000861824, -0.00307096, 0.249729, 0.00270719, -0.00507244, 0.249244, 0.24972, -0.00307096, 0.357422, 0.187939, 0, 0
15004, 0.000845671, -0.00307096, 0.249728, 0.00271151, -0.00502183, 0.249244, 0.24972, -0.00307096, 0.358808, 0.189268, 0, 0
15013, 0.000830829, -0.00307096, 0.249728, 0.00271546, -0.00497539, 0.249244, 0.24972, -0.00307096, 0.360191, 0.190597, 0, 0
15024, 0.000817239, -0.00307096, 0.249728, 0.00271909, -0.00493278, 0.249244, 0.24972, -0.00307096, 0.361574, 0.191927, 0, 0
15034, 0.000804782, -0.00307096, 0.249728, 0.00272242, -0.00489368, 0.249244, 0.24972, -0.00307096, 0.362955, 0.193257, 0, 0
15044, 0.000793338, -0.00307096, 0.249728, 0.00272548, -0.0048578, 0.249244, 0.24972, -0.00307096, 0.364335, 0.194587, 0, 0
15054, 0.000782847, -0.00307096, 0.249728, 0.00272828, -0.00482487, 0.249244, 0.24972, -0.00307096, 0.365713, 0.195916, 0, 0
15064, 0.000773191, -0.00307096, 0.249728, 0.00273086, -0.00479466, 0.249244, 0.24972, -0.00307096, 0.36709, 0.197246, 0, 0
15074, 0.00076431, -0.00307096, 0.249728, 0.00273322, -0.00476694, 0.249244, 0.24972, -0.00307096, 0.368465, 0.198574, 0, 0
15084, 0.000756204, -0.00307096, 0.249727, 0.00273539, -0.00474151, 0.249244, 0.24972, -0.00307096, 0.369839, 0.199904, 0, 0
15094, 0.000748754, -0.00307096, 0.249727, 0.00273738, -0.00471817, 0.249244, 0.24972, -0.00307096, 0.371213, 0.201233, 0, 0
15104, 0.000741899, -0.00307096, 0.249727, 0.0027392, -0.00469675, 0.249244, 0.24972, -0.00307096, 0.372586, 0.202562, 0, 0
15114, 0.000735641, -0.00307096, 0.249727, 0.00274088, -0.0046771, 0.249244, 0.24972, -0.00307096, 0.373958, 0.203892, 0, 0
15124, 0.000729859, -0.00307096, 0.249727, 0.00274241, -0.00465907, 0.249244, 0.24972, -0.00307096, 0.375329, 0.205221, 0, 0
15134, 0.000724554, -0.00307096, 0.249727, 0.00274382, -0.00464253, 0.249244, 0.24972, -0.00307096, 0.376699, 0.20655, 0, 0
15143, 0.000719726, -0.00307096, 0.249727, 0.00274512, -0.00462735, 0.249244, 0.24972, -0.00307096, 0.378069, 0.20788, 0, 0
15154, 0.000715256, -0.00307096, 0.249727, 0.0027463, -0.00461342, 0.249244, 0.24972, -0.00307096, 0.379438, 0.209208, 0, 0
15164, 0.000711203, -0.00307096, 0.249727, 0.00274739, -0.00460064, 0.249244, 0.24972, -0.00307096, 0.380808, 0.210538, 0, 0
15174, 0.000707448, -0.00307096, 0.249727, 0.00274839, -0.00458892, 0.249244, 0.24972, -0.00307096, 0.382176, 0.211867, 0, 0
15184, 0.00070405, -0.00307096, 0.249727, 0.00274931, -0.00457815, 0.249244, 0.24972, -0.00307096, 0.383545, 0.213198, 0, 0
15194, 0.000700891, -0.00307096, 0.249727, 0.00275015, -0.00456828, 0.249244, 0.24972, -0.00307096, 0.384912, 0.214527, 0, 0
15204, 0.00069797, -0.00307096, 0.249727, 0.00275092, -0.00455922, 0.249244, 0.24972, -0.00307096, 0.386279, 0.215856, 0, 0
15214, 0.000695288, -0.00307096, 0.249727, 0.00275163, -0.0045509, 0.249244, 0.24972, -0.00307096, 0.387645, 0.217185, 0, 0
15224, 0.000692904, -0.00307096, 0.249727, 0.00275228, -0.00454328, 0.249244, 0.24972, -0.00307096, 0.389013, 0.218515, 0, 0
15234, 0.000690639, -0.00307096, 0.249727, 0.00275288, -0.00453628, 0.249244, 0.24972, -0.00307096, 0.390379, 0.219844, 0, 0
15244, 0.000688612, -0.00307096, 0.249727, 0.00275342, -0.00452985, 0.249244, 0.24972, -0.00307096, 0.391745, 0.221174, 0, 0
15254, 0.000686705, -0.00307096, 0.249727, 0.00275393, -0.00452396, 0.249244, 0.24972, -0.00307096, 0.393111, 0.222503, 0, 0
15264, 0.000684977, -0.00307096, 0.249727, 0.00275439, -0.00451855, 0.249244, 0.24972, -0.00307096, 0.394476, 0.223832, 0, 0
15273, 0.000683427, -0.00307096, 0.249727, 0.00275481, -0.00451359, 0.249244, 0.24972, -0.00307096, 0.395843, 0.225162, 0, 0
15284, 0.000681937, -0.00307096, 0.249727, 0.0027552, -0.00450904, 0.249244, 0.24972, -0.00307096, 0.397207, 0.226491, 0, 0
15294, 0.000680625, -0.00307096, 0.249727, 0.00275555, -0.00450486, 0.249244, 0.24972, -0.00307096, 0.398573, 0.227821, 0, 0
15304, 0.000679374, -0.00307096, 0.249727, 0.00275588, -0.00450103, 0.249244, 0.24972, -0.00307096, 0.399937, 0.229149, 0, 0
15313, 0.000678241, -0.00307096, 0.249727, 0.00275618, -0.00449751, 0.249244, 0.24972, -0.00307096, 0.401302, 0.230479, 0, 0
15324, 0.000677228, -0.00307096, 0.249727, 0.00275645, -0.00449428, 0.249244, 0.24972, -0.00307096, 0.402667, 0.231808, 0, 0
15334, 0.000676274, -0.00307096, 0.249727, 0.00275671, -0.00449132, 0.249244, 0.24972, -0.00307096, 0.404031, 0.233138, 0, 0
15344, 0.00067544, -0.00307096, 0.249727, 0.00275694, -0.00448861, 0.249244, 0.24972, -0.00307096, 0.405396, 0.234468, 0, 0
15354, 0.000674665, -0.00307096, 0.249727, 0.00275715, -0.00448611, 0.249244, 0.24972, -0.00307096, 0.406761, 0.235798, 0, 0
15364, 0.00067395, -0.00307096, 0.249727, 0.00275734, -0.00448382, 0.249244, 0.24972, -0.00307096, 0.408126, 0.237127, 0, 0
15374, 0.000673294, -0.00307096, 0.249727, 0.00275752, -0.00448172, 0.249244, 0.24972, -0.00307096, 0.40949, 0.238457, 0, 0
15384, 0.000672638, -0.00307096, 0.249727, 0.00275769, -0.00447979, 0.249244, 0.24972, -0.00307096, 0.410854, 0.239786, 0, 0
15394, 0.000672102, -0.00307096, 0.249727, 0.00275784, -0.00447802, 0.249244, 0.24972, -0.00307096, 0.412218, 0.241116, 0, 0
15404, 0.000671566, -0.00307096, 0.249727, 0.00275798, -0.00447639, 0.249244, 0.24972, -0.00307096, 0.413582, 0.242445, 0, 0
15414, 0.000671089, -0.00307096, 0.249727, 0.0027581, -0.00447491, 0.249244, 0.24972, -0.00307096, 0.414946, 0.243775, 0, 0
15424, 0.000670671, -0.00307096, 0.249727, 0.00275822, -0.00447354, 0.249244, 0.24972, -0.00307096, 0.41631, 0.245104, 0, 0
15434, 0.000670254, -0.00307096, 0.249727, 0.00275833, -0.00447228, 0.249244, 0.24972, -0.00307096, 0.417674, 0.246434, 0, 0
15443, 0.000669897, -0.00307096, 0.249727, 0.00275842, -0.00447113, 0.249244, 0.24972, -0.00307096, 0.419038, 0.247763, 0, 0
15454, 0.000669539, -0.00307096, 0.249727, 0.00275851, -0.00447008, 0.249244, 0.24972, -0.00307096, 0.420401, 0.249092, 0, 0
15464, 0.000669241, -0.00307096, 0.249727, 0.0027586, -0.00446911, 0.249244, 0.24972, -0.00307096, 0.421765, 0.250422, 0, 0
15474, 0.000668943, -0.00307096, 0.249727, 0.00275867, -0.00446822, 0.249244, 0.24972, -0.00307096, 0.423128, 0.251751, 0, 0
15483, 0.000668705, -0.00307096, 0.249727, 0.00275874, -0.0044674, 0.249244, 0.24972, -0.00307096, 0.424493, 0.253081, 0, 0
15494, 0.000668466, -0.00307096, 0.249727, 0.0027588, -0.00446665, 0.249244, 0.24972, -0.00307096, 0.425856, 0.254411, 0, 0
15504, 0.000668228, -0.00307096, 0.249727, 0.00275887, -0.00446597, 0.249244, 0.24972, -0.00307096, 0.427219, 0.25574, 0, 0
15514, 0.000668049, -0.00307096, 0.249727, 0.00275892, -0.00446534, 0.249244, 0.24972, -0.00307096, 0.428583, 0.25707, 0, 0
15524, 0.00066787, -0.00307096, 0.249727, 0.00275897, -0.00446476, 0.249244, 0.24972, -0.00307096, 0.429947, 0.258399, 0, 0
15534, 0.000667691, -0.00307096, 0.249727, 0.00275901, -0.00446422, 0.249244, 0.24972, -0.00307096, 0.431311, 0.259729, 0, 0
15544, 0.000667512, -0.00307096, 0.249727, 0.00275905, -0.00446374, 0.249244, 0.24972, -0.00307096, 0.432674, 0.261057, 0, 0
15554, 0.000667393, -0.00307096, 0.249727, 0.00275909, -0.00446329, 0.249244, 0.24972, -0.00307096, 0.434038, 0.262387, 0, 0
15564, 0.000667274, -0.00307096, 0.249727, 0.00275913, -0.00446288, 0.249244, 0.24972, -0.00307096, 0.435401, 0.263717, 0, 0
15574, 0.000667155, -0.00307096, 0.249727, 0.00275916, -0.0044625, 0.249244, 0.24972, -0.00307096, 0.436765, 0.265047, 0, 0
15584, 0.000667036, -0.00307096, 0.249727, 0.00275919, -0.00446216, 0.249244, 0.24972, -0.00307096, 0.438128, 0.266376, 0, 0
15594, 0.000666916, -0.00307096, 0.249727, 0.00275922, -0.00446184, 0.249244, 0.24972, -0.00307096, 0.439491, 0.267705, 0, 0
15604, 0.000666857, -0.00307096, 0.249727, 0.00275924, -0.00446155, 0.249244, 0.24972, -0.00307096, 0.440855, 0.269035, 0, 0
15614, 0.000666738, -0.00307096, 0.249727, 0.00275926, -0.00446128, 0.249244, 0.24972, -0.00307096, 0.442218, 0.270364, 0, 0
15624, 0.000666678, -0.00307096, 0.249727, 0.00275928, -0.00446104, 0.249244, 0.24972, -0.00307096, 0.443582, 0.271694, 0, 0
15634, 0.000666618, -0.00307096, 0.249727, 0.0027593, -0.00446081, 0.249244, 0.24972, -0.00307096, 0.444946, 0.273024, 0, 0
15644, 0.000666559, -0.00307096, 0.249727, 0.00275932, -0.0044606, 0.249244, 0.24972, -0.00307096, 0.446309, 0.274354, 0, 0
15654, 0.000666499, -0.00307096, 0.249727, 0.00275934, -0.00446041, 0.249244, 0.24972, -0.00307096, 0.447673, 0.275683, 0, 0
15664, 0.00066644, -0.00307096, 0.249727, 0.00275935, -0.00446024, 0.249244, 0.24972, -0.00307096, 0.449036, 0.277012, 0, 0
15674, 0.00066638, -0.00307096, 0.249727, 0.00275936, -0.00446008, 0.249244, 0.24972, -0.00307096, 0.450399, 0.278342, 0, 0
15684, 0.00066632, -0.00307096, 0.249727, 0.00275938, -0.00445993, 0.249244, 0.24972, -0.00307096, 0.451762, 0.279671, 0, 0
15694, 0.000666261, -0.00307096, 0.249727, 0.00275939, -0.0044598, 0.249244, 0.24972, -0.00307096, 0.453125, 0.281, 0, 0
15704, 0.000666261, -0.00307096, 0.249727, 0.0027594, -0.00445968, 0.249244, 0.24972, -0.00307096, 0.454489, 0.28233, 0, 0
15714, 0.000666201, -0.00307096, 0.249727, 0.00275941, -0.00445956, 0.249244, 0.24972, -0.00307096, 0.455852, 0.283659, 0, 0
15724, 0.000666142, -0.00307096, 0.249727, 0.00275942, -0.00445946, 0.249244, 0.24972, -0.00307096, 0.457215, 0.284988, 0, 0
15734, 0.000666142, -0.00307096, 0.249727, 0.00275943, -0.00445937, 0.249244, 0.24972, -0.00307096, 0.458579, 0.286318, 0, 0
15744, 0.000666082, -0.00307096, 0.249727, 0.00275944, -0.00445928, 0.249244, 0.24972, -0.00307096, 0.459942, 0.287647, 0, 0
15754, 0.000666082, -0.00307096, 0.249727, 0.00275944, -0.0044592, 0.249244, 0.24972, -0.00307096, 0.461306, 0.288977, 0, 0
15764, 0.000666082, -0.00307096, 0.249727, 0.00275944, -0.00445913, 0.249244, 0.24972, -0.00307096, 0.462669, 0.290307, 0, 0
15774, 0.000666022, -0.00307096, 0.249727, 0.00275945, -0.00445906, 0.249244, 0.24972, -0.00307096, 0.464032, 0.291636, 0, 0
15783, 0.000666022, -0.00307096, 0.249727, 0.00275946, -0.004459, 0.249244, 0.24972, -0.00307096, 0.465396, 0.292966, 0, 0
15794, 0.000666022, -0.00307096, 0.249727, 0.00275946, -0.00445894, 0.249244, 0.24972, -0.00307096, 0.466759, 0.294296, 0, 0
15804, 0.000475466, -0.00307096, 0.249779, 0.00277176, -0.00445889, 0.249299, 0.249775, -0.00307096, 0.463655, 0.0259824, 0, 0
15814, 0.000287116, -0.00307096, 0.249833, 0.00278316, -0.00447073, 0.249354, 0.24983, -0.00307096, 0.201241, 0.265557, 0, 0
15824, 0.00029254, -0.00307096, 0.249833, 0.00278134, -0.0044936, 0.249354, 0.24983, -0.00307096, 0.438312, 0.266262, 0, 0
15834, 0.000299335, -0.00307096, 0.249833, 0.00277954, -0.00451471, 0.249354, 0.24983, -0.00307096, 0.43907, 0.267011, 0, 0
15844, 0.000305474, -0.00307096, 0.249833, 0.00277789, -0.00453408, 0.249354, 0.24983, -0.00307096, 0.439827, 0.267758, 0, 0
15854, 0.000311196, -0.00307096, 0.249833, 0.00277638, -0.00455186, 0.249354, 0.24983, -0.00307096, 0.440587, 0.268506, 0, 0
15864, 0.000316381, -0.00307096, 0.249833, 0.00277499, -0.00456817, 0.249354, 0.24983, -0.00307096, 0.441346, 0.269253, 0, 0
15874, 0.00032115, -0.00307096, 0.249833, 0.00277371, -0.00458313, 0.249354, 0.24983, -0.00307096, 0.442105, 0.270001, 0, 0
15884, 0.000325561, -0.00307096, 0.249834, 0.00277254, -0.00459687, 0.249354, 0.24983, -0.00307096, 0.442866, 0.270749, 0, 0
15894, 0.000329554, -0.00307096, 0.249834, 0.00277147, -0.00460947, 0.249354, 0.24983, -0.00307096, 0.443627, 0.271496, 0, 0
15904, 0.00033325, -0.00307096, 0.249834, 0.00277048, -0.00462103, 0.249354, 0.24983, -0.00307096, 0.444388, 0.272243, 0, 0
15913, 0.000336647, -0.00307096, 0.249834, 0.00276958, -0.00463164, 0.249354, 0.24983, -0.00307096, 0.44515, 0.272991, 0, 0
15924, 0.000339746, -0.00307096, 0.249834, 0.00276875, -0.00464137, 0.249354, 0.24983, -0.00307096, 0.445912, 0.273738, 0, 0
15934, 0.000342607, -0.00307096, 0.249834, 0.00276799, -0.0046503, 0.249354, 0.24983, -0.00307096, 0.446675, 0.274486, 0, 0
15944, 0.00034523, -0.00307096, 0.249834, 0.00276729, -0.0046585, 0.249354, 0.24983, -0.00307096, 0.447438, 0.275234, 0, 0
15953, 0.000347614, -0.00307096, 0.249834, 0.00276665, -0.00466602, 0.249354, 0.24983, -0.00307096, 0.448201, 0.275981, 0, 0
15964, 0.00034982, -0.00307096, 0.249834, 0.00276606, -0.00467292, 0.249354, 0.24983, -0.00307096, 0.448964, 0.276729, 0, 0
15974, 0.000351846, -0.00307096, 0.249834, 0.00276552, -0.00467926, 0.249354, 0.24983, -0.00307096, 0.449728, 0.277476, 0, 0
15984, 0.000353694, -0.00307096, 0.249834, 0.00276503, -0.00468507, 0.249354, 0.24983, -0.00307096, 0.450492, 0.278224, 0, 0
15994, 0.000355422, -0.00307096, 0.249834, 0.00276457, -0.0046904, 0.249354, 0.24983, -0.00307096, 0.451257, 0.278972, 0, 0
16004, 0.000356972, -0.00307096, 0.249834, 0.00276416, -0.00469529, 0.249354, 0.24983, -0.00307096, 0.452021, 0.279719, 0, 0
16014, 0.000358403, -0.00307096, 0.249834, 0.00276377, -0.00469978, 0.249354, 0.24983, -0.00307096, 0.452785, 0.280467, 0, 0
16024, 0.000359714, -0.00307096, 0.249834, 0.00276342, -0.0047039, 0.249354, 0.24983, -0.00307096, 0.45355, 0.281214, 0, 0
16034, 0.000360966, -0.00307096, 0.249834, 0.0027631, -0.00470768, 0.249354, 0.24983, -0.00307096, 0.454316, 0.281963, 0, 0
16044, 0.000362039, -0.00307096, 0.249834, 0.00276281, -0.00471114, 0.249354, 0.24983, -0.00307096, 0.45508, 0.282709, 0, 0
16054, 0.000363052, -0.00307096, 0.249834, 0.00276253, -0.00471432, 0.249354, 0.24983, -0.00307096, 0.455845, 0.283457, 0, 0
16064, 0.000364006, -0.00307096, 0.249834, 0.00276228, -0.00471724, 0.249354, 0.24983, -0.00307096, 0.456611, 0.284205, 0, 0
16074, 0.00036484, -0.00307096, 0.249834, 0.00276206, -0.00471992, 0.249354, 0.24983, -0.00307096, 0.457376, 0.284952, 0, 0
16083, 0.000365615, -0.00307096, 0.249834, 0.00276185, -0.00472238, 0.249354, 0.24983, -0.00307096, 0.458141, 0.285699, 0, 0
16094, 0.00036633, -0.00307096, 0.249834, 0.00276166, -0.00472464, 0.249354, 0.24983, -0.00307096, 0.458906, 0.286447, 0, 0
16104, 0.000367045, -0.00307096, 0.249834, 0.00276148, -0.00472671, 0.249354, 0.24983, -0.00307096, 0.459673, 0.287196, 0, 0
16114, 0.000367641, -0.00307096, 0.249834, 0.00276132, -0.0047286, 0.249354, 0.24983, -0.00307096, 0.460439, 0.287943, 0, 0
16123, 0.000368178, -0.00307096, 0.249834, 0.00276117, -0.00473034, 0.249354, 0.24983, -0.00307096, 0.461204, 0.28869, 0, 0
16134, 0.000368714, -0.00307096, 0.249834, 0.00276103, -0.00473194, 0.249354, 0.24983, -0.00307096, 0.461971, 0.289438, 0, 0
16144, 0.000369132, -0.00307096, 0.249834, 0.00276091, -0.00473341, 0.249354, 0.24983, -0.00307096, 0.462735, 0.290185, 0, 0
16154, 0.000369608, -0.00307096, 0.249834, 0.00276079, -0.00473476, 0.249354, 0.24983, -0.00307096, 0.463502, 0.290933, 0, 0
16164, 0.000369966, -0.00307096, 0.249834, 0.00276069, -0.00473599, 0.249354, 0.24983, -0.00307096, 0.464268, 0.29168, 0, 0
16174, 0.000370324, -0.00307096, 0.249834, 0.00276059, -0.00473712, 0.249354, 0.24983, -0.00307096, 0.465034, 0.292427, 0, 0
16184, 0.000370681, -0.00307096, 0.249834, 0.0027605, -0.00473816, 0.249354, 0.24983, -0.00307096, 0.4658, 0.293176, 0, 0
16194, 0.000370979, -0.00307096, 0.249834, 0.00276042, -0.00473912, 0.249354, 0.24983, -0.00307096, 0.466566, 0.293923, 0, 0
16204, 0.000371277, -0.00307096, 0.249834, 0.00276035, -0.00473999, 0.249354, 0.24983, -0.00307096, 0.467333, 0.294671, 0, 0
16214, 0.000371516, -0.00307096, 0.249834, 0.00276028, -0.0047408, 0.249354, 0.24983, -0.00307096, 0.468099, 0.295418, 0, 0
16224, 0.000371754, -0.00307096, 0.249834, 0.00276022, -0.00474153, 0.249354, 0.24983, -0.00307096, 0.468865, 0.296166, 0, 0
16234, 0.000371993, -0.00307096, 0.249834, 0.00276016, -0.00474221, 0.249354, 0.24983, -0.00307096, 0.469632, 0.296914, 0, 0
16244, 0.000372171, -0.00307096, 0.249834, 0.0027601, -0.00474283, 0.249354, 0.24983, -0.00307096, 0.470398, 0.297661, 0, 0
16253, 0.00037235, -0.00307096, 0.249834, 0.00276006, -0.0047434, 0.249354, 0.24983, -0.00307096, 0.471164, 0.298408, 0, 0
16264, 0.000372529, -0.00307096, 0.249834, 0.00276001, -0.00474392, 0.249354, 0.24983, -0.00307096, 0.471931, 0.299156, 0, 0
16274, 0.000182211, -0.00307096, 0.249887, 0.00277226, -0.0047444, 0.249409, 0.249885, -0.00307096, 0.468231, 0.0302627, 0, 0
16284, 0.000184298, -0.00307096, 0.249887, 0.00277134, -0.00475672, 0.249409, 0.249885, -0.00307096, 0.468653, 0.273868, 0, 0
16294, 0.000187993, -0.00307096, 0.249887, 0.00277036, -0.00476816, 0.249409, 0.249885, -0.00307096, 0.469117, 0.274326, 0, 0
16304, 0.000191331, -0.00307096, 0.249887, 0.00276947, -0.00477865, 0.249409, 0.249885, -0.00307096, 0.46958, 0.274782, 0, 0
16314, 0.000194371, -0.00307096, 0.249887, 0.00276865, -0.00478828, 0.249409, 0.249885, -0.00307096, 0.470043, 0.275238, 0, 0
16324, 0.000197232, -0.00307096, 0.249887, 0.0027679, -0.00479712, 0.249409, 0.249885, -0.00307096, 0.470508, 0.275695, 0, 0
16334, 0.000199795, -0.00307096, 0.249887, 0.00276721, -0.00480523, 0.249409, 0.249885, -0.00307096, 0.470972, 0.276151, 0, 0
16344, 0.000202179, -0.00307096, 0.249888, 0.00276657, -0.00481267, 0.249409, 0.249885, -0.00307096, 0.471437, 0.276608, 0, 0
16354, 0.000204384, -0.00307096, 0.249888, 0.00276599, -0.00481949, 0.249409, 0.249885, -0.00307096, 0.471903, 0.277065, 0, 0
16364, 0.000206351, -0.00307096, 0.249888, 0.00276546, -0.00482575, 0.249409, 0.249885, -0.00307096, 0.472367, 0.277521, 0, 0
16374, 1.77622e-05, -0.00307096, 0.24994, 0.00277725, -0.0048315, 0.249465, 0.249941, -0.00307096, 0.211987, 0.273362, 0, 0
16384, 2.13981e-05, -0.00307096, 0.249941, 0.00277592, -0.00484866, 0.249465, 0.249941, -0.00307096, 0.446101, 0.273485, 0, 0
16394, 0.000216961, -0.00307096, 0.249888, 0.00276228, -0.00486453, 0.249409, 0.249885, -0.00307096, 0.707111, 0.278268, 0, 0
16404, 0.000219524, -0.00307096, 0.249888, 0.00276193, -0.0048672, 0.249409, 0.249885, -0.00307096, 0.473623, 0.278763, 0, 0
16414, 2.99215e-05, -0.00307096, 0.24994, 0.00277401, -0.00486954, 0.249465, 0.249941, -0.00307096, 0.210656, 0.274606, 0, 0
16423, 3.25441e-05, -0.00307096, 0.249941, 0.00277295, -0.00488356, 0.249465, 0.249941, -0.00307096, 0.447135, 0.27473, 0, 0
16434, 3.67165e-05, -0.00307096, 0.249941, 0.00277184, -0.00489656, 0.249465, 0.249941, -0.00307096, 0.447299, 0.274896, 0, 0
16444, 4.05312e-05, -0.00307096, 0.249941, 0.00277082, -0.00490848, 0.249465, 0.249941, -0.00307096, 0.447464, 0.275061, 0, 0
16454, 4.39882e-05, -0.00307096, 0.249941, 0.00276989, -0.00491942, 0.249465, 0.249941, -0.00307096, 0.447628, 0.275226, 0, 0
16464, 4.72069e-05, -0.00307096, 0.249941, 0.00276904, -0.00492946, 0.249465, 0.249941, -0.00307096, 0.447793, 0.275392, 0, 0
16474, 5.01275e-05, -0.00307096, 0.249941, 0.00276826, -0.00493867, 0.249465, 0.249941, -0.00307096, 0.447958, 0.275557, 0, 0
16484, 5.28693e-05, -0.00307096, 0.249941, 0.00276753, -0.00494712, 0.249465, 0.249941, -0.00307096, 0.448125, 0.275724, 0, 0
16494, 5.53131e-05, -0.00307096, 0.249941, 0.00276687, -0.00495487, 0.249465, 0.249941, -0.00307096, 0.448291, 0.275888, 0, 0
16504, 5.75781e-05, -0.00307096, 0.249941, 0.00276627, -0.00496199, 0.249465, 0.249941, -0.00307096, 0.448457, 0.276054, 0, 0
16515, 5.96642e-05, -0.00307096, 0.249941, 0.00276571, -0.00496852, 0.249465, 0.249941, -0.00307096, 0.448624, 0.276219, 0, 0
16524, 6.15716e-05, -0.00307096, 0.249941, 0.0027652, -0.00497451, 0.249465, 0.249941, -0.00307096, 0.448791, 0.276385, 0, 0
16534, 6.33597e-05, -0.00307096, 0.249941, 0.00276473, -0.00498001, 0.249465, 0.249941, -0.00307096, 0.448959, 0.276551, 0, 0
16544, 6.49691e-05, -0.00307096, 0.249941, 0.0027643, -0.00498506, 0.249465, 0.249941, -0.00307096, 0.449126, 0.276717, 0, 0
16553, 6.64592e-05, -0.00307096, 0.249941, 0.00276391, -0.00498969, 0.249465, 0.249941, -0.00307096, 0.449294, 0.276882, 0, 0
16564, 6.77705e-05, -0.00307096, 0.249941, 0.00276355, -0.00499393, 0.249465, 0.249941, -0.00307096, 0.449461, 0.277047, 0, 0
16574, 6.90222e-05, -0.00307096, 0.249941, 0.00276321, -0.00499783, 0.249465, 0.249941, -0.00307096, 0.449629, 0.277213, 0, 0
16584, 7.02143e-05, -0.00307096, 0.249941, 0.00276291, -0.00500141, 0.249465, 0.249941, -0.00307096, 0.449799, 0.277379, 0, 0
16593, 7.12276e-05, -0.00307096, 0.249941, 0.00276263, -0.00500469, 0.249465, 0.249941, -0.00307096, 0.449966, 0.277544, 0, 0
16604, 7.21812e-05, -0.00307096, 0.249941, 0.00276237, -0.0050077, 0.249465, 0.249941, -0.00307096, 0.450134, 0.277709, 0, 0
16614, 7.30753e-05, -0.00307096, 0.249941, 0.00276214, -0.00501046, 0.249465, 0.249941, -0.00307096, 0.450303, 0.277875, 0, 0
16624, 7.39098e-05, -0.00307096, 0.249941, 0.00276192, -0.005013, 0.249465, 0.249941, -0.00307096, 0.450472, 0.278041, 0, 0
16634, 7.4625e-05, -0.00307096, 0.249941, 0.00276172, -0.00501532, 0.249465, 0.249941, -0.00307096, 0.45064, 0.278206, 0, 0
16644, 7.53403e-05, -0.00307096, 0.249941, 0.00276154, -0.00501746, 0.249465, 0.249941, -0.00307096, 0.45081, 0.278373, 0, 0
16654, 7.58767e-05, -0.00307096, 0.249941, 0.00276138, -0.00501941, 0.249465, 0.249941, -0.00307096, 0.450977, 0.278536, 0, 0
16664, 7.64728e-05, -0.00307096, 0.249941, 0.00276122, -0.00502121, 0.249465, 0.249941, -0.00307096, 0.451146, 0.278702, 0, 0
16674, 7.70092e-05, -0.00307096, 0.249941, 0.00276108, -0.00502286, 0.249465, 0.249941, -0.00307096, 0.451315, 0.278868, 0, 0
16684, 7.7486e-05, -0.00307096, 0.249941, 0.00276095, -0.00502438, 0.249465, 0.249941, -0.00307096, 0.451484, 0.279033, 0, 0
16694, 7.79033e-05, -0.00307096, 0.249941, 0.00276084, -0.00502577, 0.249465, 0.249941, -0.00307096, 0.451653, 0.279198, 0, 0
16704, 7.83205e-05, -0.00307096, 0.249941, 0.00276073, -0.00502704, 0.249465, 0.249941, -0.00307096, 0.451822, 0.279364, 0, 0
16714, 7.86781e-05, -0.00307096, 0.249941, 0.00276063, -0.00502822, 0.249465, 0.249941, -0.00307096, 0.451991, 0.279529, 0, 0
16723, 7.90358e-05, -0.00307096, 0.249941, 0.00276054, -0.00502929, 0.249465, 0.249941, -0.00307096, 0.45216, 0.279694, 0, 0
16734, 7.93338e-05, -0.00307096, 0.249941, 0.00276045, -0.00503028, 0.249465, 0.249941, -0.00307096, 0.452329, 0.279859, 0, 0
16744, 7.96318e-05, -0.00307096, 0.249941, 0.00276037, -0.00503118, 0.249465, 0.249941, -0.00307096, 0.452498, 0.280025, 0, 0
16754, 7.99298e-05, -0.00307096, 0.249942, 0.0027603, -0.00503201, 0.249465, 0.249941, -0.00307096, 0.452668, 0.280191, 0, 0
16763, 8.01682e-05, -0.00307096, 0.249942, 0.00276024, -0.00503277, 0.249465, 0.249941, -0.00307096, 0.452838, 0.280357, 0, 0
16774, 8.03471e-05, -0.00307096, 0.249942, 0.00276018, -0.00503347, 0.249465, 0.249941, -0.00307096, 0.453006, 0.280521, 0, 0
16784, 8.05855e-05, -0.00307096, 0.249942, 0.00276012, -0.00503411, 0.249465, 0.249941, -0.00307096, 0.453176, 0.280687, 0, 0
16794, 8.07643e-05, -0.00307096, 0.249942, 0.00276007, -0.0050347, 0.249465, 0.249941, -0.00307096, 0.453345, 0.280853, 0, 0
16804, 8.09431e-05, -0.00307096, 0.249942, 0.00276003, -0.00503524, 0.249465, 0.249941, -0.00307096, 0.453515, 0.281018, 0, 0
16814, 8.11219e-05, -0.00307096, 0.249942, 0.00275998, -0.00503574, 0.249465, 0.249941, -0.00307096, 0.453685, 0.281184, 0, 0
16824, 8.12411e-05, -0.00307096, 0.249942, 0.00275995, -0.00503619, 0.249465, 0.249941, -0.00307096, 0.453854, 0.281349, 0, 0
16834, 8.13603e-05, -0.00307096, 0.249942, 0.00275991, -0.00503661, 0.249465, 0.249941, -0.00307096, 0.454023, 0.281514, 0, 0
16844, 8.14795e-05, -0.00307096, 0.249942, 0.00275988, -0.00503699, 0.249465, 0.249941, -0.00307096, 0.454192, 0.281679, 0, 0
16854, 8.15988e-05, -0.00307096, 0.249942, 0.00275985, -0.00503734, 0.249465, 0.249941, -0.00307096, 0.454362, 0.281845, 0, 0
16864, 8.1718e-05, -0.00307096, 0.249942, 0.00275982, -0.00503766, 0.249465, 0.249941, -0.00307096, 0.454532, 0.282011, 0, 0
16874, 8.17776e-05, -0.00307096, 0.249942, 0.0027598, -0.00503796, 0.249465, 0.249941, -0.00307096, 0.454701, 0.282175, 0, 0
16884, 8.18968e-05, -0.00307096, 0.249942, 0.00275977, -0.00503823, 0.249465, 0.249941, -0.00307096, 0.454871, 0.282342, 0, 0
16893, 8.19564e-05, -0.00307096, 0.249942, 0.00275975, -0.00503848, 0.249465, 0.249941, -0.00307096, 0.45504, 0.282507, 0, 0
16904, 8.2016e-05, -0.00307096, 0.249942, 0.00275973, -0.00503871, 0.249465, 0.249941, -0.00307096, 0.455209, 0.282672, 0, 0
16914, 8.21352e-05, -0.00307096, 0.249942, 0.00275971, -0.00503892, 0.249465, 0.249941, -0.00307096, 0.45538, 0.282838, 0, 0
16924, 8.21948e-05, -0.00307096, 0.249942, 0.0027597, -0.00503911, 0.249465, 0.249941, -0.00307096, 0.455549, 0.283004, 0, 0
16934, 8.22544e-05, -0.00307096, 0.249942, 0.00275968, -0.00503929, 0.249465, 0.249941, -0.00307096, 0.455719, 0.283169, 0, 0
16944, 8.22544e-05, -0.00307096, 0.249942, 0.00275967, -0.00503945, 0.249465, 0.249941, -0.00307096, 0.455887, 0.283334, 0, 0
16954, 8.2314e-05, -0.00307096, 0.249942, 0.00275966, -0.0050396, 0.249465, 0.249941, -0.00307096, 0.456057, 0.283499, 0, 0
16964, 8.23736e-05, -0.00307096, 0.249942, 0.00275965, -0.00503974, 0.249465, 0.249941, -0.00307096, 0.456227, 0.283665, 0, 0
16974, 8.24332e-05, -0.00307096, 0.249942, 0.00275963, -0.00503986, 0.249465, 0.249941, -0.00307096, 0.456397, 0.283831, 0, 0
16984, 8.24332e-05, -0.00307096, 0.249942, 0.00275963, -0.00503998, 0.249465, 0.249941, -0.00307096, 0.456566, 0.283996, 0, 0
16994, 8.24928e-05, -0.00307096, 0.249942, 0.00275962, -0.00504008, 0.249465, 0.249941, -0.00307096, 0.456736, 0.284162, 0, 0
17004, 8.24928e-05, -0.00307096, 0.249942, 0.00275961, -0.00504018, 0.249465, 0.249941, -0.00307096, 0.456905, 0.284327, 0, 0
17014, 8.25524e-05, -0.00307096, 0.249942, 0.0027596, -0.00504027, 0.249465, 0.249941, -0.00307096, 0.457076, 0.284493, 0, 0
17024, 8.25524e-05, -0.00307096, 0.249942, 0.00275959, -0.00504035, 0.249465, 0.249941, -0.00307096, 0.457245, 0.284658, 0, 0
17034, 8.2612e-05, -0.00307096, 0.249942, 0.00275959, -0.00504042, 0.249465, 0.249941, -0.00307096, 0.457415, 0.284824, 0, 0
17044, 8.2612e-05, -0.00307096, 0.249942, 0.00275958, -0.00504049, 0.249465, 0.249941, -0.00307096, 0.457584, 0.284989, 0, 0
17054, 8.2612e-05, -0.00307096, 0.249942, 0.00275958, -0.00504055, 0.249465, 0.249941, -0.00307096, 0.457753, 0.285154, 0, 0
17063, 8.26716e-05, -0.00307096, 0.249942, 0.00275957, -0.00504061, 0.249465, 0.249941, -0.00307096, 0.457924, 0.28532, 0, 0
17074, 8.26716e-05, -0.00307096, 0.249942, 0.00275957, -0.00504066, 0.249465, 0.249941, -0.00307096, 0.458093, 0.285485, 0, 0
17084, 8.26716e-05, -0.00307096, 0.249942, 0.00275956, -0.00504071, 0.249465, 0.249941, -0.00307096, 0.458262, 0.28565, 0, 0
