QGPIORecord, QRC v6.1.0, 18-12-2023 @ 18:05:09, Windows 10 Version 2009, 10.0.22621, x86_64
Time, ValueIn0, ValueIn1, ValueIn2, ValueIn3, ValueIn4, ValueIn5, ValueIn6, ValueIn7x, ValueIn8, ValueIn9, ValueIn10, ValueIn11
27290, 0, 0, 0, 0, 0, 0, 0, 0, 0, 0, 0.00193282, 3.12777
27300, 0, 0, 0, 0, 0, 0, 0, 0, 0, 0, 0.00193282, 3.12777
27312, 0, 0, 0, 0, 0, 0, 0, 0, 0, 0, 0.00193282, 3.12777
27320, 0, 0, 0, 0, 0, 0, 0, 0, 0, 0, 0.00193282, 3.12777
27330, 0, 0, 0, 0, 0, 0, 0, 0, 0, 0, 0.00193282, 3.12777
27340, 0, 0, 0, 0, 0, 0, 0, 0, 0, 0, 0.00193282, 3.12931
27351, 0, 0, 0, 0, 0, 0, 0, 0, 0, 0, 0.00193282, 3.12931
27360, 0, 0, 0, 0, 0, 0, 0, 0, 0, 0, 0.00193282, 3.12931
27370, 0, 0, 0, 0, 0, 0, 0, 0, 0, 0, 0.00193282, 3.12931
27380, 0, 0, 0, 0, 0, 0, 0, 0, 0, 0, 0.00193282, 3.13084
27390, 0, 0, 0, 0, 0, 0, 0, 0, 0, 0, 0.00193282, 3.13084
27400, 0, 0, 0, 0, 0, 0, 0, 0, 0, 0, 0.00193282, 3.13084
27410, 0, 0, 0, 0, 0, 0, 0, 0, 0, 0, 0.00193282, 3.13084
27420, 0, 0, 0, 0, 0, 0, 0, 0, 0, 0, 0.00193282, 3.13084
27430, 0, 0, 0, 0, 0, 0, 0, 0, 0, 0, 0.00193282, 3.13084
27441, 0, 0, 0, 0, 0, 0, 0, 0, 0, 0, 0.00193282, 3.13238
27450, 0, 0, 0, 0, 0, 0, 0, 0, 0, 0, 0.00193282, 3.13238
27460, 0, 0, 0, 0, 0, 0, 0, 0, 0, 0, 0.00193282, 3.13238
27470, 0, 0, 0, 0, 0, 0, 0, 0, 0, 0, 0.00193282, 3.13238
27481, 0, 0, 0, 0, 0, 0, 0, 0, 0, 0, 0.00193282, 3.13084
27490, 0, 0, 0, 0, 0, 0, 0, 0, 0, 0, 0.00193282, 3.13084
27500, 0, 0, 0, 0, 0, 0, 0, 0, 0, 0, 0.00193282, 3.13084
27510, 0, 0, 0, 0, 0, 0, 0, 0, 0, 0, 0.00193282, 3.13084
27521, 0, 0, 0, 0, 0, 0, 0, 0, 0, 0, 0.00193282, 3.13084
27530, 0, 0, 0, 0, 0, 0, 0, 0, 0, 0, 0.00193282, 3.13084
27540, 0, 0, 0, 0, 0, 0, 0, 0, 0, 0, 0.00193282, 3.13084
27550, 0, 0, 0, 0, 0, 0, 0, 0, 0, 0, 0.00193282, 3.13084
27560, 0, 0, 0, 0, 0, 0, 0, 0, 0, 0, 0.00193282, 3.13084
27570, 0, 0, 0, 0, 0, 0, 0, 0, 0, 0, 0.00193282, 3.13084
27580, 0, 0, 0, 0, 0, 0, 0, 0, 0, 0, 0.00193282, 3.13084
27590, 0, 0, 0, 0, 0, 0, 0, 0, 0, 0, 0.00193282, 3.13084
27600, 0, 0, 0, 0, 0, 0, 0, 0, 0, 0, 0.00193282, 3.13084
27611, 0, 0, 0, 0, 0, 0, 0, 0, 0, 0, 0.00193282, 3.13084
27620, 0, 0, 0, 0, 0, 0, 0, 0, 0, 0, 0.00193282, 3.13084
27630, 0, 0, 0, 0, 0, 0, 0, 0, 0, 0, 0.00193282, 3.13084
27640, 0, 0, 0, 0, 0, 0, 0, 0, 0, 0, 0.00193282, 3.13084
27651, 0, 0, 0, 0, 0, 0, 0, 0, 0, 0, 0.00193282, 3.13084
27660, 0, 0, 0, 0, 0, 0, 0, 0, 0, 0, 0.00193282, 3.12931
27670, 0, 0, 0, 0, 0, 0, 0, 0, 0, 0, 0.00193282, 3.12931
27680, 0, 0, 0, 0, 0, 0, 0, 0, 0, 0, 0.00193282, 3.12931
27691, 0, 0, 0, 0, 0, 0, 0, 0, 0, 0, 0.00193282, 3.12931
27700, 0, 0, 0, 0, 0, 0, 0, 0, 0, 0, 0.00193282, 3.12931
27710, 0, 0, 0, 0, 0, 0, 0, 0, 0, 0, 0.00193282, 3.12931
27720, 0, 0, 0, 0, 0, 0, 0, 0, 0, 0, 0.00193282, 3.12931
27730, 0, 0, 0, 0, 0, 0, 0, 0, 0, 0, 0.00193282, 3.12931
27740, 0, 0, 0, 0, 0, 0, 0, 0, 0, 0, 0.00193282, 3.12931
27750, 0, 0, 0, 0, 0, 0, 0, 0, 0, 0, 0.00193282, 3.12777
27760, 0, 0, 0, 0, 0, 0, 0, 0, 0, 0, 0.00193282, 3.12777
27770, 0, 0, 0, 0, 0, 0, 0, 0, 0, 0, 0.00193282, 3.12624
27781, 0, 0, 0, 0, 0, 0, 0, 0, 0, 0, 0.00193282, 3.12163
27790, 0, 0, 0, 0, 0, 0, 0, 0, 0, 0, 0.00193282, 3.11549
27800, 0, 0, 0, 0, 0, 0, 0, 0, 0, 0, 0.00193282, 3.10781
27810, 0, 0, 0, 0, 0, 0, 0, 0, 0, 0, 0.00193282, 3.10167
27821, 0, 0, 0, 0, 0, 0, 0, 0, 0, 0, 0.00193282, 3.09399
27830, 0, 0, 0, 0, 0, 0, 0, 0, 0, 0, 0.00193282, 3.08632
27840, 0, 0, 0, 0, 0, 0, 0, 0, 0, 0, 0.00193282, 3.07864
27850, 0, 0, 0, 0, 0, 0, 0, 0, 0, 0, 0.00193282, 3.06943
27860, 0, 0, 0, 0, 0, 0, 0, 0, 0, 0, 0.00193282, 3.06175
27870, 0, 0, 0, 0, 0, 0, 0, 0, 0, 0, 0.00193282, 3.051
27880, 0, 0, 0, 0, 0, 0, 0, 0, 0, 0, 0.00193282, 3.04179
27890, 0, 0, 0, 0, 0, 0, 0, 0, 0, 0, 0.00193282, 3.03104
27900, 0, 0, 0, 0, 0, 0, 0, 0, 0, 0, 0.00193282, 3.01875
27910, 0, 0, 0, 0, 0, 0, 0, 0, 0, 0, 0.00193282, 3.00647
27920, 0, 0, 0, 0, 0, 0, 0, 0, 0, 0, 0.00193282, 2.99265
27930, 0, 0, 0, 0, 0, 0, 0, 0, 0, 0, 0.00193282, 2.9773
27940, 0, 0, 0, 0, 0, 0, 0, 0, 0, 0, 0.00193282, 2.96194
27951, 0, 0, 0, 0, 0, 0, 0, 0, 0, 0, 0.00193282, 2.94352
27960, 0, 0, 0, 0, 0, 0, 0, 0, 0, 0, 0.00193282, 2.92509
27970, 0, 0, 0, 0, 0, 0, 0, 0, 0, 0, 0.00193282, 2.90513
27980, 0, 0, 0, 0, 0, 0, 0, 0, 0, 0, 0.00193282, 2.8821
27991, 0, 0, 0, 0, 0, 0, 0, 0, 0, 0, 0.00193282, 2.85753
28000, 0, 0, 0, 0, 0, 0, 0, 0, 0, 0, 0.00193282, 2.83143
28010, 0, 0, 0, 0, 0, 0, 0, 0, 0, 0, 0.00193282, 2.80379
28020, 0, 0, 0, 0, 0, 0, 0, 0, 0, 0, 0.00193282, 2.77308
28030, 0, 0, 0, 0, 0, 0, 0, 0, 0, 0, 0.00193282, 2.7393
28040, 0, 0, 0, 0, 0, 0, 0, 0, 0, 0, 0.00193282, 2.70245
28050, 0, 0, 0, 0, 0, 0, 0, 0, 0, 0, 0.00193282, 2.66252
28060, 0, 0, 0, 0, 0, 0, 0, 0, 0, 0, 0.00193282, 2.61799
28070, 0, 0, 0, 0, 0, 0, 0, 0, 0, 0, 0.00193282, 2.57193
28081, 0, 0, 0, 0, 0, 0, 0, 0, 0, 0, 0.00193282, 2.51972
28090, 0, 0, 0, 0, 0, 0, 0, 0, 0, 0, 0.00193282, 2.46445
28100, 0, 0, 0, 0, 0, 0, 0, 0, 0, 0, 0.00193282, 2.40456
28110, 0, 0, 0, 0, 0, 0, 0, 0, 0, 0, 0.00193282, 2.33854
28121, 0, 0, 0, 0, 0, 0, 0, 0, 0, 0, 0.00193282, 2.2679
28130, 0, 0, 0, 0, 0, 0, 0, 0, 0, 0, 0.00193282, 2.19113
28140, 0, 0, 0, 0, 0, 0, 0, 0, 0, 0, 0.00193282, 2.10821
28150, 0, 0, 0, 0, 0, 0, 0, 0, 0, 0, 0.00193282, 2.01762
28161, 0, 0, 0, 0, 0, 0, 0, 0, 0, 0, 0.00193282, 1.92242
28170, 0, 0, 0, 0, 0, 0, 0, 0, 0, 0, 0.00193282, 1.81954
28180, 0, 0, 0, 0, 0, 0, 0, 0, 0, 0, 0.00193282, 1.70899
28190, 0, 0, 0, 0, 0, 0, 0, 0, 0, 0, 0.00193282, 1.59076
28200, 0, 0, 0, 0, 0, 0, 0, 0, 0, 0, 0.00193282, 1.46638
28211, 0, 0, 0, 0, 0, 0, 0, 0, 0, 0, 0.00193282, 1.3328
28220, 0, 0, 0, 0, 0, 0, 0, 0, 0, 0, 0.00193282, 1.19307
28230, 0, 0, 0, 0, 0, 0, 0, 0, 0, 0, 0.00204326, 1.04413
28240, 0, 0, 0, 0, 0, 0, 0, 0, 0, 0, 0.00209849, 0.892114
28251, 0, 0, 0, 0, 0, 0, 0, 0, 0, 0, 0.00220893, 0.732424
28260, 0, 0, 0, 0, 0, 0, 0, 0, 0, 0, 0.00226416, 0.569663
28270, 0, 0, 0, 0, 0, 0, 0, 0, 0, 0, 0.0023746, 0.402296
28280, 0, 0, 0, 0, 0, 0, 0, 0, 0, 0, 0.00242983, 0.233393
28291, 0, 0, 0, 0, 0, 0, 0, 0, 0, 0, 0.00248505, 0.0629547
28300, 0, 0, 0, 0, 0, 0, 0, 0, 0, 0, 0.00248505, -0.105948
28310, 0, 0, 0, 0, 0, 0, 0, 0, 0, 0, 0.00248505, -0.274851
28320, 0, 0, 0, 0, 0, 0, 0, 0, 0, 0, 0.00248505, -0.440683
28331, 0, 0, 0, 0, 0, 0, 0, 0, 0, 0, 0.00248505, -0.603444
28340, 0, 0, 0, 0, 0, 0, 0, 0, 0, 0, 0.00248505, -0.761598
28350, 0, 0, 0, 0, 0, 0, 0, 0, 0, 0, 0.0023746, -0.913611
28360, 0, 0, 0, 0, 0, 0, 0, 0, 0, 0, 0.00226416, -1.05948
28370, 0, 0, 0, 0, 0, 0, 0, 0, 0, 0, 0.00215371, -1.19767
28381, 0, 0, 0, 0, 0, 0, 0, 0, 0, 0, 0.00198804, -1.32819
28390, 0, 0, 0, 0, 0, 0, 0, 0, 0, 0, 0.00193282, -1.45103
28400, 0, 0, 0, 0, 0, 0, 0, 0, 0, 0, 0.00182237, -1.56619
28410, 0, 0, 0, 0, 0, 0, 0, 0, 0, 0, 0.00182237, -1.67367
28421, 0, 0, 0, 0, 0, 0, 0, 0, 0, 0, 0.00171192, -1.77348
28430, 0, 0, 0, 0, 0, 0, 0, 0, 0, 0, 0.00171192, -1.86407
28440, 0, 0, 0, 0, 0, 0, 0, 0, 0, 0, 0.00171192, -1.94852
28450, 0, 0, 0, 0, 0, 0, 0, 0, 0, 0, 0.00171192, -2.0253
28461, 0, 0, 0, 0, 0, 0, 0, 0, 0, 0, 0.00171192, -2.0944
28470, 0, 0, 0, 0, 0, 0, 0, 0, 0, 0, 0.00171192, -2.15889
28480, 0, 0, 0, 0, 0, 0, 0, 0, 0, 0, 0.00171192, -2.2157
28490, 0, 0, 0, 0, 0, 0, 0, 0, 0, 0, 0.00171192, -2.26483
28500, 0, 0, 0, 0, 0, 0, 0, 0, 0, 0, 0.00171192, -2.30936
28510, 0, 0, 0, 0, 0, 0, 0, 0, 0, 0, 0.00171192, -2.34775
28520, 0, 0, 0, 0, 0, 0, 0, 0, 0, 0, 0.00171192, -2.37999
28530, 0, 0, 0, 0, 0, 0, 0, 0, 0, 0, 0.00171192, -2.40763
28540, 0, 0, 0, 0, 0, 0, 0, 0, 0, 0, 0.00171192, -2.42913
28550, 0, 0, 0, 0, 0, 0, 0, 0, 0, 0, 0.00171192, -2.44602
28560, 0, 0, 0, 0, 0, 0, 0, 0, 0, 0, 0.00171192, -2.4583
28570, 0, 0, 0, 0, 0, 0, 0, 0, 0, 0, 0.00171192, -2.46445
28580, 0, 0, 0, 0, 0, 0, 0, 0, 0, 0, 0.00171192, -2.46752
28591, 0, 0, 0, 0, 0, 0, 0, 0, 0, 0, 0.00171192, -2.46445
28600, 0, 0, 0, 0, 0, 0, 0, 0, 0, 0, 0.00171192, -2.45677
28610, 0, 0, 0, 0, 0, 0, 0, 0, 0, 0, 0.00171192, -2.44448
28620, 0, 0, 0, 0, 0, 0, 0, 0, 0, 0, 0.00171192, -2.42759
28631, 0, 0, 0, 0, 0, 0, 0, 0, 0, 0, 0.00171192, -2.40456
28640, 0, 0, 0, 0, 0, 0, 0, 0, 0, 0, 0.00171192, -2.37692
28650, 0, 0, 0, 0, 0, 0, 0, 0, 0, 0, 0.00171192, -2.34468
28660, 0, 0, 0, 0, 0, 0, 0, 0, 0, 0, 0.00171192, -2.30629
28670, 0, 0, 0, 0, 0, 0, 0, 0, 0, 0, 0.00171192, -2.2633
28680, 0, 0, 0, 0, 0, 0, 0, 0, 0, 0, 0.00171192, -2.21263
28690, 0, 0, 0, 0, 0, 0, 0, 0, 0, 0, 0.00171192, -2.15735
28700, 0, 0, 0, 0, 0, 0, 0, 0, 0, 0, 0.00171192, -2.0944
28710, 0, 0, 0, 0, 0, 0, 0, 0, 0, 0, 0.00171192, -2.02683
28721, 0, 0, 0, 0, 0, 0, 0, 0, 0, 0, 0.00171192, -1.95006
28730, 0, 0, 0, 0, 0, 0, 0, 0, 0, 0, 0.00171192, -1.86868
28740, 0, 0, 0, 0, 0, 0, 0, 0, 0, 0, 0.00171192, -1.77809
28750, 0, 0, 0, 0, 0, 0, 0, 0, 0, 0, 0.00171192, -1.68135
28761, 0, 0, 0, 0, 0, 0, 0, 0, 0, 0, 0.00171192, -1.57694
28770, 0, 0, 0, 0, 0, 0, 0, 0, 0, 0, 0.00171192, -1.46485
28780, 0, 0, 0, 0, 0, 0, 0, 0, 0, 0, 0.00171192, -1.34508
28790, 0, 0, 0, 0, 0, 0, 0, 0, 0, 0, 0.00171192, -1.21764
28801, 0, 0, 0, 0, 0, 0, 0, 0, 0, 0, 0.00160148, -1.08251
28811, 0, 0, 0, 0, 0, 0, 0, 0, 0, 0, 0.00154625, -0.942785
28820, 0, 0, 0, 0, 0, 0, 0, 0, 0, 0, 0.00149103, -0.796914
28830, 0, 0, 0, 0, 0, 0, 0, 0, 0, 0, 0.00138058, -0.644902
28840, 0, 0, 0, 0, 0, 0, 0, 0, 0, 0, 0.00138058, -0.489818
28851, 0, 0, 0, 0, 0, 0, 0, 0, 0, 0, 0.00132536, -0.330128
28860, 0, 0, 0, 0, 0, 0, 0, 0, 0, 0, 0.00127014, -0.170438
28870, 0, 0, 0, 0, 0, 0, 0, 0, 0, 0, 0.00127014, -0.00921288
28880, 0, 0, 0, 0, 0, 0, 0, 0, 0, 0, 0.00127014, 0.152013
28891, 0, 0, 0, 0, 0, 0, 0, 0, 0, 0, 0.00127014, 0.310167
28900, 0, 0, 0, 0, 0, 0, 0, 0, 0, 0, 0.00127014, 0.466786
28910, 0, 0, 0, 0, 0, 0, 0, 0, 0, 0, 0.00127014, 0.620334
28920, 0, 0, 0, 0, 0, 0, 0, 0, 0, 0, 0.00127014, 0.76774
28931, 0, 0, 0, 0, 0, 0, 0, 0, 0, 0, 0.00138058, 0.91054
28940, 0, 0, 0, 0, 0, 0, 0, 0, 0, 0, 0.00143581, 1.04566
28950, 0, 0, 0, 0, 0, 0, 0, 0, 0, 0, 0.00160148, 1.17464
28960, 0, 0, 0, 0, 0, 0, 0, 0, 0, 0, 0.0016567, 1.29595
28971, 0, 0, 0, 0, 0, 0, 0, 0, 0, 0, 0.00171192, 1.40957
28981, 0, 0, 0, 0, 0, 0, 0, 0, 0, 0, 0.00182237, 1.51705
28990, 0, 0, 0, 0, 0, 0, 0, 0, 0, 0, 0.00182237, 1.61379
29000, 0, 0, 0, 0, 0, 0, 0, 0, 0, 0, 0.00182237, 1.70438
29010, 0, 0, 0, 0, 0, 0, 0, 0, 0, 0, 0.00182237, 1.7873
29021, 0, 0, 0, 0, 0, 0, 0, 0, 0, 0, 0.00187759, 1.86254
29030, 0, 0, 0, 0, 0, 0, 0, 0, 0, 0, 0.00187759, 1.92856
29040, 0, 0, 0, 0, 0, 0, 0, 0, 0, 0, 0.00187759, 1.98845
29050, 0, 0, 0, 0, 0, 0, 0, 0, 0, 0, 0.00187759, 2.04219
29061, 0, 0, 0, 0, 0, 0, 0, 0, 0, 0, 0.00187759, 2.08825
29070, 0, 0, 0, 0, 0, 0, 0, 0, 0, 0, 0.00187759, 2.12664
29080, 0, 0, 0, 0, 0, 0, 0, 0, 0, 0, 0.00187759, 2.15889
29090, 0, 0, 0, 0, 0, 0, 0, 0, 0, 0, 0.00187759, 2.18499
29101, 0, 0, 0, 0, 0, 0, 0, 0, 0, 0, 0.00187759, 2.20495
29110, 0, 0, 0, 0, 0, 0, 0, 0, 0, 0, 0.00187759, 2.21877
29120, 0, 0, 0, 0, 0, 0, 0, 0, 0, 0, 0.00187759, 2.22491
29130, 0, 0, 0, 0, 0, 0, 0, 0, 0, 0, 0.00187759, 2.22645
29140, 0, 0, 0, 0, 0, 0, 0, 0, 0, 0, 0.00187759, 2.22184
29150, 0, 0, 0, 0, 0, 0, 0, 0, 0, 0, 0.00182237, 2.20956
29160, 0, 0, 0, 0, 0, 0, 0, 0, 0, 0, 0.00182237, 2.19267
29170, 0, 0, 0, 0, 0, 0, 0, 0, 0, 0, 0.00182237, 2.16963
29180, 0, 0, 0, 0, 0, 0, 0, 0, 0, 0, 0.00182237, 2.13892
29191, 0, 0, 0, 0, 0, 0, 0, 0, 0, 0, 0.00182237, 2.10361
29200, 0, 0, 0, 0, 0, 0, 0, 0, 0, 0, 0.00182237, 2.06061
29210, 0, 0, 0, 0, 0, 0, 0, 0, 0, 0, 0.00182237, 2.00994
29220, 0, 0, 0, 0, 0, 0, 0, 0, 0, 0, 0.00182237, 1.95467
29231, 0, 0, 0, 0, 0, 0, 0, 0, 0, 0, 0.00182237, 1.89018
29240, 0, 0, 0, 0, 0, 0, 0, 0, 0, 0, 0.00182237, 1.81954
29250, 0, 0, 0, 0, 0, 0, 0, 0, 0, 0, 0.00182237, 1.74123
29260, 0, 0, 0, 0, 0, 0, 0, 0, 0, 0, 0.00182237, 1.65525
29271, 0, 0, 0, 0, 0, 0, 0, 0, 0, 0, 0.00182237, 1.56158
29280, 0, 0, 0, 0, 0, 0, 0, 0, 0, 0, 0.00182237, 1.46024
29290, 0, 0, 0, 0, 0, 0, 0, 0, 0, 0, 0.00182237, 1.35276
29300, 0, 0, 0, 0, 0, 0, 0, 0, 0, 0, 0.00182237, 1.23606
29310, 0, 0, 0, 0, 0, 0, 0, 0, 0, 0, 0.00182237, 1.11322
29321, 0, 0, 0, 0, 0, 0, 0, 0, 0, 0, 0.00193282, 0.982707
29330, 0, 0, 0, 0, 0, 0, 0, 0, 0, 0, 0.00198804, 0.847585
29340, 0, 0, 0, 0, 0, 0, 0, 0, 0, 0, 0.00204326, 0.706321
29350, 0, 0, 0, 0, 0, 0, 0, 0, 0, 0, 0.00215371, 0.558915
29361, 0, 0, 0, 0, 0, 0, 0, 0, 0, 0, 0.00220893, 0.409973
29370, 0, 0, 0, 0, 0, 0, 0, 0, 0, 0, 0.00226416, 0.257961
29380, 0, 0, 0, 0, 0, 0, 0, 0, 0, 0, 0.00226416, 0.104413
29390, 0, 0, 0, 0, 0, 0, 0, 0, 0, 0, 0.00226416, -0.0491354
29401, 0, 0, 0, 0, 0, 0, 0, 0, 0, 0, 0.00226416, -0.202683
29410, 0, 0, 0, 0, 0, 0, 0, 0, 0, 0, 0.00226416, -0.353161
29420, 0, 0, 0, 0, 0, 0, 0, 0, 0, 0, 0.00226416, -0.500567
29430, 0, 0, 0, 0, 0, 0, 0, 0, 0, 0, 0.00226416, -0.644902
29441, 0, 0, 0, 0, 0, 0, 0, 0, 0, 0, 0.00226416, -0.783095
29450, 0, 0, 0, 0, 0, 0, 0, 0, 0, 0, 0.00226416, -0.916682
29460, 0, 0, 0, 0, 0, 0, 0, 0, 0, 0, 0.00204326, -1.04413
29470, 0, 0, 0, 0, 0, 0, 0, 0, 0, 0, 0.00198804, -1.16389
29480, 0, 0, 0, 0, 0, 0, 0, 0, 0, 0, 0.00193282, -1.27598
29491, 0, 0, 0, 0, 0, 0, 0, 0, 0, 0, 0.00182237, -1.38193
29500, 0, 0, 0, 0, 0, 0, 0, 0, 0, 0, 0.00182237, -1.47867
29510, 0, 0, 0, 0, 0, 0, 0, 0, 0, 0, 0.00182237, -1.56773
29520, 0, 0, 0, 0, 0, 0, 0, 0, 0, 0, 0.00171192, -1.65064
29531, 0, 0, 0, 0, 0, 0, 0, 0, 0, 0, 0.00171192, -1.72281
29540, 0, 0, 0, 0, 0, 0, 0, 0, 0, 0, 0.00171192, -1.78883
29550, 0, 0, 0, 0, 0, 0, 0, 0, 0, 0, 0.00171192, -1.84718
29560, 0, 0, 0, 0, 0, 0, 0, 0, 0, 0, 0.00171192, -1.89785
29571, 0, 0, 0, 0, 0, 0, 0, 0, 0, 0, 0.00171192, -1.94238
29580, 0, 0, 0, 0, 0, 0, 0, 0, 0, 0, 0.00171192, -1.9777
29590, 0, 0, 0, 0, 0, 0, 0, 0, 0, 0, 0.00171192, -2.00687
29600, 0, 0, 0, 0, 0, 0, 0, 0, 0, 0, 0.00171192, -2.02837
29611, 0, 0, 0, 0, 0, 0, 0, 0, 0, 0, 0.00171192, -2.04372
29620, 0, 0, 0, 0, 0, 0, 0, 0, 0, 0, 0.00171192, -2.0514
29630, 0, 0, 0, 0, 0, 0, 0, 0, 0, 0, 0.00171192, -2.05294
29640, 0, 0, 0, 0, 0, 0, 0, 0, 0, 0, 0.00171192, -2.04833
29650, 0, 0, 0, 0, 0, 0, 0, 0, 0, 0, 0.00171192, -2.03451
29660, 0, 0, 0, 0, 0, 0, 0, 0, 0, 0, 0.00171192, -2.01609
29670, 0, 0, 0, 0, 0, 0, 0, 0, 0, 0, 0.00171192, -1.98998
29680, 0, 0, 0, 0, 0, 0, 0, 0, 0, 0, 0.00171192, -1.9562
29690, 0, 0, 0, 0, 0, 0, 0, 0, 0, 0, 0.00171192, -1.91628
29701, 0, 0, 0, 0, 0, 0, 0, 0, 0, 0, 0.00171192, -1.86868
29710, 0, 0, 0, 0, 0, 0, 0, 0, 0, 0, 0.00171192, -1.8134
29720, 0, 0, 0, 0, 0, 0, 0, 0, 0, 0, 0.00171192, -1.75198
29730, 0, 0, 0, 0, 0, 0, 0, 0, 0, 0, 0.00171192, -1.68135
29741, 0, 0, 0, 0, 0, 0, 0, 0, 0, 0, 0.00171192, -1.60458
29750, 0, 0, 0, 0, 0, 0, 0, 0, 0, 0, 0.00171192, -1.52013
29760, 0, 0, 0, 0, 0, 0, 0, 0, 0, 0, 0.00171192, -1.428
29770, 0, 0, 0, 0, 0, 0, 0, 0, 0, 0, 0.00171192, -1.32819
29780, 0, 0, 0, 0, 0, 0, 0, 0, 0, 0, 0.00171192, -1.22071
29790, 0, 0, 0, 0, 0, 0, 0, 0, 0, 0, 0.00171192, -1.10555
29800, 0, 0, 0, 0, 0, 0, 0, 0, 0, 0, 0.0016567, -0.984243
29810, 0, 0, 0, 0, 0, 0, 0, 0, 0, 0, 0.00160148, -0.858334
29820, 0, 0, 0, 0, 0, 0, 0, 0, 0, 0, 0.00154625, -0.724747
29831, 0, 0, 0, 0, 0, 0, 0, 0, 0, 0, 0.00149103, -0.586554
29840, 0, 0, 0, 0, 0, 0, 0, 0, 0, 0, 0.00149103, -0.446825
29850, 0, 0, 0, 0, 0, 0, 0, 0, 0, 0, 0.00149103, -0.30249
29860, 0, 0, 0, 0, 0, 0, 0, 0, 0, 0, 0.00143581, -0.155084
29871, 0, 0, 0, 0, 0, 0, 0, 0, 0, 0, 0.00143581, -0.00921288
29880, 0, 0, 0, 0, 0, 0, 0, 0, 0, 0, 0.00143581, 0.138193
29890, 0, 0, 0, 0, 0, 0, 0, 0, 0, 0, 0.00143581, 0.282528
29900, 0, 0, 0, 0, 0, 0, 0, 0, 0, 0, 0.00143581, 0.425328
29911, 0, 0, 0, 0, 0, 0, 0, 0, 0, 0, 0.00143581, 0.565057
29920, 0, 0, 0, 0, 0, 0, 0, 0, 0, 0, 0.00143581, 0.698644
29930, 0, 0, 0, 0, 0, 0, 0, 0, 0, 0, 0.00149103, 0.829159
29940, 0, 0, 0, 0, 0, 0, 0, 0, 0, 0, 0.00149103, 0.951998
29950, 0, 0, 0, 0, 0, 0, 0, 0, 0, 0, 0.00160148, 1.06869
29961, 0, 0, 0, 0, 0, 0, 0, 0, 0, 0, 0.0016567, 1.17925
29970, 0, 0, 0, 0, 0, 0, 0, 0, 0, 0, 0.00176715, 1.28213
29980, 0, 0, 0, 0, 0, 0, 0, 0, 0, 0, 0.00182237, 1.37733
29990, 0, 0, 0, 0, 0, 0, 0, 0, 0, 0, 0.00182237, 1.46331
30001, 0, 0, 0, 0, 0, 0, 0, 0, 0, 0, 0.00182237, 1.54316
30010, 0, 0, 0, 0, 0, 0, 0, 0, 0, 0, 0.00182237, 1.61533
30020, 0, 0, 0, 0, 0, 0, 0, 0, 0, 0, 0.00182237, 1.67828
30030, 0, 0, 0, 0, 0, 0, 0, 0, 0, 0, 0.00182237, 1.73509
30041, 0, 0, 0, 0, 0, 0, 0, 0, 0, 0, 0.00182237, 1.78423
30050, 0, 0, 0, 0, 0, 0, 0, 0, 0, 0, 0.00182237, 1.82569
30060, 0, 0, 0, 0, 0, 0, 0, 0, 0, 0, 0.00182237, 1.85793
30070, 0, 0, 0, 0, 0, 0, 0, 0, 0, 0, 0.00182237, 1.88403
30081, 0, 0, 0, 0, 0, 0, 0, 0, 0, 0, 0.00182237, 1.90246
30090, 0, 0, 0, 0, 0, 0, 0, 0, 0, 0, 0.00182237, 1.91321
30100, 0, 0, 0, 0, 0, 0, 0, 0, 0, 0, 0.00182237, 1.91781
30110, 0, 0, 0, 0, 0, 0, 0, 0, 0, 0, 0.00182237, 1.91474
30120, 0, 0, 0, 0, 0, 0, 0, 0, 0, 0, 0.00182237, 1.904
30130, 0, 0, 0, 0, 0, 0, 0, 0, 0, 0, 0.00182237, 1.88557
30140, 0, 0, 0, 0, 0, 0, 0, 0, 0, 0, 0.00182237, 1.861
30150, 0, 0, 0, 0, 0, 0, 0, 0, 0, 0, 0.00182237, 1.82722
30160, 0, 0, 0, 0, 0, 0, 0, 0, 0, 0, 0.00182237, 1.7873
30171, 0, 0, 0, 0, 0, 0, 0, 0, 0, 0, 0.00182237, 1.7397
30180, 0, 0, 0, 0, 0, 0, 0, 0, 0, 0, 0.00182237, 1.68596
30190, 0, 0, 0, 0, 0, 0, 0, 0, 0, 0, 0.00182237, 1.623
30200, 0, 0, 0, 0, 0, 0, 0, 0, 0, 0, 0.00182237, 1.55237
30211, 0, 0, 0, 0, 0, 0, 0, 0, 0, 0, 0.00182237, 1.4756
30220, 0, 0, 0, 0, 0, 0, 0, 0, 0, 0, 0.00182237, 1.38961
30230, 0, 0, 0, 0, 0, 0, 0, 0, 0, 0, 0.00182237, 1.29748
30240, 0, 0, 0, 0, 0, 0, 0, 0, 0, 0, 0.00182237, 1.19614
30251, 0, 0, 0, 0, 0, 0, 0, 0, 0, 0, 0.00182237, 1.08866
30261, 0, 0, 0, 0, 0, 0, 0, 0, 0, 0, 0.00193282, 0.973495
30270, 0, 0, 0, 0, 0, 0, 0, 0, 0, 0, 0.00193282, 0.855263
30280, 0, 0, 0, 0, 0, 0, 0, 0, 0, 0, 0.00204326, 0.729353
30290, 0, 0, 0, 0, 0, 0, 0, 0, 0, 0, 0.00204326, 0.598837
30301, 0, 0, 0, 0, 0, 0, 0, 0, 0, 0, 0.00209849, 0.463715
30310, 0, 0, 0, 0, 0, 0, 0, 0, 0, 0, 0.00215371, 0.327057
30320, 0, 0, 0, 0, 0, 0, 0, 0, 0, 0, 0.00215371, 0.187329
30330, 0, 0, 0, 0, 0, 0, 0, 0, 0, 0, 0.00215371, 0.0475999
30341, 0, 0, 0, 0, 0, 0, 0, 0, 0, 0, 0.00215371, -0.0936643
30350, 0, 0, 0, 0, 0, 0, 0, 0, 0, 0, 0.00215371, -0.233393
30360, 0, 0, 0, 0, 0, 0, 0, 0, 0, 0, 0.00215371, -0.370051
30370, 0, 0, 0, 0, 0, 0, 0, 0, 0, 0, 0.00215371, -0.503638
30381, 0, 0, 0, 0, 0, 0, 0, 0, 0, 0, 0.00215371, -0.634153
30390, 0, 0, 0, 0, 0, 0, 0, 0, 0, 0, 0.00215371, -0.758527
30400, 0, 0, 0, 0, 0, 0, 0, 0, 0, 0, 0.00215371, -0.878295
30410, 0, 0, 0, 0, 0, 0, 0, 0, 0, 0, 0.00204326, -0.993456
30420, 0, 0, 0, 0, 0, 0, 0, 0, 0, 0, 0.00193282, -1.0994
30431, 0, 0, 0, 0, 0, 0, 0, 0, 0, 0, 0.00182237, -1.19921
30440, 0, 0, 0, 0, 0, 0, 0, 0, 0, 0, 0.00182237, -1.29134
30450, 0, 0, 0, 0, 0, 0, 0, 0, 0, 0, 0.00182237, -1.37579
30460, 0, 0, 0, 0, 0, 0, 0, 0, 0, 0, 0.00182237, -1.4541
30471, 0, 0, 0, 0, 0, 0, 0, 0, 0, 0, 0.00182237, -1.5232
30480, 0, 0, 0, 0, 0, 0, 0, 0, 0, 0, 0.00182237, -1.58462
30490, 0, 0, 0, 0, 0, 0, 0, 0, 0, 0, 0.00182237, -1.63836
30500, 0, 0, 0, 0, 0, 0, 0, 0, 0, 0, 0.00182237, -1.68442
30511, 0, 0, 0, 0, 0, 0, 0, 0, 0, 0, 0.00182237, -1.72281
30520, 0, 0, 0, 0, 0, 0, 0, 0, 0, 0, 0.00182237, -1.75352
30530, 0, 0, 0, 0, 0, 0, 0, 0, 0, 0, 0.00182237, -1.77502
30540, 0, 0, 0, 0, 0, 0, 0, 0, 0, 0, 0.00182237, -1.79037
30551, 0, 0, 0, 0, 0, 0, 0, 0, 0, 0, 0.00182237, -1.79805
30560, 0, 0, 0, 0, 0, 0, 0, 0, 0, 0, 0.00182237, -1.79958
30570, 0, 0, 0, 0, 0, 0, 0, 0, 0, 0, 0.00182237, -1.79191
30580, 0, 0, 0, 0, 0, 0, 0, 0, 0, 0, 0.00182237, -1.77655
30590, 0, 0, 0, 0, 0, 0, 0, 0, 0, 0, 0.00182237, -1.75505
30600, 0, 0, 0, 0, 0, 0, 0, 0, 0, 0, 0.00182237, -1.72434
30610, 0, 0, 0, 0, 0, 0, 0, 0, 0, 0, 0.00182237, -1.68749
30620, 0, 0, 0, 0, 0, 0, 0, 0, 0, 0, 0.00182237, -1.64143
30630, 0, 0, 0, 0, 0, 0, 0, 0, 0, 0, 0.00182237, -1.58922
30641, 0, 0, 0, 0, 0, 0, 0, 0, 0, 0, 0.00182237, -1.52934
30650, 0, 0, 0, 0, 0, 0, 0, 0, 0, 0, 0.00182237, -1.46178
30660, 0, 0, 0, 0, 0, 0, 0, 0, 0, 0, 0.00182237, -1.38654
30670, 0, 0, 0, 0, 0, 0, 0, 0, 0, 0, 0.00182237, -1.30209
30681, 0, 0, 0, 0, 0, 0, 0, 0, 0, 0, 0.00182237, -1.21303
30690, 0, 0, 0, 0, 0, 0, 0, 0, 0, 0, 0.00171192, -1.11322
30700, 0, 0, 0, 0, 0, 0, 0, 0, 0, 0, 0.00171192, -1.01035
30710, 0, 0, 0, 0, 0, 0, 0, 0, 0, 0, 0.00171192, -0.901327
30721, 0, 0, 0, 0, 0, 0, 0, 0, 0, 0, 0.0016567, -0.783095
30731, 0, 0, 0, 0, 0, 0, 0, 0, 0, 0, 0.00160148, -0.661792
30740, 0, 0, 0, 0, 0, 0, 0, 0, 0, 0, 0.00160148, -0.535883
30750, 0, 0, 0, 0, 0, 0, 0, 0, 0, 0, 0.00160148, -0.406902
30760, 0, 0, 0, 0, 0, 0, 0, 0, 0, 0, 0.00160148, -0.274851
30771, 0, 0, 0, 0, 0, 0, 0, 0, 0, 0, 0.00160148, -0.139729
30780, 0, 0, 0, 0, 0, 0, 0, 0, 0, 0, 0.00160148, -0.00614192
30790, 0, 0, 0, 0, 0, 0, 0, 0, 0, 0, 0.00160148, 0.12898
30800, 0, 0, 0, 0, 0, 0, 0, 0, 0, 0, 0.00160148, 0.262567
30811, 0, 0, 0, 0, 0, 0, 0, 0, 0, 0, 0.00160148, 0.393083
30820, 0, 0, 0, 0, 0, 0, 0, 0, 0, 0, 0.00160148, 0.520528
30830, 0, 0, 0, 0, 0, 0, 0, 0, 0, 0, 0.00160148, 0.643366
30840, 0, 0, 0, 0, 0, 0, 0, 0, 0, 0, 0.00160148, 0.761598
30851, 0, 0, 0, 0, 0, 0, 0, 0, 0, 0, 0.00160148, 0.875224
30860, 0, 0, 0, 0, 0, 0, 0, 0, 0, 0, 0.0016567, 0.982707
30870, 0, 0, 0, 0, 0, 0, 0, 0, 0, 0, 0.00171192, 1.08251
30880, 0, 0, 0, 0, 0, 0, 0, 0, 0, 0, 0.00182237, 1.17618
30891, 0, 0, 0, 0, 0, 0, 0, 0, 0, 0, 0.00182237, 1.26063
30901, 0, 0, 0, 0, 0, 0, 0, 0, 0, 0, 0.00187759, 1.34047
30910, 0, 0, 0, 0, 0, 0, 0, 0, 0, 0, 0.00187759, 1.41111
30920, 0, 0, 0, 0, 0, 0, 0, 0, 0, 0, 0.00187759, 1.47406
30930, 0, 0, 0, 0, 0, 0, 0, 0, 0, 0, 0.00187759, 1.52934
30941, 0, 0, 0, 0, 0, 0, 0, 0, 0, 0, 0.00187759, 1.57694
30950, 0, 0, 0, 0, 0, 0, 0, 0, 0, 0, 0.00187759, 1.61686
30960, 0, 0, 0, 0, 0, 0, 0, 0, 0, 0, 0.00187759, 1.64911
30970, 0, 0, 0, 0, 0, 0, 0, 0, 0, 0, 0.00187759, 1.67367
30981, 0, 0, 0, 0, 0, 0, 0, 0, 0, 0, 0.00187759, 1.69056
30990, 0, 0, 0, 0, 0, 0, 0, 0, 0, 0, 0.00187759, 1.69978
31000, 0, 0, 0, 0, 0, 0, 0, 0, 0, 0, 0.00187759, 1.70131
31010, 0, 0, 0, 0, 0, 0, 0, 0, 0, 0, 0.00187759, 1.69517
31021, 0, 0, 0, 0, 0, 0, 0, 0, 0, 0, 0.00187759, 1.68135
31030, 0, 0, 0, 0, 0, 0, 0, 0, 0, 0, 0.00187759, 1.65985
31040, 0, 0, 0, 0, 0, 0, 0, 0, 0, 0, 0.00187759, 1.62914
31050, 0, 0, 0, 0, 0, 0, 0, 0, 0, 0, 0.00187759, 1.59229
31060, 0, 0, 0, 0, 0, 0, 0, 0, 0, 0, 0.00187759, 1.54776
31070, 0, 0, 0, 0, 0, 0, 0, 0, 0, 0, 0.00187759, 1.49556
31080, 0, 0, 0, 0, 0, 0, 0, 0, 0, 0, 0.00187759, 1.43567
31090, 0, 0, 0, 0, 0, 0, 0, 0, 0, 0, 0.00187759, 1.36965
31100, 0, 0, 0, 0, 0, 0, 0, 0, 0, 0, 0.00187759, 1.29441
31111, 0, 0, 0, 0, 0, 0, 0, 0, 0, 0, 0.00187759, 1.21149
31120, 0, 0, 0, 0, 0, 0, 0, 0, 0, 0, 0.00187759, 1.12244
31130, 0, 0, 0, 0, 0, 0, 0, 0, 0, 0, 0.00187759, 1.0257
31140, 0, 0, 0, 0, 0, 0, 0, 0, 0, 0, 0.00193282, 0.922824
31151, 0, 0, 0, 0, 0, 0, 0, 0, 0, 0, 0.00193282, 0.81534
31160, 0, 0, 0, 0, 0, 0, 0, 0, 0, 0, 0.00204326, 0.700179
31170, 0, 0, 0, 0, 0, 0, 0, 0, 0, 0, 0.00204326, 0.581947
31180, 0, 0, 0, 0, 0, 0, 0, 0, 0, 0, 0.00204326, 0.460644
31191, 0, 0, 0, 0, 0, 0, 0, 0, 0, 0, 0.00204326, 0.333199
31200, 0, 0, 0, 0, 0, 0, 0, 0, 0, 0, 0.00209849, 0.205754
31210, 0, 0, 0, 0, 0, 0, 0, 0, 0, 0, 0.00209849, 0.076774
31220, 0, 0, 0, 0, 0, 0, 0, 0, 0, 0, 0.00209849, -0.0522063
31230, 0, 0, 0, 0, 0, 0, 0, 0, 0, 0, 0.00209849, -0.181187
31240, 0, 0, 0, 0, 0, 0, 0, 0, 0, 0, 0.00209849, -0.308632
31250, 0, 0, 0, 0, 0, 0, 0, 0, 0, 0, 0.00209849, -0.433005
31260, 0, 0, 0, 0, 0, 0, 0, 0, 0, 0, 0.00209849, -0.552773
31270, 0, 0, 0, 0, 0, 0, 0, 0, 0, 0, 0.00209849, -0.669469
31281, 0, 0, 0, 0, 0, 0, 0, 0, 0, 0, 0.00209849, -0.780024
31290, 0, 0, 0, 0, 0, 0, 0, 0, 0, 0, 0.00204326, -0.887508
31300, 0, 0, 0, 0, 0, 0, 0, 0, 0, 0, 0.00193282, -0.987314
31310, 0, 0, 0, 0, 0, 0, 0, 0, 0, 0, 0.00193282, -1.07944
31321, 0, 0, 0, 0, 0, 0, 0, 0, 0, 0, 0.00182237, -1.16543
31330, 0, 0, 0, 0, 0, 0, 0, 0, 0, 0, 0.00182237, -1.24374
31340, 0, 0, 0, 0, 0, 0, 0, 0, 0, 0, 0.00182237, -1.31437
31350, 0, 0, 0, 0, 0, 0, 0, 0, 0, 0, 0.00182237, -1.37886
31361, 0, 0, 0, 0, 0, 0, 0, 0, 0, 0, 0.00182237, -1.43414
31370, 0, 0, 0, 0, 0, 0, 0, 0, 0, 0, 0.00182237, -1.48327
31380, 0, 0, 0, 0, 0, 0, 0, 0, 0, 0, 0.00182237, -1.5232
31390, 0, 0, 0, 0, 0, 0, 0, 0, 0, 0, 0.00182237, -1.55698
31400, 0, 0, 0, 0, 0, 0, 0, 0, 0, 0, 0.00182237, -1.58154
31410, 0, 0, 0, 0, 0, 0, 0, 0, 0, 0, 0.00182237, -1.59844
31420, 0, 0, 0, 0, 0, 0, 0, 0, 0, 0, 0.00182237, -1.60918
31430, 0, 0, 0, 0, 0, 0, 0, 0, 0, 0, 0.00182237, -1.61072
31440, 0, 0, 0, 0, 0, 0, 0, 0, 0, 0, 0.00182237, -1.60458
31451, 0, 0, 0, 0, 0, 0, 0, 0, 0, 0, 0.00182237, -1.59076
31460, 0, 0, 0, 0, 0, 0, 0, 0, 0, 0, 0.00182237, -1.56926
31470, 0, 0, 0, 0, 0, 0, 0, 0, 0, 0, 0.00182237, -1.54009
31480, 0, 0, 0, 0, 0, 0, 0, 0, 0, 0, 0.00182237, -1.50477
31491, 0, 0, 0, 0, 0, 0, 0, 0, 0, 0, 0.00182237, -1.46024
31500, 0, 0, 0, 0, 0, 0, 0, 0, 0, 0, 0.00182237, -1.40804
31510, 0, 0, 0, 0, 0, 0, 0, 0, 0, 0, 0.00182237, -1.34969
31520, 0, 0, 0, 0, 0, 0, 0, 0, 0, 0, 0.00182237, -1.28213
31531, 0, 0, 0, 0, 0, 0, 0, 0, 0, 0, 0.00182237, -1.20842
31540, 0, 0, 0, 0, 0, 0, 0, 0, 0, 0, 0.00182237, -1.12704
31550, 0, 0, 0, 0, 0, 0, 0, 0, 0, 0, 0.00182237, -1.03952
31560, 0, 0, 0, 0, 0, 0, 0, 0, 0, 0, 0.00182237, -0.94432
31570, 0, 0, 0, 0, 0, 0, 0, 0, 0, 0, 0.00171192, -0.842979
31581, 0, 0, 0, 0, 0, 0, 0, 0, 0, 0, 0.00171192, -0.737031
31590, 0, 0, 0, 0, 0, 0, 0, 0, 0, 0, 0.00171192, -0.626476
31600, 0, 0, 0, 0, 0, 0, 0, 0, 0, 0, 0.00171192, -0.511315
31610, 0, 0, 0, 0, 0, 0, 0, 0, 0, 0, 0.00171192, -0.391548
31621, 0, 0, 0, 0, 0, 0, 0, 0, 0, 0, 0.00171192, -0.270245
31630, 0, 0, 0, 0, 0, 0, 0, 0, 0, 0, 0.00171192, -0.147406
31640, 0, 0, 0, 0, 0, 0, 0, 0, 0, 0, 0.00171192, -0.0230322
31650, 0, 0, 0, 0, 0, 0, 0, 0, 0, 0, 0.00171192, 0.101342
31661, 0, 0, 0, 0, 0, 0, 0, 0, 0, 0, 0.00171192, 0.22418
31670, 0, 0, 0, 0, 0, 0, 0, 0, 0, 0, 0.00171192, 0.345483
31680, 0, 0, 0, 0, 0, 0, 0, 0, 0, 0, 0.00171192, 0.463715
31690, 0, 0, 0, 0, 0, 0, 0, 0, 0, 0, 0.00171192, 0.577341
31700, 0, 0, 0, 0, 0, 0, 0, 0, 0, 0, 0.00171192, 0.687895
31710, 0, 0, 0, 0, 0, 0, 0, 0, 0, 0, 0.00171192, 0.792308
31720, 0, 0, 0, 0, 0, 0, 0, 0, 0, 0, 0.00171192, 0.890579
31730, 0, 0, 0, 0, 0, 0, 0, 0, 0, 0, 0.00176715, 0.984243
31740, 0, 0, 0, 0, 0, 0, 0, 0, 0, 0, 0.00182237, 1.07023
31751, 0, 0, 0, 0, 0, 0, 0, 0, 0, 0, 0.00187759, 1.15007
31760, 0, 0, 0, 0, 0, 0, 0, 0, 0, 0, 0.00193282, 1.22224
31770, 0, 0, 0, 0, 0, 0, 0, 0, 0, 0, 0.00193282, 1.28673
31780, 0, 0, 0, 0, 0, 0, 0, 0, 0, 0, 0.00193282, 1.34508
31791, 0, 0, 0, 0, 0, 0, 0, 0, 0, 0, 0.00193282, 1.39422
31800, 0, 0, 0, 0, 0, 0, 0, 0, 0, 0, 0.00193282, 1.43567
31810, 0, 0, 0, 0, 0, 0, 0, 0, 0, 0, 0.00193282, 1.47099
31820, 0, 0, 0, 0, 0, 0, 0, 0, 0, 0, 0.00193282, 1.49709
31831, 0, 0, 0, 0, 0, 0, 0, 0, 0, 0, 0.00193282, 1.51705
31840, 0, 0, 0, 0, 0, 0, 0, 0, 0, 0, 0.00193282, 1.5278
31850, 0, 0, 0, 0, 0, 0, 0, 0, 0, 0, 0.00193282, 1.53087
31860, 0, 0, 0, 0, 0, 0, 0, 0, 0, 0, 0.00193282, 1.52627
31870, 0, 0, 0, 0, 0, 0, 0, 0, 0, 0, 0.00193282, 1.51552
31880, 0, 0, 0, 0, 0, 0, 0, 0, 0, 0, 0.00193282, 1.49556
31890, 0, 0, 0, 0, 0, 0, 0, 0, 0, 0, 0.00193282, 1.46792
31900, 0, 0, 0, 0, 0, 0, 0, 0, 0, 0, 0.00193282, 1.4326
31910, 0, 0, 0, 0, 0, 0, 0, 0, 0, 0, 0.00193282, 1.39115
31921, 0, 0, 0, 0, 0, 0, 0, 0, 0, 0, 0.00193282, 1.34047
31930, 0, 0, 0, 0, 0, 0, 0, 0, 0, 0, 0.00193282, 1.28366
31940, 0, 0, 0, 0, 0, 0, 0, 0, 0, 0, 0.00193282, 1.21764
31950, 0, 0, 0, 0, 0, 0, 0, 0, 0, 0, 0.00193282, 1.147
31961, 0, 0, 0, 0, 0, 0, 0, 0, 0, 0, 0.00193282, 1.06716
31970, 0, 0, 0, 0, 0, 0, 0, 0, 0, 0, 0.00193282, 0.981172
31980, 0, 0, 0, 0, 0, 0, 0, 0, 0, 0, 0.00193282, 0.890579
31990, 0, 0, 0, 0, 0, 0, 0, 0, 0, 0, 0.00193282, 0.792308
32001, 0, 0, 0, 0, 0, 0, 0, 0, 0, 0, 0.00204326, 0.687895
32010, 0, 0, 0, 0, 0, 0, 0, 0, 0, 0, 0.00204326, 0.581947
32020, 0, 0, 0, 0, 0, 0, 0, 0, 0, 0, 0.00204326, 0.469857
32030, 0, 0, 0, 0, 0, 0, 0, 0, 0, 0, 0.00204326, 0.354696
32040, 0, 0, 0, 0, 0, 0, 0, 0, 0, 0, 0.00204326, 0.237999
32051, 0, 0, 0, 0, 0, 0, 0, 0, 0, 0, 0.00204326, 0.118232
32060, 0, 0, 0, 0, 0, 0, 0, 0, 0, 0, 0.00204326, 0
32070, 0, 0, 0, 0, 0, 0, 0, 0, 0, 0, 0.00204326, -0.119767
32080, 0, 0, 0, 0, 0, 0, 0, 0, 0, 0, 0.00204326, -0.237999
32091, 0, 0, 0, 0, 0, 0, 0, 0, 0, 0, 0.00204326, -0.353161
32100, 0, 0, 0, 0, 0, 0, 0, 0, 0, 0, 0.00204326, -0.466786
32110, 0, 0, 0, 0, 0, 0, 0, 0, 0, 0, 0.00204326, -0.575805
32120, 0, 0, 0, 0, 0, 0, 0, 0, 0, 0, 0.00204326, -0.680218
32131, 0, 0, 0, 0, 0, 0, 0, 0, 0, 0, 0.00204326, -0.780024
32141, 0, 0, 0, 0, 0, 0, 0, 0, 0, 0, 0.00193282, -0.875224
32150, 0, 0, 0, 0, 0, 0, 0, 0, 0, 0, 0.00193282, -0.961211
32160, 0, 0, 0, 0, 0, 0, 0, 0, 0, 0, 0.00182237, -1.04413
32171, 0, 0, 0, 0, 0, 0, 0, 0, 0, 0, 0.00182237, -1.11783
32180, 0, 0, 0, 0, 0, 0, 0, 0, 0, 0, 0.00182237, -1.18539
32190, 0, 0, 0, 0, 0, 0, 0, 0, 0, 0, 0.00182237, -1.24527
32200, 0, 0, 0, 0, 0, 0, 0, 0, 0, 0, 0.00182237, -1.29902
32210, 0, 0, 0, 0, 0, 0, 0, 0, 0, 0, 0.00182237, -1.34355
32221, 0, 0, 0, 0, 0, 0, 0, 0, 0, 0, 0.00182237, -1.38193
32230, 0, 0, 0, 0, 0, 0, 0, 0, 0, 0, 0.00182237, -1.41264
32240, 0, 0, 0, 0, 0, 0, 0, 0, 0, 0, 0.00182237, -1.43567
32250, 0, 0, 0, 0, 0, 0, 0, 0, 0, 0, 0.00182237, -1.44949
32261, 0, 0, 0, 0, 0, 0, 0, 0, 0, 0, 0.00182237, -1.45717
32270, 0, 0, 0, 0, 0, 0, 0, 0, 0, 0, 0.00182237, -1.45717
32280, 0, 0, 0, 0, 0, 0, 0, 0, 0, 0, 0.00182237, -1.44796
32290, 0, 0, 0, 0, 0, 0, 0, 0, 0, 0, 0.00182237, -1.4326
32301, 0, 0, 0, 0, 0, 0, 0, 0, 0, 0, 0.00182237, -1.40957
32310, 0, 0, 0, 0, 0, 0, 0, 0, 0, 0, 0.00182237, -1.37886
32320, 0, 0, 0, 0, 0, 0, 0, 0, 0, 0, 0.00182237, -1.33894
32330, 0, 0, 0, 0, 0, 0, 0, 0, 0, 0, 0.00182237, -1.29441
32340, 0, 0, 0, 0, 0, 0, 0, 0, 0, 0, 0.00182237, -1.24067
32350, 0, 0, 0, 0, 0, 0, 0, 0, 0, 0, 0.00182237, -1.18078
32360, 0, 0, 0, 0, 0, 0, 0, 0, 0, 0, 0.00182237, -1.11169
32370, 0, 0, 0, 0, 0, 0, 0, 0, 0, 0, 0.00182237, -1.03798
32380, 0, 0, 0, 0, 0, 0, 0, 0, 0, 0, 0.00182237, -0.956604
32391, 0, 0, 0, 0, 0, 0, 0, 0, 0, 0, 0.00182237, -0.870617
32400, 0, 0, 0, 0, 0, 0, 0, 0, 0, 0, 0.00182237, -0.778489
32410, 0, 0, 0, 0, 0, 0, 0, 0, 0, 0, 0.00182237, -0.680218
32420, 0, 0, 0, 0, 0, 0, 0, 0, 0, 0, 0.00182237, -0.577341
32431, 0, 0, 0, 0, 0, 0, 0, 0, 0, 0, 0.00182237, -0.469857
32440, 0, 0, 0, 0, 0, 0, 0, 0, 0, 0, 0.00182237, -0.360838
32450, 0, 0, 0, 0, 0, 0, 0, 0, 0, 0, 0.00182237, -0.247212
32460, 0, 0, 0, 0, 0, 0, 0, 0, 0, 0, 0.00182237, -0.133587
32471, 0, 0, 0, 0, 0, 0, 0, 0, 0, 0, 0.00182237, -0.0184258
32480, 0, 0, 0, 0, 0, 0, 0, 0, 0, 0, 0.00182237, 0.0951998
32490, 0, 0, 0, 0, 0, 0, 0, 0, 0, 0, 0.00182237, 0.210361
32500, 0, 0, 0, 0, 0, 0, 0, 0, 0, 0, 0.00182237, 0.320915
32510, 0, 0, 0, 0, 0, 0, 0, 0, 0, 0, 0.00182237, 0.43147
32521, 0, 0, 0, 0, 0, 0, 0, 0, 0, 0, 0.00182237, 0.537418
32530, 0, 0, 0, 0, 0, 0, 0, 0, 0, 0, 0.00182237, 0.63876
32540, 0, 0, 0, 0, 0, 0, 0, 0, 0, 0, 0.00182237, 0.73396
32550, 0, 0, 0, 0, 0, 0, 0, 0, 0, 0, 0.00182237, 0.826088
32561, 0, 0, 0, 0, 0, 0, 0, 0, 0, 0, 0.00182237, 0.91054
32570, 0, 0, 0, 0, 0, 0, 0, 0, 0, 0, 0.00182237, 0.990385
32580, 0, 0, 0, 0, 0, 0, 0, 0, 0, 0, 0.00187759, 1.06255
32590, 0, 0, 0, 0, 0, 0, 0, 0, 0, 0, 0.00193282, 1.12858
32601, 0, 0, 0, 0, 0, 0, 0, 0, 0, 0, 0.00193282, 1.18693
32610, 0, 0, 0, 0, 0, 0, 0, 0, 0, 0, 0.00193282, 1.23913
32620, 0, 0, 0, 0, 0, 0, 0, 0, 0, 0, 0.00193282, 1.28366
32630, 0, 0, 0, 0, 0, 0, 0, 0, 0, 0, 0.00193282, 1.32051
32641, 0, 0, 0, 0, 0, 0, 0, 0, 0, 0, 0.00193282, 1.34969
32650, 0, 0, 0, 0, 0, 0, 0, 0, 0, 0, 0.00193282, 1.37118
32660, 0, 0, 0, 0, 0, 0, 0, 0, 0, 0, 0.00193282, 1.385
32670, 0, 0, 0, 0, 0, 0, 0, 0, 0, 0, 0.00193282, 1.39115
32680, 0, 0, 0, 0, 0, 0, 0, 0, 0, 0, 0.00193282, 1.38961
32690, 0, 0, 0, 0, 0, 0, 0, 0, 0, 0, 0.00193282, 1.38193
32700, 0, 0, 0, 0, 0, 0, 0, 0, 0, 0, 0.00193282, 1.36504
32710, 0, 0, 0, 0, 0, 0, 0, 0, 0, 0, 0.00193282, 1.34047
32720, 0, 0, 0, 0, 0, 0, 0, 0, 0, 0, 0.00193282, 1.30976
32731, 0, 0, 0, 0, 0, 0, 0, 0, 0, 0, 0.00193282, 1.27138
32740, 0, 0, 0, 0, 0, 0, 0, 0, 0, 0, 0.00193282, 1.22531
32750, 0, 0, 0, 0, 0, 0, 0, 0, 0, 0, 0.00193282, 1.17157
32760, 0, 0, 0, 0, 0, 0, 0, 0, 0, 0, 0.00193282, 1.11169
32771, 0, 0, 0, 0, 0, 0, 0, 0, 0, 0, 0.00193282, 1.04413
32780, 0, 0, 0, 0, 0, 0, 0, 0, 0, 0, 0.00193282, 0.970424
32790, 0, 0, 0, 0, 0, 0, 0, 0, 0, 0, 0.00193282, 0.890579
32800, 0, 0, 0, 0, 0, 0, 0, 0, 0, 0, 0.00193282, 0.804592
32811, 0, 0, 0, 0, 0, 0, 0, 0, 0, 0, 0.00193282, 0.712463
32820, 0, 0, 0, 0, 0, 0, 0, 0, 0, 0, 0.00193282, 0.615728
32830, 0, 0, 0, 0, 0, 0, 0, 0, 0, 0, 0.00198804, 0.515921
32840, 0, 0, 0, 0, 0, 0, 0, 0, 0, 0, 0.00204326, 0.411509
32850, 0, 0, 0, 0, 0, 0, 0, 0, 0, 0, 0.00204326, 0.305561
32861, 0, 0, 0, 0, 0, 0, 0, 0, 0, 0, 0.00204326, 0.196541
32870, 0, 0, 0, 0, 0, 0, 0, 0, 0, 0, 0.00204326, 0.0859869
32880, 0, 0, 0, 0, 0, 0, 0, 0, 0, 0, 0.00204326, -0.0245677
32890, 0, 0, 0, 0, 0, 0, 0, 0, 0, 0, 0.00204326, -0.135122
32901, 0, 0, 0, 0, 0, 0, 0, 0, 0, 0, 0.00204326, -0.244141
32910, 0, 0, 0, 0, 0, 0, 0, 0, 0, 0, 0.00204326, -0.35009
32920, 0, 0, 0, 0, 0, 0, 0, 0, 0, 0, 0.00204326, -0.454502
32930, 0, 0, 0, 0, 0, 0, 0, 0, 0, 0, 0.00204326, -0.554308
32941, 0, 0, 0, 0, 0, 0, 0, 0, 0, 0, 0.00204326, -0.649508
32950, 0, 0, 0, 0, 0, 0, 0, 0, 0, 0, 0.00198804, -0.741637
32960, 0, 0, 0, 0, 0, 0, 0, 0, 0, 0, 0.00193282, -0.827624
32970, 0, 0, 0, 0, 0, 0, 0, 0, 0, 0, 0.00193282, -0.905933
32980, 0, 0, 0, 0, 0, 0, 0, 0, 0, 0, 0.00187759, -0.981172
32991, 0, 0, 0, 0, 0, 0, 0, 0, 0, 0, 0.00182237, -1.0472
33000, 0, 0, 0, 0, 0, 0, 0, 0, 0, 0, 0.00182237, -1.10862
33010, 0, 0, 0, 0, 0, 0, 0, 0, 0, 0, 0.00182237, -1.16082
33020, 0, 0, 0, 0, 0, 0, 0, 0, 0, 0, 0.00182237, -1.20689
33031, 0, 0, 0, 0, 0, 0, 0, 0, 0, 0, 0.00182237, -1.24681
33040, 0, 0, 0, 0, 0, 0, 0, 0, 0, 0, 0.00182237, -1.27752
33050, 0, 0, 0, 0, 0, 0, 0, 0, 0, 0, 0.00182237, -1.30209
33060, 0, 0, 0, 0, 0, 0, 0, 0, 0, 0, 0.00182237, -1.31898
33071, 0, 0, 0, 0, 0, 0, 0, 0, 0, 0, 0.00182237, -1.32819
33080, 0, 0, 0, 0, 0, 0, 0, 0, 0, 0, 0.00182237, -1.32973
33090, 0, 0, 0, 0, 0, 0, 0, 0, 0, 0, 0.00182237, -1.32358
33100, 0, 0, 0, 0, 0, 0, 0, 0, 0, 0, 0.00182237, -1.30976
33111, 0, 0, 0, 0, 0, 0, 0, 0, 0, 0, 0.00182237, -1.2898
33120, 0, 0, 0, 0, 0, 0, 0, 0, 0, 0, 0.00182237, -1.26063
33130, 0, 0, 0, 0, 0, 0, 0, 0, 0, 0, 0.00182237, -1.22531
33140, 0, 0, 0, 0, 0, 0, 0, 0, 0, 0, 0.00182237, -1.18386
33150, 0, 0, 0, 0, 0, 0, 0, 0, 0, 0, 0.00182237, -1.13318
33160, 0, 0, 0, 0, 0, 0, 0, 0, 0, 0, 0.00182237, -1.07637
33170, 0, 0, 0, 0, 0, 0, 0, 0, 0, 0, 0.00182237, -1.01342
33180, 0, 0, 0, 0, 0, 0, 0, 0, 0, 0, 0.00182237, -0.94432
33190, 0, 0, 0, 0, 0, 0, 0, 0, 0, 0, 0.00182237, -0.867546
33201, 0, 0, 0, 0, 0, 0, 0, 0, 0, 0, 0.00182237, -0.786166
33210, 0, 0, 0, 0, 0, 0, 0, 0, 0, 0, 0.00182237, -0.700179
33220, 0, 0, 0, 0, 0, 0, 0, 0, 0, 0, 0.00182237, -0.60805
33230, 0, 0, 0, 0, 0, 0, 0, 0, 0, 0, 0.00182237, -0.511315
33241, 0, 0, 0, 0, 0, 0, 0, 0, 0, 0, 0.00182237, -0.413044
33250, 0, 0, 0, 0, 0, 0, 0, 0, 0, 0, 0.00182237, -0.310167
33260, 0, 0, 0, 0, 0, 0, 0, 0, 0, 0, 0.00182237, -0.205754
33270, 0, 0, 0, 0, 0, 0, 0, 0, 0, 0, 0.00182237, -0.0998062
33281, 0, 0, 0, 0, 0, 0, 0, 0, 0, 0, 0.00182237, 0.0076774
33290, 0, 0, 0, 0, 0, 0, 0, 0, 0, 0, 0.00182237, 0.113626
33300, 0, 0, 0, 0, 0, 0, 0, 0, 0, 0, 0.00182237, 0.218038
33310, 0, 0, 0, 0, 0, 0, 0, 0, 0, 0, 0.00182237, 0.320915
33320, 0, 0, 0, 0, 0, 0, 0, 0, 0, 0, 0.00182237, 0.422257
33331, 0, 0, 0, 0, 0, 0, 0, 0, 0, 0, 0.00182237, 0.518992
33340, 0, 0, 0, 0, 0, 0, 0, 0, 0, 0, 0.00182237, 0.612657
33350, 0, 0, 0, 0, 0, 0, 0, 0, 0, 0, 0.00182237, 0.700179
33360, 0, 0, 0, 0, 0, 0, 0, 0, 0, 0, 0.00182237, 0.783095
33371, 0, 0, 0, 0, 0, 0, 0, 0, 0, 0, 0.00182237, 0.861404
33380, 0, 0, 0, 0, 0, 0, 0, 0, 0, 0, 0.00182237, 0.932037
33390, 0, 0, 0, 0, 0, 0, 0, 0, 0, 0, 0.00187759, 0.998062
33400, 0, 0, 0, 0, 0, 0, 0, 0, 0, 0, 0.00187759, 1.05641
33411, 0, 0, 0, 0, 0, 0, 0, 0, 0, 0, 0.00193282, 1.10862
33420, 0, 0, 0, 0, 0, 0, 0, 0, 0, 0, 0.00193282, 1.15468
33430, 0, 0, 0, 0, 0, 0, 0, 0, 0, 0, 0.00193282, 1.19153
33440, 0, 0, 0, 0, 0, 0, 0, 0, 0, 0, 0.00193282, 1.22224
33451, 0, 0, 0, 0, 0, 0, 0, 0, 0, 0, 0.00193282, 1.24527
33460, 0, 0, 0, 0, 0, 0, 0, 0, 0, 0, 0.00193282, 1.26216
33470, 0, 0, 0, 0, 0, 0, 0, 0, 0, 0, 0.00193282, 1.26984
33480, 0, 0, 0, 0, 0, 0, 0, 0, 0, 0, 0.00193282, 1.27138
33490, 0, 0, 0, 0, 0, 0, 0, 0, 0, 0, 0.00193282, 1.26524
33500, 0, 0, 0, 0, 0, 0, 0, 0, 0, 0, 0.00193282, 1.25295
33510, 0, 0, 0, 0, 0, 0, 0, 0, 0, 0, 0.00193282, 1.23146
33520, 0, 0, 0, 0, 0, 0, 0, 0, 0, 0, 0.00193282, 1.20382
33530, 0, 0, 0, 0, 0, 0, 0, 0, 0, 0, 0.00193282, 1.1685
33541, 0, 0, 0, 0, 0, 0, 0, 0, 0, 0, 0.00193282, 1.12551
33550, 0, 0, 0, 0, 0, 0, 0, 0, 0, 0, 0.00193282, 1.07637
33560, 0, 0, 0, 0, 0, 0, 0, 0, 0, 0, 0.00193282, 1.02109
33570, 0, 0, 0, 0, 0, 0, 0, 0, 0, 0, 0.00193282, 0.95814
33581, 0, 0, 0, 0, 0, 0, 0, 0, 0, 0, 0.00193282, 0.890579
33590, 0, 0, 0, 0, 0, 0, 0, 0, 0, 0, 0.00193282, 0.81534
33600, 0, 0, 0, 0, 0, 0, 0, 0, 0, 0, 0.00193282, 0.735495
33610, 0, 0, 0, 0, 0, 0, 0, 0, 0, 0, 0.00193282, 0.651044
33620, 0, 0, 0, 0, 0, 0, 0, 0, 0, 0, 0.00193282, 0.56045
33630, 0, 0, 0, 0, 0, 0, 0, 0, 0, 0, 0.00193282, 0.466786
33640, 0, 0, 0, 0, 0, 0, 0, 0, 0, 0, 0.00193282, 0.370051
33650, 0, 0, 0, 0, 0, 0, 0, 0, 0, 0, 0.00193282, 0.270245
33660, 0, 0, 0, 0, 0, 0, 0, 0, 0, 0, 0.00193282, 0.170438
33671, 0, 0, 0, 0, 0, 0, 0, 0, 0, 0, 0.00193282, 0.0675611
33680, 0, 0, 0, 0, 0, 0, 0, 0, 0, 0, 0.00193282, -0.0353161
33690, 0, 0, 0, 0, 0, 0, 0, 0, 0, 0, 0.00193282, -0.136658
33700, 0, 0, 0, 0, 0, 0, 0, 0, 0, 0, 0.00193282, -0.237999
33711, 0, 0, 0, 0, 0, 0, 0, 0, 0, 0, 0.00193282, -0.33627
33720, 0, 0, 0, 0, 0, 0, 0, 0, 0, 0, 0.00193282, -0.433005
33730, 0, 0, 0, 0, 0, 0, 0, 0, 0, 0, 0.00193282, -0.525134
33740, 0, 0, 0, 0, 0, 0, 0, 0, 0, 0, 0.00193282, -0.614192
33751, 0, 0, 0, 0, 0, 0, 0, 0, 0, 0, 0.00193282, -0.697108
33760, 0, 0, 0, 0, 0, 0, 0, 0, 0, 0, 0.00193282, -0.776953
33770, 0, 0, 0, 0, 0, 0, 0, 0, 0, 0, 0.00193282, -0.849121
33780, 0, 0, 0, 0, 0, 0, 0, 0, 0, 0, 0.00193282, -0.916682
33790, 0, 0, 0, 0, 0, 0, 0, 0, 0, 0, 0.00182237, -0.978101
33800, 0, 0, 0, 0, 0, 0, 0, 0, 0, 0, 0.00182237, -1.03338
33810, 0, 0, 0, 0, 0, 0, 0, 0, 0, 0, 0.00182237, -1.08098
33820, 0, 0, 0, 0, 0, 0, 0, 0, 0, 0, 0.00182237, -1.12244
33830, 0, 0, 0, 0, 0, 0, 0, 0, 0, 0, 0.00182237, -1.15622
33841, 0, 0, 0, 0, 0, 0, 0, 0, 0, 0, 0.00182237, -1.18232
33850, 0, 0, 0, 0, 0, 0, 0, 0, 0, 0, 0.00182237, -1.20228
33860, 0, 0, 0, 0, 0, 0, 0, 0, 0, 0, 0.00182237, -1.21456
33870, 0, 0, 0, 0, 0, 0, 0, 0, 0, 0, 0.00182237, -1.22071
33881, 0, 0, 0, 0, 0, 0, 0, 0, 0, 0, 0.00182237, -1.21764
33890, 0, 0, 0, 0, 0, 0, 0, 0, 0, 0, 0.00182237, -1.20842
33900, 0, 0, 0, 0, 0, 0, 0, 0, 0, 0, 0.00182237, -1.19307
33910, 0, 0, 0, 0, 0, 0, 0, 0, 0, 0, 0.00182237, -1.1685
33921, 0, 0, 0, 0, 0, 0, 0, 0, 0, 0, 0.00182237, -1.13779
33930, 0, 0, 0, 0, 0, 0, 0, 0, 0, 0, 0.00182237, -1.10094
33940, 0, 0, 0, 0, 0, 0, 0, 0, 0, 0, 0.00182237, -1.05641
33950, 0, 0, 0, 0, 0, 0, 0, 0, 0, 0, 0.00182237, -1.00574
33960, 0, 0, 0, 0, 0, 0, 0, 0, 0, 0, 0.00182237, -0.947391
33971, 0, 0, 0, 0, 0, 0, 0, 0, 0, 0, 0.00182237, -0.884437
33980, 0, 0, 0, 0, 0, 0, 0, 0, 0, 0, 0.00182237, -0.81534
33990, 0, 0, 0, 0, 0, 0, 0, 0, 0, 0, 0.00182237, -0.740102
34000, 0, 0, 0, 0, 0, 0, 0, 0, 0, 0, 0.00182237, -0.660257
34011, 0, 0, 0, 0, 0, 0, 0, 0, 0, 0, 0.00182237, -0.575805
34020, 0, 0, 0, 0, 0, 0, 0, 0, 0, 0, 0.00182237, -0.486747
34030, 0, 0, 0, 0, 0, 0, 0, 0, 0, 0, 0.00182237, -0.394618
34040, 0, 0, 0, 0, 0, 0, 0, 0, 0, 0, 0.00182237, -0.299419
34051, 0, 0, 0, 0, 0, 0, 0, 0, 0, 0, 0.00182237, -0.202683
34060, 0, 0, 0, 0, 0, 0, 0, 0, 0, 0, 0.00182237, -0.104413
34070, 0, 0, 0, 0, 0, 0, 0, 0, 0, 0, 0.00182237, -0.00460644
34080, 0, 0, 0, 0, 0, 0, 0, 0, 0, 0, 0.00182237, 0.0936643
34091, 0, 0, 0, 0, 0, 0, 0, 0, 0, 0, 0.00182237, 0.191935
34100, 0, 0, 0, 0, 0, 0, 0, 0, 0, 0, 0.00182237, 0.287135
34110, 0, 0, 0, 0, 0, 0, 0, 0, 0, 0, 0.00182237, 0.380799
34120, 0, 0, 0, 0, 0, 0, 0, 0, 0, 0, 0.00182237, 0.471392
34130, 0, 0, 0, 0, 0, 0, 0, 0, 0, 0, 0.00182237, 0.558915
34141, 0, 0, 0, 0, 0, 0, 0, 0, 0, 0, 0.00182237, 0.641831
34150, 0, 0, 0, 0, 0, 0, 0, 0, 0, 0, 0.00182237, 0.718605
34160, 0, 0, 0, 0, 0, 0, 0, 0, 0, 0, 0.00182237, 0.792308
34170, 0, 0, 0, 0, 0, 0, 0, 0, 0, 0, 0.00182237, 0.858334
34181, 0, 0, 0, 0, 0, 0, 0, 0, 0, 0, 0.00182237, 0.919753
34190, 0, 0, 0, 0, 0, 0, 0, 0, 0, 0, 0.00187759, 0.97503
34200, 0, 0, 0, 0, 0, 0, 0, 0, 0, 0, 0.00187759, 1.02263
34210, 0, 0, 0, 0, 0, 0, 0, 0, 0, 0, 0.00193282, 1.06562
34221, 0, 0, 0, 0, 0, 0, 0, 0, 0, 0, 0.00193282, 1.0994
34230, 0, 0, 0, 0, 0, 0, 0, 0, 0, 0, 0.00193282, 1.12858
34240, 0, 0, 0, 0, 0, 0, 0, 0, 0, 0, 0.00193282, 1.14854
34250, 0, 0, 0, 0, 0, 0, 0, 0, 0, 0, 0.00193282, 1.16236
34260, 0, 0, 0, 0, 0, 0, 0, 0, 0, 0, 0.00193282, 1.17004
34270, 0, 0, 0, 0, 0, 0, 0, 0, 0, 0, 0.00193282, 1.17004
34280, 0, 0, 0, 0, 0, 0, 0, 0, 0, 0, 0.00193282, 1.16236
34290, 0, 0, 0, 0, 0, 0, 0, 0, 0, 0, 0.00193282, 1.147
34300, 0, 0, 0, 0, 0, 0, 0, 0, 0, 0, 0.00193282, 1.12551
34310, 0, 0, 0, 0, 0, 0, 0, 0, 0, 0, 0.00193282, 1.09787
34320, 0, 0, 0, 0, 0, 0, 0, 0, 0, 0, 0.00193282, 1.06255
34330, 0, 0, 0, 0, 0, 0, 0, 0, 0, 0, 0.00193282, 1.02109
34340, 0, 0, 0, 0, 0, 0, 0, 0, 0, 0, 0.00193282, 0.971959
34351, 0, 0, 0, 0, 0, 0, 0, 0, 0, 0, 0.00193282, 0.916682
34360, 0, 0, 0, 0, 0, 0, 0, 0, 0, 0, 0.00193282, 0.856798
34370, 0, 0, 0, 0, 0, 0, 0, 0, 0, 0, 0.00193282, 0.790772
34380, 0, 0, 0, 0, 0, 0, 0, 0, 0, 0, 0.00193282, 0.718605
34391, 0, 0, 0, 0, 0, 0, 0, 0, 0, 0, 0.00193282, 0.641831
34400, 0, 0, 0, 0, 0, 0, 0, 0, 0, 0, 0.00193282, 0.56045
34410, 0, 0, 0, 0, 0, 0, 0, 0, 0, 0, 0.00193282, 0.474463
34420, 0, 0, 0, 0, 0, 0, 0, 0, 0, 0, 0.00193282, 0.386941
34430, 0, 0, 0, 0, 0, 0, 0, 0, 0, 0, 0.00193282, 0.294812
34440, 0, 0, 0, 0, 0, 0, 0, 0, 0, 0, 0.00193282, 0.201148
34450, 0, 0, 0, 0, 0, 0, 0, 0, 0, 0, 0.00193282, 0.105948
34460, 0, 0, 0, 0, 0, 0, 0, 0, 0, 0, 0.00193282, 0.0107484
34470, 0, 0, 0, 0, 0, 0, 0, 0, 0, 0, 0.00193282, -0.0844514
34481, 0, 0, 0, 0, 0, 0, 0, 0, 0, 0, 0.00193282, -0.179651
34490, 0, 0, 0, 0, 0, 0, 0, 0, 0, 0, 0.00193282, -0.27178
34500, 0, 0, 0, 0, 0, 0, 0, 0, 0, 0, 0.00193282, -0.362373
34510, 0, 0, 0, 0, 0, 0, 0, 0, 0, 0, 0.00193282, -0.449896
34521, 0, 0, 0, 0, 0, 0, 0, 0, 0, 0, 0.00193282, -0.534347
34530, 0, 0, 0, 0, 0, 0, 0, 0, 0, 0, 0.00193282, -0.614192
34540, 0, 0, 0, 0, 0, 0, 0, 0, 0, 0, 0.00193282, -0.689431
34550, 0, 0, 0, 0, 0, 0, 0, 0, 0, 0, 0.00193282, -0.760063
34561, 0, 0, 0, 0, 0, 0, 0, 0, 0, 0, 0.00193282, -0.824553
34570, 0, 0, 0, 0, 0, 0, 0, 0, 0, 0, 0.00187759, -0.884437
34580, 0, 0, 0, 0, 0, 0, 0, 0, 0, 0, 0.00182237, -0.938179
34590, 0, 0, 0, 0, 0, 0, 0, 0, 0, 0, 0.00182237, -0.984243
34600, 0, 0, 0, 0, 0, 0, 0, 0, 0, 0, 0.00182237, -1.02417
34610, 0, 0, 0, 0, 0, 0, 0, 0, 0, 0, 0.00182237, -1.05795
34620, 0, 0, 0, 0, 0, 0, 0, 0, 0, 0, 0.00182237, -1.08558
34630, 0, 0, 0, 0, 0, 0, 0, 0, 0, 0, 0.00182237, -1.10555
34640, 0, 0, 0, 0, 0, 0, 0, 0, 0, 0, 0.00182237, -1.11783
34651, 0, 0, 0, 0, 0, 0, 0, 0, 0, 0, 0.00182237, -1.12397
34660, 0, 0, 0, 0, 0, 0, 0, 0, 0, 0, 0.00182237, -1.12397
34670, 0, 0, 0, 0, 0, 0, 0, 0, 0, 0, 0.00182237, -1.11629
34680, 0, 0, 0, 0, 0, 0, 0, 0, 0, 0, 0.00182237, -1.10094
34691, 0, 0, 0, 0, 0, 0, 0, 0, 0, 0, 0.00182237, -1.07944
34700, 0, 0, 0, 0, 0, 0, 0, 0, 0, 0, 0.00182237, -1.0518
34710, 0, 0, 0, 0, 0, 0, 0, 0, 0, 0, 0.00182237, -1.01649
34720, 0, 0, 0, 0, 0, 0, 0, 0, 0, 0, 0.00182237, -0.97503
34731, 0, 0, 0, 0, 0, 0, 0, 0, 0, 0, 0.00182237, -0.92743
34740, 0, 0, 0, 0, 0, 0, 0, 0, 0, 0, 0.00182237, -0.873688
34750, 0, 0, 0, 0, 0, 0, 0, 0, 0, 0, 0.00182237, -0.813805
34760, 0, 0, 0, 0, 0, 0, 0, 0, 0, 0, 0.00182237, -0.749314
34770, 0, 0, 0, 0, 0, 0, 0, 0, 0, 0, 0.00182237, -0.678682
34781, 0, 0, 0, 0, 0, 0, 0, 0, 0, 0, 0.00182237, -0.603444
34790, 0, 0, 0, 0, 0, 0, 0, 0, 0, 0, 0.00182237, -0.525134
34800, 0, 0, 0, 0, 0, 0, 0, 0, 0, 0, 0.00182237, -0.442218
34810, 0, 0, 0, 0, 0, 0, 0, 0, 0, 0, 0.00182237, -0.356231
34821, 0, 0, 0, 0, 0, 0, 0, 0, 0, 0, 0.00182237, -0.267174
34830, 0, 0, 0, 0, 0, 0, 0, 0, 0, 0, 0.00182237, -0.17658
34840, 0, 0, 0, 0, 0, 0, 0, 0, 0, 0, 0.00182237, -0.0844514
34850, 0, 0, 0, 0, 0, 0, 0, 0, 0, 0, 0.00182237, 0.0076774
34861, 0, 0, 0, 0, 0, 0, 0, 0, 0, 0, 0.00182237, 0.0982707
34870, 0, 0, 0, 0, 0, 0, 0, 0, 0, 0, 0.00182237, 0.1904
34880, 0, 0, 0, 0, 0, 0, 0, 0, 0, 0, 0.00182237, 0.279457
34890, 0, 0, 0, 0, 0, 0, 0, 0, 0, 0, 0.00182237, 0.36698
34900, 0, 0, 0, 0, 0, 0, 0, 0, 0, 0, 0.00182237, 0.449896
34910, 0, 0, 0, 0, 0, 0, 0, 0, 0, 0, 0.00182237, 0.531276
34920, 0, 0, 0, 0, 0, 0, 0, 0, 0, 0, 0.00182237, 0.606515
34930, 0, 0, 0, 0, 0, 0, 0, 0, 0, 0, 0.00182237, 0.678682
34940, 0, 0, 0, 0, 0, 0, 0, 0, 0, 0, 0.00182237, 0.746243
34951, 0, 0, 0, 0, 0, 0, 0, 0, 0, 0, 0.00182237, 0.807663
34960, 0, 0, 0, 0, 0, 0, 0, 0, 0, 0, 0.00182237, 0.86294
34970, 0, 0, 0, 0, 0, 0, 0, 0, 0, 0, 0.00182237, 0.912075
34980, 0, 0, 0, 0, 0, 0, 0, 0, 0, 0, 0.00187759, 0.956604
34991, 0, 0, 0, 0, 0, 0, 0, 0, 0, 0, 0.00187759, 0.993456
35000, 0, 0, 0, 0, 0, 0, 0, 0, 0, 0, 0.00187759, 1.02417
35010, 0, 0, 0, 0, 0, 0, 0, 0, 0, 0, 0.00187759, 1.04873
35020, 0, 0, 0, 0, 0, 0, 0, 0, 0, 0, 0.00187759, 1.06562
35031, 0, 0, 0, 0, 0, 0, 0, 0, 0, 0, 0.00187759, 1.07637
35040, 0, 0, 0, 0, 0, 0, 0, 0, 0, 0, 0.00187759, 1.08098
35050, 0, 0, 0, 0, 0, 0, 0, 0, 0, 0, 0.00187759, 1.07791
35060, 0, 0, 0, 0, 0, 0, 0, 0, 0, 0, 0.00187759, 1.06869
35070, 0, 0, 0, 0, 0, 0, 0, 0, 0, 0, 0.00187759, 1.0518
35080, 0, 0, 0, 0, 0, 0, 0, 0, 0, 0, 0.00187759, 1.02877
35090, 0, 0, 0, 0, 0, 0, 0, 0, 0, 0, 0.00187759, 0.998062
35100, 0, 0, 0, 0, 0, 0, 0, 0, 0, 0, 0.00187759, 0.962746
35110, 0, 0, 0, 0, 0, 0, 0, 0, 0, 0, 0.00187759, 0.919753
35121, 0, 0, 0, 0, 0, 0, 0, 0, 0, 0, 0.00187759, 0.872153
35130, 0, 0, 0, 0, 0, 0, 0, 0, 0, 0, 0.00187759, 0.816876
35140, 0, 0, 0, 0, 0, 0, 0, 0, 0, 0, 0.00187759, 0.756992
35150, 0, 0, 0, 0, 0, 0, 0, 0, 0, 0, 0.00193282, 0.692502
35161, 0, 0, 0, 0, 0, 0, 0, 0, 0, 0, 0.00193282, 0.62187
35170, 0, 0, 0, 0, 0, 0, 0, 0, 0, 0, 0.00193282, 0.548167
35180, 0, 0, 0, 0, 0, 0, 0, 0, 0, 0, 0.00193282, 0.469857
35190, 0, 0, 0, 0, 0, 0, 0, 0, 0, 0, 0.00193282, 0.388477
35201, 0, 0, 0, 0, 0, 0, 0, 0, 0, 0, 0.00193282, 0.304025
35210, 0, 0, 0, 0, 0, 0, 0, 0, 0, 0, 0.00193282, 0.218038
35220, 0, 0, 0, 0, 0, 0, 0, 0, 0, 0, 0.00193282, 0.12898
35230, 0, 0, 0, 0, 0, 0, 0, 0, 0, 0, 0.00193282, 0.0399225
35240, 0, 0, 0, 0, 0, 0, 0, 0, 0, 0, 0.00193282, -0.0475999
35250, 0, 0, 0, 0, 0, 0, 0, 0, 0, 0, 0.00193282, -0.136658
35260, 0, 0, 0, 0, 0, 0, 0, 0, 0, 0, 0.00193282, -0.22418
35270, 0, 0, 0, 0, 0, 0, 0, 0, 0, 0, 0.00193282, -0.308632
35280, 0, 0, 0, 0, 0, 0, 0, 0, 0, 0, 0.00193282, -0.391548
35291, 0, 0, 0, 0, 0, 0, 0, 0, 0, 0, 0.00193282, -0.471392
35300, 0, 0, 0, 0, 0, 0, 0, 0, 0, 0, 0.00193282, -0.546631
35310, 0, 0, 0, 0, 0, 0, 0, 0, 0, 0, 0.00193282, -0.618799
35320, 0, 0, 0, 0, 0, 0, 0, 0, 0, 0, 0.00193282, -0.68636
35331, 0, 0, 0, 0, 0, 0, 0, 0, 0, 0, 0.00193282, -0.747779
35340, 0, 0, 0, 0, 0, 0, 0, 0, 0, 0, 0.00193282, -0.804592
35350, 0, 0, 0, 0, 0, 0, 0, 0, 0, 0, 0.00187759, -0.856798
35360, 0, 0, 0, 0, 0, 0, 0, 0, 0, 0, 0.00182237, -0.901327
35371, 0, 0, 0, 0, 0, 0, 0, 0, 0, 0, 0.00182237, -0.939714
35380, 0, 0, 0, 0, 0, 0, 0, 0, 0, 0, 0.00182237, -0.973495
35390, 0, 0, 0, 0, 0, 0, 0, 0, 0, 0, 0.00182237, -0.999598
35400, 0, 0, 0, 0, 0, 0, 0, 0, 0, 0, 0.00182237, -1.01956
35410, 0, 0, 0, 0, 0, 0, 0, 0, 0, 0, 0.00182237, -1.03338
35420, 0, 0, 0, 0, 0, 0, 0, 0, 0, 0, 0.00182237, -1.03952
35430, 0, 0, 0, 0, 0, 0, 0, 0, 0, 0, 0.00182237, -1.03952
35440, 0, 0, 0, 0, 0, 0, 0, 0, 0, 0, 0.00182237, -1.03338
35450, 0, 0, 0, 0, 0, 0, 0, 0, 0, 0, 0.00182237, -1.01956
35461, 0, 0, 0, 0, 0, 0, 0, 0, 0, 0, 0.00182237, -0.999598
35470, 0, 0, 0, 0, 0, 0, 0, 0, 0, 0, 0.00182237, -0.973495
35480, 0, 0, 0, 0, 0, 0, 0, 0, 0, 0, 0.00182237, -0.941249
35490, 0, 0, 0, 0, 0, 0, 0, 0, 0, 0, 0.00182237, -0.902862
35501, 0, 0, 0, 0, 0, 0, 0, 0, 0, 0, 0.00182237, -0.858334
35510, 0, 0, 0, 0, 0, 0, 0, 0, 0, 0, 0.00182237, -0.807663
35520, 0, 0, 0, 0, 0, 0, 0, 0, 0, 0, 0.00182237, -0.75085
35530, 0, 0, 0, 0, 0, 0, 0, 0, 0, 0, 0.00182237, -0.690966
35540, 0, 0, 0, 0, 0, 0, 0, 0, 0, 0, 0.00182237, -0.624941
35550, 0, 0, 0, 0, 0, 0, 0, 0, 0, 0, 0.00182237, -0.554308
35560, 0, 0, 0, 0, 0, 0, 0, 0, 0, 0, 0.00182237, -0.47907
35570, 0, 0, 0, 0, 0, 0, 0, 0, 0, 0, 0.00182237, -0.402296
35580, 0, 0, 0, 0, 0, 0, 0, 0, 0, 0, 0.00182237, -0.322451
35591, 0, 0, 0, 0, 0, 0, 0, 0, 0, 0, 0.00182237, -0.239535
35600, 0, 0, 0, 0, 0, 0, 0, 0, 0, 0, 0.00182237, -0.155084
35610, 0, 0, 0, 0, 0, 0, 0, 0, 0, 0, 0.00182237, -0.0690966
35620, 0, 0, 0, 0, 0, 0, 0, 0, 0, 0, 0.00182237, 0.0168903
35631, 0, 0, 0, 0, 0, 0, 0, 0, 0, 0, 0.00182237, 0.102877
35640, 0, 0, 0, 0, 0, 0, 0, 0, 0, 0, 0.00182237, 0.187329
35650, 0, 0, 0, 0, 0, 0, 0, 0, 0, 0, 0.00182237, 0.270245
35660, 0, 0, 0, 0, 0, 0, 0, 0, 0, 0, 0.00182237, 0.35009
35671, 0, 0, 0, 0, 0, 0, 0, 0, 0, 0, 0.00182237, 0.428399
35680, 0, 0, 0, 0, 0, 0, 0, 0, 0, 0, 0.00182237, 0.503638
35690, 0, 0, 0, 0, 0, 0, 0, 0, 0, 0, 0.00182237, 0.57427
35700, 0, 0, 0, 0, 0, 0, 0, 0, 0, 0, 0.00182237, 0.640295
35710, 0, 0, 0, 0, 0, 0, 0, 0, 0, 0, 0.00182237, 0.701715
35720, 0, 0, 0, 0, 0, 0, 0, 0, 0, 0, 0.00182237, 0.758527
35730, 0, 0, 0, 0, 0, 0, 0, 0, 0, 0, 0.00182237, 0.809198
35740, 0, 0, 0, 0, 0, 0, 0, 0, 0, 0, 0.00182237, 0.853727
35750, 0, 0, 0, 0, 0, 0, 0, 0, 0, 0, 0.00182237, 0.89365
35761, 0, 0, 0, 0, 0, 0, 0, 0, 0, 0, 0.00182237, 0.92743
35770, 0, 0, 0, 0, 0, 0, 0, 0, 0, 0, 0.00187759, 0.955069
35780, 0, 0, 0, 0, 0, 0, 0, 0, 0, 0, 0.00187759, 0.97503
35790, 0, 0, 0, 0, 0, 0, 0, 0, 0, 0, 0.00187759, 0.990385
35801, 0, 0, 0, 0, 0, 0, 0, 0, 0, 0, 0.00187759, 0.998062
35810, 0, 0, 0, 0, 0, 0, 0, 0, 0, 0, 0.00187759, 0.999598
35820, 0, 0, 0, 0, 0, 0, 0, 0, 0, 0, 0.00187759, 0.994991
35830, 0, 0, 0, 0, 0, 0, 0, 0, 0, 0, 0.00187759, 0.982707
35841, 0, 0, 0, 0, 0, 0, 0, 0, 0, 0, 0.00187759, 0.964282
35850, 0, 0, 0, 0, 0, 0, 0, 0, 0, 0, 0.00187759, 0.941249
35860, 0, 0, 0, 0, 0, 0, 0, 0, 0, 0, 0.00187759, 0.91054
35870, 0, 0, 0, 0, 0, 0, 0, 0, 0, 0, 0.00187759, 0.873688
35880, 0, 0, 0, 0, 0, 0, 0, 0, 0, 0, 0.00187759, 0.83223
35890, 0, 0, 0, 0, 0, 0, 0, 0, 0, 0, 0.00187759, 0.78463
35900, 0, 0, 0, 0, 0, 0, 0, 0, 0, 0, 0.00187759, 0.730889
35910, 0, 0, 0, 0, 0, 0, 0, 0, 0, 0, 0.00187759, 0.67254
35920, 0, 0, 0, 0, 0, 0, 0, 0, 0, 0, 0.00187759, 0.609586
35931, 0, 0, 0, 0, 0, 0, 0, 0, 0, 0, 0.00187759, 0.542025
35940, 0, 0, 0, 0, 0, 0, 0, 0, 0, 0, 0.00187759, 0.471392
35950, 0, 0, 0, 0, 0, 0, 0, 0, 0, 0, 0.00187759, 0.396154
35960, 0, 0, 0, 0, 0, 0, 0, 0, 0, 0, 0.00187759, 0.31938
35971, 0, 0, 0, 0, 0, 0, 0, 0, 0, 0, 0.00187759, 0.239535
35980, 0, 0, 0, 0, 0, 0, 0, 0, 0, 0, 0.00187759, 0.158154
35990, 0, 0, 0, 0, 0, 0, 0, 0, 0, 0, 0.00187759, 0.0752385
36000, 0, 0, 0, 0, 0, 0, 0, 0, 0, 0, 0.00187759, -0.0076774
36011, 0, 0, 0, 0, 0, 0, 0, 0, 0, 0, 0.00187759, -0.0905933
36020, 0, 0, 0, 0, 0, 0, 0, 0, 0, 0, 0.00187759, -0.171974
36030, 0, 0, 0, 0, 0, 0, 0, 0, 0, 0, 0.00187759, -0.251819
36040, 0, 0, 0, 0, 0, 0, 0, 0, 0, 0, 0.00187759, -0.330128
36050, 0, 0, 0, 0, 0, 0, 0, 0, 0, 0, 0.00187759, -0.405367
36061, 0, 0, 0, 0, 0, 0, 0, 0, 0, 0, 0.00187759, -0.47907
36070, 0, 0, 0, 0, 0, 0, 0, 0, 0, 0, 0.00187759, -0.546631
36080, 0, 0, 0, 0, 0, 0, 0, 0, 0, 0, 0.00187759, -0.611121
36090, 0, 0, 0, 0, 0, 0, 0, 0, 0, 0, 0.00187759, -0.671005
36101, 0, 0, 0, 0, 0, 0, 0, 0, 0, 0, 0.00187759, -0.726282
36110, 0, 0, 0, 0, 0, 0, 0, 0, 0, 0, 0.00187759, -0.776953
36120, 0, 0, 0, 0, 0, 0, 0, 0, 0, 0, 0.00182237, -0.821482
36130, 0, 0, 0, 0, 0, 0, 0, 0, 0, 0, 0.00182237, -0.859869
36141, 0, 0, 0, 0, 0, 0, 0, 0, 0, 0, 0.00182237, -0.892114
36150, 0, 0, 0, 0, 0, 0, 0, 0, 0, 0, 0.00182237, -0.919753
36160, 0, 0, 0, 0, 0, 0, 0, 0, 0, 0, 0.00182237, -0.939714
36170, 0, 0, 0, 0, 0, 0, 0, 0, 0, 0, 0.00182237, -0.953533
36180, 0, 0, 0, 0, 0, 0, 0, 0, 0, 0, 0.00182237, -0.962746
36190, 0, 0, 0, 0, 0, 0, 0, 0, 0, 0, 0.00182237, -0.964282
36200, 0, 0, 0, 0, 0, 0, 0, 0, 0, 0, 0.00182237, -0.959675
36210, 0, 0, 0, 0, 0, 0, 0, 0, 0, 0, 0.00182237, -0.947391
36220, 0, 0, 0, 0, 0, 0, 0, 0, 0, 0, 0.00182237, -0.930501
36231, 0, 0, 0, 0, 0, 0, 0, 0, 0, 0, 0.00182237, -0.907469
36240, 0, 0, 0, 0, 0, 0, 0, 0, 0, 0, 0.00182237, -0.878295
36250, 0, 0, 0, 0, 0, 0, 0, 0, 0, 0, 0.00182237, -0.842979
36260, 0, 0, 0, 0, 0, 0, 0, 0, 0, 0, 0.00182237, -0.801521
36271, 0, 0, 0, 0, 0, 0, 0, 0, 0, 0, 0.00182237, -0.755456
36280, 0, 0, 0, 0, 0, 0, 0, 0, 0, 0, 0.00182237, -0.704785
36290, 0, 0, 0, 0, 0, 0, 0, 0, 0, 0, 0.00182237, -0.647973
36300, 0, 0, 0, 0, 0, 0, 0, 0, 0, 0, 0.00182237, -0.586554
36311, 0, 0, 0, 0, 0, 0, 0, 0, 0, 0, 0.00182237, -0.522063
36320, 0, 0, 0, 0, 0, 0, 0, 0, 0, 0, 0.00182237, -0.452967
36330, 0, 0, 0, 0, 0, 0, 0, 0, 0, 0, 0.00182237, -0.380799
36340, 0, 0, 0, 0, 0, 0, 0, 0, 0, 0, 0.00182237, -0.305561
36350, 0, 0, 0, 0, 0, 0, 0, 0, 0, 0, 0.00182237, -0.228787
36360, 0, 0, 0, 0, 0, 0, 0, 0, 0, 0, 0.00182237, -0.148942
36370, 0, 0, 0, 0, 0, 0, 0, 0, 0, 0, 0.00182237, -0.0706321
36380, 0, 0, 0, 0, 0, 0, 0, 0, 0, 0, 0.00182237, 0.0107484
36390, 0, 0, 0, 0, 0, 0, 0, 0, 0, 0, 0.00182237, 0.0905933
36401, 0, 0, 0, 0, 0, 0, 0, 0, 0, 0, 0.00182237, 0.168903
36410, 0, 0, 0, 0, 0, 0, 0, 0, 0, 0, 0.00182237, 0.245677
36420, 0, 0, 0, 0, 0, 0, 0, 0, 0, 0, 0.00182237, 0.320915
36430, 0, 0, 0, 0, 0, 0, 0, 0, 0, 0, 0.00182237, 0.394618
36441, 0, 0, 0, 0, 0, 0, 0, 0, 0, 0, 0.00182237, 0.463715
36450, 0, 0, 0, 0, 0, 0, 0, 0, 0, 0, 0.00182237, 0.529741
36460, 0, 0, 0, 0, 0, 0, 0, 0, 0, 0, 0.00182237, 0.592695
36470, 0, 0, 0, 0, 0, 0, 0, 0, 0, 0, 0.00182237, 0.649508
36481, 0, 0, 0, 0, 0, 0, 0, 0, 0, 0, 0.00182237, 0.70325
36490, 0, 0, 0, 0, 0, 0, 0, 0, 0, 0, 0.00182237, 0.75085
36500, 0, 0, 0, 0, 0, 0, 0, 0, 0, 0, 0.00182237, 0.792308
36510, 0, 0, 0, 0, 0, 0, 0, 0, 0, 0, 0.00182237, 0.829159
36520, 0, 0, 0, 0, 0, 0, 0, 0, 0, 0, 0.00182237, 0.861404
36530, 0, 0, 0, 0, 0, 0, 0, 0, 0, 0, 0.00182237, 0.885972
36540, 0, 0, 0, 0, 0, 0, 0, 0, 0, 0, 0.00182237, 0.905933
36550, 0, 0, 0, 0, 0, 0, 0, 0, 0, 0, 0.00182237, 0.918217
36560, 0, 0, 0, 0, 0, 0, 0, 0, 0, 0, 0.00182237, 0.925895
36571, 0, 0, 0, 0, 0, 0, 0, 0, 0, 0, 0.00182237, 0.925895
36580, 0, 0, 0, 0, 0, 0, 0, 0, 0, 0, 0.00182237, 0.921288
36590, 0, 0, 0, 0, 0, 0, 0, 0, 0, 0, 0.00182237, 0.909004
36600, 0, 0, 0, 0, 0, 0, 0, 0, 0, 0, 0.00182237, 0.892114
36611, 0, 0, 0, 0, 0, 0, 0, 0, 0, 0, 0.00182237, 0.869082
36620, 0, 0, 0, 0, 0, 0, 0, 0, 0, 0, 0.00182237, 0.839908
36630, 0, 0, 0, 0, 0, 0, 0, 0, 0, 0, 0.00182237, 0.804592
36640, 0, 0, 0, 0, 0, 0, 0, 0, 0, 0, 0.00182237, 0.763134
36651, 0, 0, 0, 0, 0, 0, 0, 0, 0, 0, 0.00182237, 0.718605
36660, 0, 0, 0, 0, 0, 0, 0, 0, 0, 0, 0.00182237, 0.666398
36670, 0, 0, 0, 0, 0, 0, 0, 0, 0, 0, 0.00182237, 0.611121
36680, 0, 0, 0, 0, 0, 0, 0, 0, 0, 0, 0.00182237, 0.551237
36690, 0, 0, 0, 0, 0, 0, 0, 0, 0, 0, 0.00182237, 0.488283
36701, 0, 0, 0, 0, 0, 0, 0, 0, 0, 0, 0.00182237, 0.420722
36710, 0, 0, 0, 0, 0, 0, 0, 0, 0, 0, 0.00182237, 0.35009
36720, 0, 0, 0, 0, 0, 0, 0, 0, 0, 0, 0.00182237, 0.277922
36730, 0, 0, 0, 0, 0, 0, 0, 0, 0, 0, 0.00182237, 0.202683
36741, 0, 0, 0, 0, 0, 0, 0, 0, 0, 0, 0.00182237, 0.125909
36750, 0, 0, 0, 0, 0, 0, 0, 0, 0, 0, 0.00182237, 0.0491354
36760, 0, 0, 0, 0, 0, 0, 0, 0, 0, 0, 0.00182237, -0.0276386
36770, 0, 0, 0, 0, 0, 0, 0, 0, 0, 0, 0.00182237, -0.104413
36781, 0, 0, 0, 0, 0, 0, 0, 0, 0, 0, 0.00182237, -0.181187
36790, 0, 0, 0, 0, 0, 0, 0, 0, 0, 0, 0.00182237, -0.256425
36800, 0, 0, 0, 0, 0, 0, 0, 0, 0, 0, 0.00182237, -0.328593
36810, 0, 0, 0, 0, 0, 0, 0, 0, 0, 0, 0.00182237, -0.397689
36820, 0, 0, 0, 0, 0, 0, 0, 0, 0, 0, 0.00182237, -0.465251
36830, 0, 0, 0, 0, 0, 0, 0, 0, 0, 0, 0.00182237, -0.528205
36840, 0, 0, 0, 0, 0, 0, 0, 0, 0, 0, 0.00182237, -0.586554
36850, 0, 0, 0, 0, 0, 0, 0, 0, 0, 0, 0.00182237, -0.641831
36860, 0, 0, 0, 0, 0, 0, 0, 0, 0, 0, 0.00182237, -0.690966
36871, 0, 0, 0, 0, 0, 0, 0, 0, 0, 0, 0.00182237, -0.735495
36880, 0, 0, 0, 0, 0, 0, 0, 0, 0, 0, 0.00182237, -0.775418
36890, 0, 0, 0, 0, 0, 0, 0, 0, 0, 0, 0.00182237, -0.810734
36900, 0, 0, 0, 0, 0, 0, 0, 0, 0, 0, 0.00182237, -0.838372
36911, 0, 0, 0, 0, 0, 0, 0, 0, 0, 0, 0.00182237, -0.861404
36920, 0, 0, 0, 0, 0, 0, 0, 0, 0, 0, 0.00182237, -0.878295
36930, 0, 0, 0, 0, 0, 0, 0, 0, 0, 0, 0.00182237, -0.890579
36940, 0, 0, 0, 0, 0, 0, 0, 0, 0, 0, 0.00182237, -0.895185
36951, 0, 0, 0, 0, 0, 0, 0, 0, 0, 0, 0.00182237, -0.89365
36960, 0, 0, 0, 0, 0, 0, 0, 0, 0, 0, 0.00182237, -0.887508
36970, 0, 0, 0, 0, 0, 0, 0, 0, 0, 0, 0.00182237, -0.873688
36980, 0, 0, 0, 0, 0, 0, 0, 0, 0, 0, 0.00182237, -0.855263
36990, 0, 0, 0, 0, 0, 0, 0, 0, 0, 0, 0.00182237, -0.830695
37000, 0, 0, 0, 0, 0, 0, 0, 0, 0, 0, 0.00182237, -0.799985
37010, 0, 0, 0, 0, 0, 0, 0, 0, 0, 0, 0.00182237, -0.764669
37020, 0, 0, 0, 0, 0, 0, 0, 0, 0, 0, 0.00182237, -0.723211
37030, 0, 0, 0, 0, 0, 0, 0, 0, 0, 0, 0.00182237, -0.677147
37041, 0, 0, 0, 0, 0, 0, 0, 0, 0, 0, 0.00182237, -0.626476
37050, 0, 0, 0, 0, 0, 0, 0, 0, 0, 0, 0.00182237, -0.571199
37060, 0, 0, 0, 0, 0, 0, 0, 0, 0, 0, 0.00182237, -0.51285
37070, 0, 0, 0, 0, 0, 0, 0, 0, 0, 0, 0.00182237, -0.449896
37081, 0, 0, 0, 0, 0, 0, 0, 0, 0, 0, 0.00182237, -0.38387
37090, 0, 0, 0, 0, 0, 0, 0, 0, 0, 0, 0.00182237, -0.314773
37100, 0, 0, 0, 0, 0, 0, 0, 0, 0, 0, 0.00182237, -0.244141
37110, 0, 0, 0, 0, 0, 0, 0, 0, 0, 0, 0.00182237, -0.170438
37121, 0, 0, 0, 0, 0, 0, 0, 0, 0, 0, 0.00182237, -0.0967353
37130, 0, 0, 0, 0, 0, 0, 0, 0, 0, 0, 0.00182237, -0.0214967
37140, 0, 0, 0, 0, 0, 0, 0, 0, 0, 0, 0.00182237, 0.0537418
37150, 0, 0, 0, 0, 0, 0, 0, 0, 0, 0, 0.00182237, 0.127445
37160, 0, 0, 0, 0, 0, 0, 0, 0, 0, 0, 0.00182237, 0.199612
37170, 0, 0, 0, 0, 0, 0, 0, 0, 0, 0, 0.00182237, 0.27178
37180, 0, 0, 0, 0, 0, 0, 0, 0, 0, 0, 0.00182237, 0.340877
37190, 0, 0, 0, 0, 0, 0, 0, 0, 0, 0, 0.00182237, 0.406902
37200, 0, 0, 0, 0, 0, 0, 0, 0, 0, 0, 0.00182237, 0.469857
37211, 0, 0, 0, 0, 0, 0, 0, 0, 0, 0, 0.00182237, 0.529741
37220, 0, 0, 0, 0, 0, 0, 0, 0, 0, 0, 0.00182237, 0.585018
37230, 0, 0, 0, 0, 0, 0, 0, 0, 0, 0, 0.00182237, 0.635689
37240, 0, 0, 0, 0, 0, 0, 0, 0, 0, 0, 0.00182237, 0.683289
37251, 0, 0, 0, 0, 0, 0, 0, 0, 0, 0, 0.00182237, 0.724747
37260, 0, 0, 0, 0, 0, 0, 0, 0, 0, 0, 0.00182237, 0.760063
37270, 0, 0, 0, 0, 0, 0, 0, 0, 0, 0, 0.00182237, 0.790772
37280, 0, 0, 0, 0, 0, 0, 0, 0, 0, 0, 0.00182237, 0.816876
37291, 0, 0, 0, 0, 0, 0, 0, 0, 0, 0, 0.00182237, 0.836837
37300, 0, 0, 0, 0, 0, 0, 0, 0, 0, 0, 0.00182237, 0.850656
37310, 0, 0, 0, 0, 0, 0, 0, 0, 0, 0, 0.00182237, 0.858334
37320, 0, 0, 0, 0, 0, 0, 0, 0, 0, 0, 0.00182237, 0.861404
37330, 0, 0, 0, 0, 0, 0, 0, 0, 0, 0, 0.00182237, 0.858334
37340, 0, 0, 0, 0, 0, 0, 0, 0, 0, 0, 0.00182237, 0.849121
37350, 0, 0, 0, 0, 0, 0, 0, 0, 0, 0, 0.00182237, 0.833766
37360, 0, 0, 0, 0, 0, 0, 0, 0, 0, 0, 0.00182237, 0.812269
37370, 0, 0, 0, 0, 0, 0, 0, 0, 0, 0, 0.00182237, 0.786166
37381, 0, 0, 0, 0, 0, 0, 0, 0, 0, 0, 0.00182237, 0.755456
37390, 0, 0, 0, 0, 0, 0, 0, 0, 0, 0, 0.00182237, 0.718605
37400, 0, 0, 0, 0, 0, 0, 0, 0, 0, 0, 0.00182237, 0.675611
37410, 0, 0, 0, 0, 0, 0, 0, 0, 0, 0, 0.00182237, 0.629547
37421, 0, 0, 0, 0, 0, 0, 0, 0, 0, 0, 0.00182237, 0.577341
37430, 0, 0, 0, 0, 0, 0, 0, 0, 0, 0, 0.00182237, 0.522063
37440, 0, 0, 0, 0, 0, 0, 0, 0, 0, 0, 0.00182237, 0.463715
37450, 0, 0, 0, 0, 0, 0, 0, 0, 0, 0, 0.00182237, 0.40076
37460, 0, 0, 0, 0, 0, 0, 0, 0, 0, 0, 0.00182237, 0.33627
37470, 0, 0, 0, 0, 0, 0, 0, 0, 0, 0, 0.00182237, 0.268709
37480, 0, 0, 0, 0, 0, 0, 0, 0, 0, 0, 0.00182237, 0.198077
37490, 0, 0, 0, 0, 0, 0, 0, 0, 0, 0, 0.00182237, 0.127445
37500, 0, 0, 0, 0, 0, 0, 0, 0, 0, 0, 0.00182237, 0.0552773
37511, 0, 0, 0, 0, 0, 0, 0, 0, 0, 0, 0.00182237, -0.0168903
37520, 0, 0, 0, 0, 0, 0, 0, 0, 0, 0, 0.00182237, -0.0890579
37530, 0, 0, 0, 0, 0, 0, 0, 0, 0, 0, 0.00182237, -0.15969
37540, 0, 0, 0, 0, 0, 0, 0, 0, 0, 0, 0.00182237, -0.230322
37551, 0, 0, 0, 0, 0, 0, 0, 0, 0, 0, 0.00182237, -0.297883
37560, 0, 0, 0, 0, 0, 0, 0, 0, 0, 0, 0.00182237, -0.363909
37570, 0, 0, 0, 0, 0, 0, 0, 0, 0, 0, 0.00182237, -0.426864
37580, 0, 0, 0, 0, 0, 0, 0, 0, 0, 0, 0.00182237, -0.485212
37591, 0, 0, 0, 0, 0, 0, 0, 0, 0, 0, 0.00182237, -0.542025
37600, 0, 0, 0, 0, 0, 0, 0, 0, 0, 0, 0.00182237, -0.592695
37610, 0, 0, 0, 0, 0, 0, 0, 0, 0, 0, 0.00182237, -0.640295
37620, 0, 0, 0, 0, 0, 0, 0, 0, 0, 0, 0.00182237, -0.681753
37630, 0, 0, 0, 0, 0, 0, 0, 0, 0, 0, 0.00182237, -0.72014
37640, 0, 0, 0, 0, 0, 0, 0, 0, 0, 0, 0.00182237, -0.752385
37650, 0, 0, 0, 0, 0, 0, 0, 0, 0, 0, 0.00182237, -0.780024
37660, 0, 0, 0, 0, 0, 0, 0, 0, 0, 0, 0.00182237, -0.801521
37670, 0, 0, 0, 0, 0, 0, 0, 0, 0, 0, 0.00182237, -0.818411
37681, 0, 0, 0, 0, 0, 0, 0, 0, 0, 0, 0.00182237, -0.827624
37690, 0, 0, 0, 0, 0, 0, 0, 0, 0, 0, 0.00182237, -0.833766
37700, 0, 0, 0, 0, 0, 0, 0, 0, 0, 0, 0.00182237, -0.83223
37710, 0, 0, 0, 0, 0, 0, 0, 0, 0, 0, 0.00182237, -0.826088
37721, 0, 0, 0, 0, 0, 0, 0, 0, 0, 0, 0.00182237, -0.813805
37730, 0, 0, 0, 0, 0, 0, 0, 0, 0, 0, 0.00182237, -0.795379
37740, 0, 0, 0, 0, 0, 0, 0, 0, 0, 0, 0.00182237, -0.772347
37750, 0, 0, 0, 0, 0, 0, 0, 0, 0, 0, 0.00182237, -0.743173
37761, 0, 0, 0, 0, 0, 0, 0, 0, 0, 0, 0.00182237, -0.709392
37770, 0, 0, 0, 0, 0, 0, 0, 0, 0, 0, 0.00182237, -0.671005
37780, 0, 0, 0, 0, 0, 0, 0, 0, 0, 0, 0.00182237, -0.628011
37790, 0, 0, 0, 0, 0, 0, 0, 0, 0, 0, 0.00182237, -0.580412
37800, 0, 0, 0, 0, 0, 0, 0, 0, 0, 0, 0.00182237, -0.528205
37810, 0, 0, 0, 0, 0, 0, 0, 0, 0, 0, 0.00182237, -0.471392
37820, 0, 0, 0, 0, 0, 0, 0, 0, 0, 0, 0.00182237, -0.413044
37830, 0, 0, 0, 0, 0, 0, 0, 0, 0, 0, 0.00182237, -0.351625
37840, 0, 0, 0, 0, 0, 0, 0, 0, 0, 0, 0.00182237, -0.285599
37851, 0, 0, 0, 0, 0, 0, 0, 0, 0, 0, 0.00182237, -0.219574
37860, 0, 0, 0, 0, 0, 0, 0, 0, 0, 0, 0.00182237, -0.150477
37870, 0, 0, 0, 0, 0, 0, 0, 0, 0, 0, 0.00182237, -0.0813805
37880, 0, 0, 0, 0, 0, 0, 0, 0, 0, 0, 0.00182237, -0.0122838
37891, 0, 0, 0, 0, 0, 0, 0, 0, 0, 0, 0.00182237, 0.0583483
37900, 0, 0, 0, 0, 0, 0, 0, 0, 0, 0, 0.00182237, 0.127445
37910, 0, 0, 0, 0, 0, 0, 0, 0, 0, 0, 0.00182237, 0.195006
37920, 0, 0, 0, 0, 0, 0, 0, 0, 0, 0, 0.00182237, 0.261032
37931, 0, 0, 0, 0, 0, 0, 0, 0, 0, 0, 0.00182237, 0.325522
37940, 0, 0, 0, 0, 0, 0, 0, 0, 0, 0, 0.00182237, 0.388477
37950, 0, 0, 0, 0, 0, 0, 0, 0, 0, 0, 0.00182237, 0.446825
37960, 0, 0, 0, 0, 0, 0, 0, 0, 0, 0, 0.00182237, 0.502102
37970, 0, 0, 0, 0, 0, 0, 0, 0, 0, 0, 0.00182237, 0.552773
37980, 0, 0, 0, 0, 0, 0, 0, 0, 0, 0, 0.00182237, 0.600373
37990, 0, 0, 0, 0, 0, 0, 0, 0, 0, 0, 0.00182237, 0.643366
38000, 0, 0, 0, 0, 0, 0, 0, 0, 0, 0, 0.00182237, 0.681753
38010, 0, 0, 0, 0, 0, 0, 0, 0, 0, 0, 0.00182237, 0.713998
38021, 0, 0, 0, 0, 0, 0, 0, 0, 0, 0, 0.00182237, 0.743173
38030, 0, 0, 0, 0, 0, 0, 0, 0, 0, 0, 0.00182237, 0.764669
38040, 0, 0, 0, 0, 0, 0, 0, 0, 0, 0, 0.00182237, 0.783095
38050, 0, 0, 0, 0, 0, 0, 0, 0, 0, 0, 0.00182237, 0.795379
38061, 0, 0, 0, 0, 0, 0, 0, 0, 0, 0, 0.00182237, 0.801521
38070, 0, 0, 0, 0, 0, 0, 0, 0, 0, 0, 0.00182237, 0.803056
38080, 0, 0, 0, 0, 0, 0, 0, 0, 0, 0, 0.00182237, 0.79845
38090, 0, 0, 0, 0, 0, 0, 0, 0, 0, 0, 0.00182237, 0.787701
38100, 0, 0, 0, 0, 0, 0, 0, 0, 0, 0, 0.00182237, 0.772347
38110, 0, 0, 0, 0, 0, 0, 0, 0, 0, 0, 0.00182237, 0.75085
38120, 0, 0, 0, 0, 0, 0, 0, 0, 0, 0, 0.00182237, 0.724747
38130, 0, 0, 0, 0, 0, 0, 0, 0, 0, 0, 0.00182237, 0.694037
38140, 0, 0, 0, 0, 0, 0, 0, 0, 0, 0, 0.00182237, 0.657186
38151, 0, 0, 0, 0, 0, 0, 0, 0, 0, 0, 0.00182237, 0.617263
38160, 0, 0, 0, 0, 0, 0, 0, 0, 0, 0, 0.00182237, 0.572734
38170, 0, 0, 0, 0, 0, 0, 0, 0, 0, 0, 0.00182237, 0.522063
38180, 0, 0, 0, 0, 0, 0, 0, 0, 0, 0, 0.00182237, 0.469857
38191, 0, 0, 0, 0, 0, 0, 0, 0, 0, 0, 0.00182237, 0.413044
38200, 0, 0, 0, 0, 0, 0, 0, 0, 0, 0, 0.00182237, 0.354696
38210, 0, 0, 0, 0, 0, 0, 0, 0, 0, 0, 0.00182237, 0.291741
38220, 0, 0, 0, 0, 0, 0, 0, 0, 0, 0, 0.00182237, 0.228787
38231, 0, 0, 0, 0, 0, 0, 0, 0, 0, 0, 0.00182237, 0.161225
38240, 0, 0, 0, 0, 0, 0, 0, 0, 0, 0, 0.00182237, 0.0951998
38250, 0, 0, 0, 0, 0, 0, 0, 0, 0, 0, 0.00182237, 0.0276386
38260, 0, 0, 0, 0, 0, 0, 0, 0, 0, 0, 0.00182237, -0.0399225
38270, 0, 0, 0, 0, 0, 0, 0, 0, 0, 0, 0.00182237, -0.107484
38280, 0, 0, 0, 0, 0, 0, 0, 0, 0, 0, 0.00182237, -0.173509
38290, 0, 0, 0, 0, 0, 0, 0, 0, 0, 0, 0.00182237, -0.237999
38300, 0, 0, 0, 0, 0, 0, 0, 0, 0, 0, 0.00182237, -0.300954
38310, 0, 0, 0, 0, 0, 0, 0, 0, 0, 0, 0.00182237, -0.360838
38321, 0, 0, 0, 0, 0, 0, 0, 0, 0, 0, 0.00182237, -0.419186
38330, 0, 0, 0, 0, 0, 0, 0, 0, 0, 0, 0.00182237, -0.472928
38340, 0, 0, 0, 0, 0, 0, 0, 0, 0, 0, 0.00182237, -0.523599
38350, 0, 0, 0, 0, 0, 0, 0, 0, 0, 0, 0.00182237, -0.571199
38361, 0, 0, 0, 0, 0, 0, 0, 0, 0, 0, 0.00182237, -0.612657
38370, 0, 0, 0, 0, 0, 0, 0, 0, 0, 0, 0.00182237, -0.651044
38380, 0, 0, 0, 0, 0, 0, 0, 0, 0, 0, 0.00182237, -0.684824
38390, 0, 0, 0, 0, 0, 0, 0, 0, 0, 0, 0.00182237, -0.712463
38401, 0, 0, 0, 0, 0, 0, 0, 0, 0, 0, 0.00182237, -0.737031
38410, 0, 0, 0, 0, 0, 0, 0, 0, 0, 0, 0.00182237, -0.755456
38420, 0, 0, 0, 0, 0, 0, 0, 0, 0, 0, 0.00182237, -0.76774
38430, 0, 0, 0, 0, 0, 0, 0, 0, 0, 0, 0.00182237, -0.775418
38440, 0, 0, 0, 0, 0, 0, 0, 0, 0, 0, 0.00182237, -0.776953
38450, 0, 0, 0, 0, 0, 0, 0, 0, 0, 0, 0.00182237, -0.773882
38460, 0, 0, 0, 0, 0, 0, 0, 0, 0, 0, 0.00182237, -0.764669
38470, 0, 0, 0, 0, 0, 0, 0, 0, 0, 0, 0.00182237, -0.75085
38480, 0, 0, 0, 0, 0, 0, 0, 0, 0, 0, 0.00182237, -0.732424
38491, 0, 0, 0, 0, 0, 0, 0, 0, 0, 0, 0.00182237, -0.707856
38500, 0, 0, 0, 0, 0, 0, 0, 0, 0, 0, 0.00182237, -0.678682
38510, 0, 0, 0, 0, 0, 0, 0, 0, 0, 0, 0.00182237, -0.644902
38520, 0, 0, 0, 0, 0, 0, 0, 0, 0, 0, 0.00182237, -0.606515
38531, 0, 0, 0, 0, 0, 0, 0, 0, 0, 0, 0.00182237, -0.563521
38540, 0, 0, 0, 0, 0, 0, 0, 0, 0, 0, 0.00182237, -0.515921
38550, 0, 0, 0, 0, 0, 0, 0, 0, 0, 0, 0.00182237, -0.465251
38560, 0, 0, 0, 0, 0, 0, 0, 0, 0, 0, 0.00182237, -0.411509
38571, 0, 0, 0, 0, 0, 0, 0, 0, 0, 0, 0.00182237, -0.354696
38580, 0, 0, 0, 0, 0, 0, 0, 0, 0, 0, 0.00182237, -0.294812
38590, 0, 0, 0, 0, 0, 0, 0, 0, 0, 0, 0.00182237, -0.233393
38600, 0, 0, 0, 0, 0, 0, 0, 0, 0, 0, 0.00182237, -0.170438
38610, 0, 0, 0, 0, 0, 0, 0, 0, 0, 0, 0.00182237, -0.104413
38621, 0, 0, 0, 0, 0, 0, 0, 0, 0, 0, 0.00182237, -0.0399225
38630, 0, 0, 0, 0, 0, 0, 0, 0, 0, 0, 0.00182237, 0.0261032
38640, 0, 0, 0, 0, 0, 0, 0, 0, 0, 0, 0.00182237, 0.0905933
38650, 0, 0, 0, 0, 0, 0, 0, 0, 0, 0, 0.00182237, 0.155084
38661, 0, 0, 0, 0, 0, 0, 0, 0, 0, 0, 0.00182237, 0.218038
38670, 0, 0, 0, 0, 0, 0, 0, 0, 0, 0, 0.00182237, 0.279457
38680, 0, 0, 0, 0, 0, 0, 0, 0, 0, 0, 0.00182237, 0.337806
38690, 0, 0, 0, 0, 0, 0, 0, 0, 0, 0, 0.00182237, 0.394618
38701, 0, 0, 0, 0, 0, 0, 0, 0, 0, 0, 0.00182237, 0.446825
38710, 0, 0, 0, 0, 0, 0, 0, 0, 0, 0, 0.00182237, 0.497496
38720, 0, 0, 0, 0, 0, 0, 0, 0, 0, 0, 0.00182237, 0.54356
38730, 0, 0, 0, 0, 0, 0, 0, 0, 0, 0, 0.00182237, 0.585018
38740, 0, 0, 0, 0, 0, 0, 0, 0, 0, 0, 0.00182237, 0.62187
38750, 0, 0, 0, 0, 0, 0, 0, 0, 0, 0, 0.00182237, 0.65565
38760, 0, 0, 0, 0, 0, 0, 0, 0, 0, 0, 0.00182237, 0.683289
38770, 0, 0, 0, 0, 0, 0, 0, 0, 0, 0, 0.00182237, 0.706321
38780, 0, 0, 0, 0, 0, 0, 0, 0, 0, 0, 0.00182237, 0.724747
38790, 0, 0, 0, 0, 0, 0, 0, 0, 0, 0, 0.00182237, 0.738566
38800, 0, 0, 0, 0, 0, 0, 0, 0, 0, 0, 0.00182237, 0.746243
38810, 0, 0, 0, 0, 0, 0, 0, 0, 0, 0, 0.00182237, 0.749314
38820, 0, 0, 0, 0, 0, 0, 0, 0, 0, 0, 0.00182237, 0.746243
38831, 0, 0, 0, 0, 0, 0, 0, 0, 0, 0, 0.00182237, 0.738566
38840, 0, 0, 0, 0, 0, 0, 0, 0, 0, 0, 0.00182237, 0.726282
38850, 0, 0, 0, 0, 0, 0, 0, 0, 0, 0, 0.00182237, 0.707856
38860, 0, 0, 0, 0, 0, 0, 0, 0, 0, 0, 0.00182237, 0.684824
38871, 0, 0, 0, 0, 0, 0, 0, 0, 0, 0, 0.00182237, 0.657186
38880, 0, 0, 0, 0, 0, 0, 0, 0, 0, 0, 0.00182237, 0.623405
38890, 0, 0, 0, 0, 0, 0, 0, 0, 0, 0, 0.00182237, 0.586554
38900, 0, 0, 0, 0, 0, 0, 0, 0, 0, 0, 0.00182237, 0.546631
38910, 0, 0, 0, 0, 0, 0, 0, 0, 0, 0, 0.00182237, 0.500567
38920, 0, 0, 0, 0, 0, 0, 0, 0, 0, 0, 0.00182237, 0.451431
38930, 0, 0, 0, 0, 0, 0, 0, 0, 0, 0, 0.00182237, 0.399225
38940, 0, 0, 0, 0, 0, 0, 0, 0, 0, 0, 0.00182237, 0.345483
38950, 0, 0, 0, 0, 0, 0, 0, 0, 0, 0, 0.00182237, 0.287135
38961, 0, 0, 0, 0, 0, 0, 0, 0, 0, 0, 0.00182237, 0.227251
38970, 0, 0, 0, 0, 0, 0, 0, 0, 0, 0, 0.00182237, 0.167367
38980, 0, 0, 0, 0, 0, 0, 0, 0, 0, 0, 0.00182237, 0.104413
38990, 0, 0, 0, 0, 0, 0, 0, 0, 0, 0, 0.00182237, 0.041458
39001, 0, 0, 0, 0, 0, 0, 0, 0, 0, 0, 0.00182237, -0.0230322
39010, 0, 0, 0, 0, 0, 0, 0, 0, 0, 0, 0.00182237, -0.0859869
39020, 0, 0, 0, 0, 0, 0, 0, 0, 0, 0, 0.00182237, -0.147406
39030, 0, 0, 0, 0, 0, 0, 0, 0, 0, 0, 0.00182237, -0.208825
39041, 0, 0, 0, 0, 0, 0, 0, 0, 0, 0, 0.00182237, -0.268709
39050, 0, 0, 0, 0, 0, 0, 0, 0, 0, 0, 0.00182237, -0.325522
39060, 0, 0, 0, 0, 0, 0, 0, 0, 0, 0, 0.00182237, -0.379264
39070, 0, 0, 0, 0, 0, 0, 0, 0, 0, 0, 0.00182237, -0.43147
39080, 0, 0, 0, 0, 0, 0, 0, 0, 0, 0, 0.00182237, -0.47907
39090, 0, 0, 0, 0, 0, 0, 0, 0, 0, 0, 0.00182237, -0.525134
39100, 0, 0, 0, 0, 0, 0, 0, 0, 0, 0, 0.00182237, -0.565057
39110, 0, 0, 0, 0, 0, 0, 0, 0, 0, 0, 0.00182237, -0.601908
39120, 0, 0, 0, 0, 0, 0, 0, 0, 0, 0, 0.00182237, -0.634153
39131, 0, 0, 0, 0, 0, 0, 0, 0, 0, 0, 0.00182237, -0.661792
39140, 0, 0, 0, 0, 0, 0, 0, 0, 0, 0, 0.00182237, -0.684824
39150, 0, 0, 0, 0, 0, 0, 0, 0, 0, 0, 0.00182237, -0.701715
39160, 0, 0, 0, 0, 0, 0, 0, 0, 0, 0, 0.00182237, -0.715534
39171, 0, 0, 0, 0, 0, 0, 0, 0, 0, 0, 0.00182237, -0.723211
39180, 0, 0, 0, 0, 0, 0, 0, 0, 0, 0, 0.00182237, -0.726282
39190, 0, 0, 0, 0, 0, 0, 0, 0, 0, 0, 0.00182237, -0.723211
39200, 0, 0, 0, 0, 0, 0, 0, 0, 0, 0, 0.00182237, -0.715534
39211, 0, 0, 0, 0, 0, 0, 0, 0, 0, 0, 0.00182237, -0.70325
39220, 0, 0, 0, 0, 0, 0, 0, 0, 0, 0, 0.00182237, -0.68636
39230, 0, 0, 0, 0, 0, 0, 0, 0, 0, 0, 0.00182237, -0.663328
39240, 0, 0, 0, 0, 0, 0, 0, 0, 0, 0, 0.00182237, -0.637224
39250, 0, 0, 0, 0, 0, 0, 0, 0, 0, 0, 0.00182237, -0.604979
39260, 0, 0, 0, 0, 0, 0, 0, 0, 0, 0, 0.00182237, -0.569663
39270, 0, 0, 0, 0, 0, 0, 0, 0, 0, 0, 0.00182237, -0.529741
39280, 0, 0, 0, 0, 0, 0, 0, 0, 0, 0, 0.00182237, -0.485212
39290, 0, 0, 0, 0, 0, 0, 0, 0, 0, 0, 0.00182237, -0.439147
39301, 0, 0, 0, 0, 0, 0, 0, 0, 0, 0, 0.00182237, -0.388477
39310, 0, 0, 0, 0, 0, 0, 0, 0, 0, 0, 0.00182237, -0.334735
39320, 0, 0, 0, 0, 0, 0, 0, 0, 0, 0, 0.00182237, -0.279457
39330, 0, 0, 0, 0, 0, 0, 0, 0, 0, 0, 0.00182237, -0.222645
39341, 0, 0, 0, 0, 0, 0, 0, 0, 0, 0, 0.00182237, -0.162761
39350, 0, 0, 0, 0, 0, 0, 0, 0, 0, 0, 0.00182237, -0.102877
39360, 0, 0, 0, 0, 0, 0, 0, 0, 0, 0, 0.00182237, -0.041458
39370, 0, 0, 0, 0, 0, 0, 0, 0, 0, 0, 0.00182237, 0.0199612
39380, 0, 0, 0, 0, 0, 0, 0, 0, 0, 0, 0.00182237, 0.0813805
39390, 0, 0, 0, 0, 0, 0, 0, 0, 0, 0, 0.00182237, 0.141264
39400, 0, 0, 0, 0, 0, 0, 0, 0, 0, 0, 0.00182237, 0.199612
39410, 0, 0, 0, 0, 0, 0, 0, 0, 0, 0, 0.00182237, 0.257961
39420, 0, 0, 0, 0, 0, 0, 0, 0, 0, 0, 0.00182237, 0.313238
39431, 0, 0, 0, 0, 0, 0, 0, 0, 0, 0, 0.00182237, 0.365444
39440, 0, 0, 0, 0, 0, 0, 0, 0, 0, 0, 0.00182237, 0.416115
39450, 0, 0, 0, 0, 0, 0, 0, 0, 0, 0, 0.00182237, 0.46218
39460, 0, 0, 0, 0, 0, 0, 0, 0, 0, 0, 0.00182237, 0.505173
39471, 0, 0, 0, 0, 0, 0, 0, 0, 0, 0, 0.00182237, 0.545096
39480, 0, 0, 0, 0, 0, 0, 0, 0, 0, 0, 0.00182237, 0.580412
39490, 0, 0, 0, 0, 0, 0, 0, 0, 0, 0, 0.00182237, 0.611121
39500, 0, 0, 0, 0, 0, 0, 0, 0, 0, 0, 0.00182237, 0.63876
39511, 0, 0, 0, 0, 0, 0, 0, 0, 0, 0, 0.00182237, 0.660257
39520, 0, 0, 0, 0, 0, 0, 0, 0, 0, 0, 0.00182237, 0.677147
39530, 0, 0, 0, 0, 0, 0, 0, 0, 0, 0, 0.00182237, 0.689431
39540, 0, 0, 0, 0, 0, 0, 0, 0, 0, 0, 0.00182237, 0.697108
39550, 0, 0, 0, 0, 0, 0, 0, 0, 0, 0, 0.00182237, 0.698644
39560, 0, 0, 0, 0, 0, 0, 0, 0, 0, 0, 0.00182237, 0.697108
39570, 0, 0, 0, 0, 0, 0, 0, 0, 0, 0, 0.00182237, 0.689431
39580, 0, 0, 0, 0, 0, 0, 0, 0, 0, 0, 0.00182237, 0.677147
39590, 0, 0, 0, 0, 0, 0, 0, 0, 0, 0, 0.00182237, 0.660257
39601, 0, 0, 0, 0, 0, 0, 0, 0, 0, 0, 0.00182237, 0.637224
39610, 0, 0, 0, 0, 0, 0, 0, 0, 0, 0, 0.00182237, 0.611121
39620, 0, 0, 0, 0, 0, 0, 0, 0, 0, 0, 0.00182237, 0.580412
39630, 0, 0, 0, 0, 0, 0, 0, 0, 0, 0, 0.00182237, 0.545096
39641, 0, 0, 0, 0, 0, 0, 0, 0, 0, 0, 0.00182237, 0.506709
39650, 0, 0, 0, 0, 0, 0, 0, 0, 0, 0, 0.00182237, 0.463715
39660, 0, 0, 0, 0, 0, 0, 0, 0, 0, 0, 0.00182237, 0.417651
39670, 0, 0, 0, 0, 0, 0, 0, 0, 0, 0, 0.00182237, 0.370051
39681, 0, 0, 0, 0, 0, 0, 0, 0, 0, 0, 0.00182237, 0.317844
39690, 0, 0, 0, 0, 0, 0, 0, 0, 0, 0, 0.00182237, 0.264103
39700, 0, 0, 0, 0, 0, 0, 0, 0, 0, 0, 0.00182237, 0.20729
39710, 0, 0, 0, 0, 0, 0, 0, 0, 0, 0, 0.00182237, 0.150477
39720, 0, 0, 0, 0, 0, 0, 0, 0, 0, 0, 0.00182237, 0.0921288
39731, 0, 0, 0, 0, 0, 0, 0, 0, 0, 0, 0.00182237, 0.0322451
39740, 0, 0, 0, 0, 0, 0, 0, 0, 0, 0, 0.00182237, -0.0276386
39750, 0, 0, 0, 0, 0, 0, 0, 0, 0, 0, 0.00182237, -0.0859869
39760, 0, 0, 0, 0, 0, 0, 0, 0, 0, 0, 0.00182237, -0.144335
39771, 0, 0, 0, 0, 0, 0, 0, 0, 0, 0, 0.00182237, -0.201148
39780, 0, 0, 0, 0, 0, 0, 0, 0, 0, 0, 0.00182237, -0.256425
39790, 0, 0, 0, 0, 0, 0, 0, 0, 0, 0, 0.00182237, -0.310167
39800, 0, 0, 0, 0, 0, 0, 0, 0, 0, 0, 0.00182237, -0.360838
39811, 0, 0, 0, 0, 0, 0, 0, 0, 0, 0, 0.00182237, -0.408438
39820, 0, 0, 0, 0, 0, 0, 0, 0, 0, 0, 0.00182237, -0.454502
39830, 0, 0, 0, 0, 0, 0, 0, 0, 0, 0, 0.00182237, -0.49596
39840, 0, 0, 0, 0, 0, 0, 0, 0, 0, 0, 0.00182237, -0.532812
39851, 0, 0, 0, 0, 0, 0, 0, 0, 0, 0, 0.00182237, -0.566592
39860, 0, 0, 0, 0, 0, 0, 0, 0, 0, 0, 0.00182237, -0.595766
39870, 0, 0, 0, 0, 0, 0, 0, 0, 0, 0, 0.00182237, -0.62187
39880, 0, 0, 0, 0, 0, 0, 0, 0, 0, 0, 0.00182237, -0.641831
39890, 0, 0, 0, 0, 0, 0, 0, 0, 0, 0, 0.00182237, -0.658721
39900, 0, 0, 0, 0, 0, 0, 0, 0, 0, 0, 0.00182237, -0.669469
39910, 0, 0, 0, 0, 0, 0, 0, 0, 0, 0, 0.00182237, -0.675611
39920, 0, 0, 0, 0, 0, 0, 0, 0, 0, 0, 0.00182237, -0.678682
39930, 0, 0, 0, 0, 0, 0, 0, 0, 0, 0, 0.00182237, -0.674076
39941, 0, 0, 0, 0, 0, 0, 0, 0, 0, 0, 0.00182237, -0.666398
39950, 0, 0, 0, 0, 0, 0, 0, 0, 0, 0, 0.00182237, -0.654115
39960, 0, 0, 0, 0, 0, 0, 0, 0, 0, 0, 0.00182237, -0.637224
39970, 0, 0, 0, 0, 0, 0, 0, 0, 0, 0, 0.00182237, -0.614192
39981, 0, 0, 0, 0, 0, 0, 0, 0, 0, 0, 0.00182237, -0.588089
39990, 0, 0, 0, 0, 0, 0, 0, 0, 0, 0, 0.00182237, -0.558915
40000, 0, 0, 0, 0, 0, 0, 0, 0, 0, 0, 0.00182237, -0.523599
40010, 0, 0, 0, 0, 0, 0, 0, 0, 0, 0, 0.00182237, -0.485212
40020, 0, 0, 0, 0, 0, 0, 0, 0, 0, 0, 0.00182237, -0.443754
40030, 0, 0, 0, 0, 0, 0, 0, 0, 0, 0, 0.00182237, -0.399225
40040, 0, 0, 0, 0, 0, 0, 0, 0, 0, 0, 0.00182237, -0.351625
40050, 0, 0, 0, 0, 0, 0, 0, 0, 0, 0, 0.00182237, -0.300954
40060, 0, 0, 0, 0, 0, 0, 0, 0, 0, 0, 0.00182237, -0.247212
40071, 0, 0, 0, 0, 0, 0, 0, 0, 0, 0, 0.00182237, -0.193471
40080, 0, 0, 0, 0, 0, 0, 0, 0, 0, 0, 0.00182237, -0.138193
40090, 0, 0, 0, 0, 0, 0, 0, 0, 0, 0, 0.00182237, -0.0813805
40100, 0, 0, 0, 0, 0, 0, 0, 0, 0, 0, 0.00182237, -0.0230322
40111, 0, 0, 0, 0, 0, 0, 0, 0, 0, 0, 0.00182237, 0.0337806
40120, 0, 0, 0, 0, 0, 0, 0, 0, 0, 0, 0.00182237, 0.0905933
40130, 0, 0, 0, 0, 0, 0, 0, 0, 0, 0, 0.00182237, 0.147406
40140, 0, 0, 0, 0, 0, 0, 0, 0, 0, 0, 0.00182237, 0.201148
40151, 0, 0, 0, 0, 0, 0, 0, 0, 0, 0, 0.00182237, 0.25489
40160, 0, 0, 0, 0, 0, 0, 0, 0, 0, 0, 0.00182237, 0.305561
40170, 0, 0, 0, 0, 0, 0, 0, 0, 0, 0, 0.00182237, 0.354696
40180, 0, 0, 0, 0, 0, 0, 0, 0, 0, 0, 0.00182237, 0.40076
40190, 0, 0, 0, 0, 0, 0, 0, 0, 0, 0, 0.00182237, 0.443754
40200, 0, 0, 0, 0, 0, 0, 0, 0, 0, 0, 0.00182237, 0.483676
40210, 0, 0, 0, 0, 0, 0, 0, 0, 0, 0, 0.00182237, 0.518992
40220, 0, 0, 0, 0, 0, 0, 0, 0, 0, 0, 0.00182237, 0.551237
40230, 0, 0, 0, 0, 0, 0, 0, 0, 0, 0, 0.00182237, 0.578876
40241, 0, 0, 0, 0, 0, 0, 0, 0, 0, 0, 0.00182237, 0.603444
40250, 0, 0, 0, 0, 0, 0, 0, 0, 0, 0, 0.00182237, 0.62187
40260, 0, 0, 0, 0, 0, 0, 0, 0, 0, 0, 0.00182237, 0.637224
40270, 0, 0, 0, 0, 0, 0, 0, 0, 0, 0, 0.00182237, 0.646437
40281, 0, 0, 0, 0, 0, 0, 0, 0, 0, 0, 0.00182237, 0.652579
40290, 0, 0, 0, 0, 0, 0, 0, 0, 0, 0, 0.00182237, 0.652579
40300, 0, 0, 0, 0, 0, 0, 0, 0, 0, 0, 0.00182237, 0.649508
40310, 0, 0, 0, 0, 0, 0, 0, 0, 0, 0, 0.00182237, 0.640295
40321, 0, 0, 0, 0, 0, 0, 0, 0, 0, 0, 0.00182237, 0.626476
40330, 0, 0, 0, 0, 0, 0, 0, 0, 0, 0, 0.00182237, 0.609586
40340, 0, 0, 0, 0, 0, 0, 0, 0, 0, 0, 0.00182237, 0.586554
40350, 0, 0, 0, 0, 0, 0, 0, 0, 0, 0, 0.00182237, 0.56045
40360, 0, 0, 0, 0, 0, 0, 0, 0, 0, 0, 0.00182237, 0.531276
40370, 0, 0, 0, 0, 0, 0, 0, 0, 0, 0, 0.00182237, 0.49596
40380, 0, 0, 0, 0, 0, 0, 0, 0, 0, 0, 0.00182237, 0.459109
40390, 0, 0, 0, 0, 0, 0, 0, 0, 0, 0, 0.00182237, 0.417651
40400, 0, 0, 0, 0, 0, 0, 0, 0, 0, 0, 0.00182237, 0.373122
40411, 0, 0, 0, 0, 0, 0, 0, 0, 0, 0, 0.00182237, 0.327057
40420, 0, 0, 0, 0, 0, 0, 0, 0, 0, 0, 0.00182237, 0.276386
40430, 0, 0, 0, 0, 0, 0, 0, 0, 0, 0, 0.00182237, 0.225716
40440, 0, 0, 0, 0, 0, 0, 0, 0, 0, 0, 0.00182237, 0.171974
40451, 0, 0, 0, 0, 0, 0, 0, 0, 0, 0, 0.00182237, 0.118232
40460, 0, 0, 0, 0, 0, 0, 0, 0, 0, 0, 0.00182237, 0.0629547
40470, 0, 0, 0, 0, 0, 0, 0, 0, 0, 0, 0.00182237, 0.0076774
40480, 0, 0, 0, 0, 0, 0, 0, 0, 0, 0, 0.00182237, -0.0475999
40491, 0, 0, 0, 0, 0, 0, 0, 0, 0, 0, 0.00182237, -0.102877
40500, 0, 0, 0, 0, 0, 0, 0, 0, 0, 0, 0.00182237, -0.156619
40510, 0, 0, 0, 0, 0, 0, 0, 0, 0, 0, 0.00182237, -0.210361
40520, 0, 0, 0, 0, 0, 0, 0, 0, 0, 0, 0.00182237, -0.261032
40530, 0, 0, 0, 0, 0, 0, 0, 0, 0, 0, 0.00182237, -0.310167
40541, 0, 0, 0, 0, 0, 0, 0, 0, 0, 0, 0.00182237, -0.356231
40550, 0, 0, 0, 0, 0, 0, 0, 0, 0, 0, 0.00182237, -0.399225
40560, 0, 0, 0, 0, 0, 0, 0, 0, 0, 0, 0.00182237, -0.440683
40570, 0, 0, 0, 0, 0, 0, 0, 0, 0, 0, 0.00182237, -0.477534
40581, 0, 0, 0, 0, 0, 0, 0, 0, 0, 0, 0.00182237, -0.511315
40590, 0, 0, 0, 0, 0, 0, 0, 0, 0, 0, 0.00182237, -0.540489
40600, 0, 0, 0, 0, 0, 0, 0, 0, 0, 0, 0.00182237, -0.566592
40610, 0, 0, 0, 0, 0, 0, 0, 0, 0, 0, 0.00182237, -0.588089
40621, 0, 0, 0, 0, 0, 0, 0, 0, 0, 0, 0.00182237, -0.606515
40630, 0, 0, 0, 0, 0, 0, 0, 0, 0, 0, 0.00182237, -0.618799
40640, 0, 0, 0, 0, 0, 0, 0, 0, 0, 0, 0.00182237, -0.628011
40650, 0, 0, 0, 0, 0, 0, 0, 0, 0, 0, 0.00182237, -0.631082
40660, 0, 0, 0, 0, 0, 0, 0, 0, 0, 0, 0.00182237, -0.631082
40670, 0, 0, 0, 0, 0, 0, 0, 0, 0, 0, 0.00182237, -0.624941
40680, 0, 0, 0, 0, 0, 0, 0, 0, 0, 0, 0.00182237, -0.615728
40690, 0, 0, 0, 0, 0, 0, 0, 0, 0, 0, 0.00182237, -0.601908
40700, 0, 0, 0, 0, 0, 0, 0, 0, 0, 0, 0.00182237, -0.583483
40710, 0, 0, 0, 0, 0, 0, 0, 0, 0, 0, 0.00182237, -0.56045
40720, 0, 0, 0, 0, 0, 0, 0, 0, 0, 0, 0.00182237, -0.534347
40730, 0, 0, 0, 0, 0, 0, 0, 0, 0, 0, 0.00182237, -0.503638
40740, 0, 0, 0, 0, 0, 0, 0, 0, 0, 0, 0.00182237, -0.469857
40751, 0, 0, 0, 0, 0, 0, 0, 0, 0, 0, 0.00182237, -0.43147
40760, 0, 0, 0, 0, 0, 0, 0, 0, 0, 0, 0.00182237, -0.391548
40770, 0, 0, 0, 0, 0, 0, 0, 0, 0, 0, 0.00182237, -0.348554
40780, 0, 0, 0, 0, 0, 0, 0, 0, 0, 0, 0.00182237, -0.300954
40791, 0, 0, 0, 0, 0, 0, 0, 0, 0, 0, 0.00182237, -0.253354
40800, 0, 0, 0, 0, 0, 0, 0, 0, 0, 0, 0.00182237, -0.202683
40810, 0, 0, 0, 0, 0, 0, 0, 0, 0, 0, 0.00182237, -0.152013
40820, 0, 0, 0, 0, 0, 0, 0, 0, 0, 0, 0.00182237, -0.0998062
40830, 0, 0, 0, 0, 0, 0, 0, 0, 0, 0, 0.00182237, -0.0460644
40840, 0, 0, 0, 0, 0, 0, 0, 0, 0, 0, 0.00182237, 0.0076774
40850, 0, 0, 0, 0, 0, 0, 0, 0, 0, 0, 0.00182237, 0.0614192
40860, 0, 0, 0, 0, 0, 0, 0, 0, 0, 0, 0.00182237, 0.113626
40870, 0, 0, 0, 0, 0, 0, 0, 0, 0, 0, 0.00182237, 0.165832
40881, 0, 0, 0, 0, 0, 0, 0, 0, 0, 0, 0.00182237, 0.216503
