QGPIORecord, QRC v6.1.0, 22-12-2023 @ 00:17:56, Windows 10 Version 2009, 10.0.22621, x86_64
Time, ValueIn0, ValueIn1, ValueIn2, ValueIn3, ValueIn4, ValueIn5, ValueIn6, ValueIn7, ValueIn8, ValueIn9, ValueIn10, ValueIn11
25750, 0, 0.101002, 0, 0, 0, 0, 0, 0, 0, 0, 0, 0
25761, 0, 0.101002, 0, 0, 0, 0, 0, 0, 0, 0, 0, 0
25771, 0, 0.10133, 0, 0, 0, 0, 0, 0, 0, 0, 0, 0
25780, 0, 0.101002, 0, 0, 0, 0, 0, 0, 0, 0, 0, 0
25790, 0, 0.101002, 0, 0, 0, 0, 0, 0, 0, 0, 0, 0
25800, 0, 0.0997103, 0, 0, 0, 0, 0, 0, 0, 0, 0, 0
25810, 0, 0.0997103, 0, 0, 0, 0, 0, 0, 0, 0, 0, 0
25820, 0, 0.10003, 0, 0, 0, 0, 0, 0, 0, 0, 0, 0
25830, 0, 0.101002, 0, 0, 0, 0, 0, 0, 0, 0, 0, 0
25840, 0, 0.101002, 0, 0, 0, 0, 0, 0, 0, 0, 0, 0
25850, 0, 0.10003, 0, 0, 0, 0, 0, 0, 0, 0, 0, 0
25860, 0, 0.0997103, 0, 0, 0, 0, 0, 0, 0, 0, 0, 0
25870, 0, 0.10003, 0, 0, 0, 0, 0, 0, 0, 0, 0, 0
25880, 0, 0.10003, 0, 0, 0, 0, 0, 0, 0, 0, 0, 0
25890, 0, 0.0997103, 0, 0, 0, 0, 0, 0, 0, 0, 0, 0
25901, 0, 0.0993932, 0, 0, 0, 0, 0, 0, 0, 0, 0, 0
25910, 0, 0.10003, 0, 0, 0, 0, 0, 0, 0, 0, 0, 0
25920, 0, 0.101002, 0, 0, 0, 0, 0, 0, 0, 0, 0, 0
25930, 0, 0.10133, 0, 0, 0, 0, 0, 0, 0, 0, 0, 0
25940, 0, 0.0997103, 0, 0, 0, 0, 0, 0, 0, 0, 0, 0
25950, 0, 0.0997103, 0, 0, 0, 0, 0, 0, 0, 0, 0, 0
25960, 0, 0.10133, 0, 0, 0, 0, 0, 0, 0, 0, 0, 0
25970, 0, 0.0997103, 0, 0, 0, 0, 0, 0, 0, 0, 0, 0
25980, 0, 0.100351, 0, 0, 0, 0, 0, 0, 0, 0, 0, 0
25990, 0, 0.10133, 0, 0, 0, 0, 0, 0, 0, 0, 0, 0
26000, 0, 0.0997103, 0, 0, 0, 0, 0, 0, 0, 0, 0, 0
26010, 0, 0.10003, 0, 0, 0, 0, 0, 0, 0, 0, 0, 0
26020, 0, 0.101002, 0, 0, 0, 0, 0, 0, 0, 0, 0, 0
26031, 0, 0.0997103, 0, 0, 0, 0, 0, 0, 0, 0, 0, 0
26040, 0, 0.10003, 0, 0, 0, 0, 0, 0, 0, 0, 0, 0
26050, 0, 0.0997103, 0, 0, 0, 0, 0, 0, 0, 0, 0, 0
26060, 0, 0.10003, 0, 0, 0, 0, 0, 0, 0, 0, 0, 0
26071, 0, 0.10133, 0, 0, 0, 0, 0, 0, 0, 0, 0, 0
26080, 0, 0.101002, 0, 0, 0, 0, 0, 0, 0, 0, 0, 0
26090, 0, 0.101002, 0, 0, 0, 0, 0, 0, 0, 0, 0, 0
26100, 0, 0.101002, 0, 0, 0, 0, 0, 0, 0, 0, 0, 0
26110, 0, 0.0997103, 0, 0, 0, 0, 0, 0, 0, 0, 0, 0
26120, 0, 0.0993932, 0, 0, 0, 0, 0, 0, 0, 0, 0, 0
26130, 0, 0.0997103, 0, 0, 0, 0, 0, 0, 0, 0, 0, 0
26140, 0, 0.0997103, 0, 0, 0, 0, 0, 0, 0, 0, 0, 0
26150, 0, 0.10003, 0, 0, 0, 0, 0, 0, 0, 0, 0, 0
26160, 0, 0.101002, 0, 0, 0, 0, 0, 0, 0, 0, 0, 0
26170, 0, 0.101002, 0, 0, 0, 0, 0, 0, 0, 0, 0, 0
26180, 0, 0.10003, 0, 0, 0, 0, 0, 0, 0, 0, 0, 0
26190, 0, 0.0997103, 0, 0, 0, 0, 0, 0, 0, 0, 0, 0
26201, 0, 0.100351, 0, 0, 0, 0, 0, 0, 0, 0, 0, 0
26210, 0, 0.10003, 0, 0, 0, 0, 0, 0, 0, 0, 0, 0
26220, 0, 0.0997103, 0, 0, 0, 0, 0, 0, 0, 0, 0, 0
26230, 0, 0.10003, 0, 0, 0, 0, 0, 0, 0, 0, 0, 0
26241, 0, 0.0997103, 0, 0, 0, 0, 0, 0, 0, 0, 0, 0
26250, 0, 0.0997103, 0, 0, 0, 0, 0, 0, 0, 0, 0, 0
26260, 0, 0.101002, 0, 0, 0, 0, 0, 0, 0, 0, 0, 0
26270, 0, 0.101002, 0, 0, 0, 0, 0, 0, 0, 0, 0, 0
26280, 0, 0.10133, 0, 0, 0, 0, 0, 0, 0, 0, 0, 0
26290, 0, 0.10133, 0, 0, 0, 0, 0, 0, 0, 0, 0, 0
26300, 0, 0.0997103, 0, 0, 0, 0, 0, 0, 0, 0, 0, 0
26310, 0, 0.10003, 0, 0, 0, 0, 0, 0, 0, 0, 0, 0
26320, 0, 0.0997103, 0, 0, 0, 0, 0, 0, 0, 0, 0, 0
26330, 0, 0.101002, 0, 0, 0, 0, 0, 0, 0, 0, 0, 0
26340, 0, 0.100675, 0, 0, 0, 0, 0, 0, 0, 0, 0, 0
26350, 0, 0.0997103, 0, 0, 0, 0, 0, 0, 0, 0, 0, 0
26360, 0, 0.10003, 0, 0, 0, 0, 0, 0, 0, 0, 0, 0
26371, 0, 0.10133, 0, 0, 0, 0, 0, 0, 0, 0, 0, 0
26380, 0, 0.0997103, 0, 0, 0, 0, 0, 0, 0, 0, 0, 0
26390, 0, 0.10003, 0, 0, 0, 0, 0, 0, 0, 0, 0, 0
26400, 0, 0.101002, 0, 0, 0, 0, 0, 0, 0, 0, 0, 0
26411, 0, 0.101002, 0, 0, 0, 0, 0, 0, 0, 0, 0, 0
26420, 0, 0.100675, 0, 0, 0, 0, 0, 0, 0, 0, 0, 0
26430, 0, 0.0997103, 0, 0, 0, 0, 0, 0, 0, 0, 0, 0
26440, 0, 0.0997103, 0, 0, 0, 0, 0, 0, 0, 0, 0, 0
26450, 0, 0.10003, 0, 0, 0, 0, 0, 0, 0, 0, 0, 0
26460, 0, 0.101002, 0, 0, 0, 0, 0, 0, 0, 0, 0, 0
26470, 0, 0.101002, 0, 0, 0, 0, 0, 0, 0, 0, 0, 0
26480, 0, 0.10003, 0, 0, 0, 0, 0, 0, 0, 0, 0, 0
26490, 0, 0.0997103, 0, 0, 0, 0, 0, 0, 0, 0, 0, 0
26501, 0, 0.10003, 0, 0, 0, 0, 0, 0, 0, 0, 0, 0
26510, 0, 0.10003, 0, 0, 0, 0, 0, 0, 0, 0, 0, 0
26520, 0, 0.0997103, 0, 0, 0, 0, 0, 0, 0, 0, 0, 0
26530, 0, 0.10003, 0, 0, 0, 0, 0, 0, 0, 0, 0, 0
26541, 0, 0.101002, 0, 0, 0, 0, 0, 0, 0, 0, 0, 0
26550, 0, 0.101002, 0, 0, 0, 0, 0, 0, 0, 0, 0, 0
26560, 0, 0.0993932, 0, 0, 0, 0, 0, 0, 0, 0, 0, 0
26570, 0, 0.0997103, 0, 0, 0, 0, 0, 0, 0, 0, 0, 0
26580, 0, 0.10003, 0, 0, 0, 0, 0, 0, 0, 0, 0, 0
26590, 0, 0.10003, 0, 0, 0, 0, 0, 0, 0, 0, 0, 0
26600, 0, 0.0997103, 0, 0, 0, 0, 0, 0, 0, 0, 0, 0
26610, 0, 0.10003, 0, 0, 0, 0, 0, 0, 0, 0, 0, 0
26620, 0, 0.0997103, 0, 0, 0, 0, 0, 0, 0, 0, 0, 0
26630, 0, 0.101002, 0, 0, 0, 0, 0, 0, 0, 0, 0, 0
26640, 0, 0.100675, 0, 0, 0, 0, 0, 0, 0, 0, 0, 0
26650, 0, 0.101002, 0, 0, 0, 0, 0, 0, 0, 0, 0, 0
26660, 0, 0.101002, 0, 0, 0, 0, 0, 0, 0, 0, 0, 0
26671, 0, 0.10133, 0, 0, 0, 0, 0, 0, 0, 0, 0, 0
26680, 0, 0.0997103, 0, 0, 0, 0, 0, 0, 0, 0, 0, 0
26690, 0, 0.0997103, 0, 0, 0, 0, 0, 0, 0, 0, 0, 0
26700, 0, 0.0997103, 0, 0, 0, 0, 0, 0, 0, 0, 0, 0
26711, 0, 0.0997103, 0, 0, 0, 0, 0, 0, 0, 0, 0, 0
26720, 0, 0.10003, 0, 0, 0, 0, 0, 0, 0, 0, 0, 0
26730, 0, 0.0997103, 0, 0, 0, 0, 0, 0, 0, 0, 0, 0
26740, 0, 0.0997103, 0, 0, 0, 0, 0, 0, 0, 0, 0, 0
26750, 0, 0.10003, 0, 0, 0, 0, 0, 0, 0, 0, 0, 0
26760, 0, 0.0997103, 0, 0, 0, 0, 0, 0, 0, 0, 0, 0
26770, 0, 0.0997103, 0, 0, 0, 0, 0, 0, 0, 0, 0, 0
26780, 0, 0.10003, 0, 0, 0, 0, 0, 0, 0, 0, 0, 0
26790, 0, 0.101002, 0, 0, 0, 0, 0, 0, 0, 0, 0, 0
26800, 0, 0.10133, 0, 0, 0, 0, 0, 0, 0, 0, 0, 0
26810, 0, 0.10003, 0, 0, 0, 0, 0, 0, 0, 0, 0, 0
26820, 0, 0.101002, 0, 0, 0, 0, 0, 0, 0, 0, 0, 0
26830, 0, 0.101002, 0, 0, 0, 0, 0, 0, 0, 0, 0, 0
26841, 0, 0.0997103, 0, 0, 0, 0, 0, 0, 0, 0, 0, 0
26850, 0, 0.10003, 0, 0, 0, 0, 0, 0, 0, 0, 0, 0
26860, 0, 0.0993932, 0, 0, 0, 0, 0, 0, 0, 0, 0, 0
26870, 0, 0.0997103, 0, 0, 0, 0, 0, 0, 0, 0, 0, 0
26881, 0, 0.10003, 0, 0, 0, 0, 0, 0, 0, 0, 0, 0
26890, 0, 0.101002, 0, 0, 0, 0, 0, 0, 0, 0, 0, 0
26900, 0, 0.0997103, 0, 0, 0, 0, 0, 0, 0, 0, 0, 0
26910, 0, 0.10003, 0, 0, 0, 0, 0, 0, 0, 0, 0, 0
26920, 0, 0.0997103, 0, 0, 0, 0, 0, 0, 0, 0, 0, 0
26930, 0, 0.101002, 0, 0, 0, 0, 0, 0, 0, 0, 0, 0
26940, 0, 0.101661, 0, 0, 0, 0, 0, 0, 0, 0, 0, 0
26950, 0, 0.0997103, 0, 0, 0, 0, 0, 0, 0, 0, 0, 0
26960, 0, 0.0997103, 0, 0, 0, 0, 0, 0, 0, 0, 0, 0
26970, 0, 0.10003, 0, 0, 0, 0, 0, 0, 0, 0, 0, 0
26980, 0, 0.101002, 0, 0, 0, 0, 0, 0, 0, 0, 0, 0
26990, 0, 0.10133, 0, 0, 0, 0, 0, 0, 0, 0, 0, 0
27000, 0, 0.101002, 0, 0, 0, 0, 0, 0, 0, 0, 0, 0
27011, 0, 0.0997103, 0, 0, 0, 0, 0, 0, 0, 0, 0, 0
27020, 0, 0.10003, 0, 0, 0, 0, 0, 0, 0, 0, 0, 0
27030, 0, 0.0997103, 0, 0, 0, 0, 0, 0, 0, 0, 0, 0
27040, 0, 0.0997103, 0, 0, 0, 0, 0, 0, 0, 0, 0, 0
27051, 0, 0.10003, 0, 0, 0, 0, 0, 0, 0, 0, 0, 0
27060, 0, 0.0997103, 0, 0, 0, 0, 0, 0, 0, 0, 0, 0
27070, 0, 0.10003, 0, 0, 0, 0, 0, 0, 0, 0, 0, 0
27080, 0, 0.100351, 0, 0, 0, 0, 0, 0, 0, 0, 0, 0
27090, 0, 0.0997103, 0, 0, 0, 0, 0, 0, 0, 0, 0, 0
27100, 0, 0.10003, 0, 0, 0, 0, 0, 0, 0, 0, 0, 0
27110, 0, 0.101002, 0, 0, 0, 0, 0, 0, 0, 0, 0, 0
27120, 0, 0.101002, 0, 0, 0, 0, 0, 0, 0, 0, 0, 0
27130, 0, 0.10133, 0, 0, 0, 0, 0, 0, 0, 0, 0, 0
27140, 0, 0.0997103, 0, 0, 0, 0, 0, 0, 0, 0, 0, 0
27150, 0, 0.0997103, 0, 0, 0, 0, 0, 0, 0, 0, 0, 0
27160, 0, 0.100351, 0, 0, 0, 0, 0, 0, 0, 0, 0, 0
27170, 0, 0.0997103, 0, 0, 0, 0, 0, 0, 0, 0, 0, 0
27181, 0, 0.10003, 0, 0, 0, 0, 0, 0, 0, 0, 0, 0
27190, 0, 0.10003, 0, 0, 0, 0, 0, 0, 0, 0, 0, 0
27200, 0, 0.0997103, 0, 0, 0, 0, 0, 0, 0, 0, 0, 0
27210, 0, 0.0997103, 0, 0, 0, 0, 0, 0, 0, 0, 0, 0
27220, 0, 0.101002, 0, 0, 0, 0, 0, 0, 0, 0, 0, 0
27230, 0, 0.0997103, 0, 0, 0, 0, 0, 0, 0, 0, 0, 0
27240, 0, 0.10003, 0, 0, 0, 0, 0, 0, 0, 0, 0, 0
27250, 0, 0.0997103, 0, 0, 0, 0, 0, 0, 0, 0, 0, 0
27260, 0, 0.0997103, 0, 0, 0, 0, 0, 0, 0, 0, 0, 0
27270, 0, 0.10003, 0, 0, 0, 0, 0, 0, 0, 0, 0, 0
27280, 0, 0.0997103, 0, 0, 0, 0, 0, 0, 0, 0, 0, 0
27290, 0, 0.0997103, 0, 0, 0, 0, 0, 0, 0, 0, 0, 0
27300, 0, 0.0993932, 0, 0, 0, 0, 0, 0, 0, 0, 0, 0
27311, 0, 0.101002, 0, 0, 0, 0, 0, 0, 0, 0, 0, 0
27320, 0, 0.10133, 0, 0, 0, 0, 0, 0, 0, 0, 0, 0
27330, 0, 0.0997103, 0, 0, 0, 0, 0, 0, 0, 0, 0, 0
27340, 0, 0.101002, 0, 0, 0, 0, 0, 0, 0, 0, 0, 0
27351, 0, 0.101002, 0, 0, 0, 0, 0, 0, 0, 0, 0, 0
27360, 0, 0.0997103, 0, 0, 0, 0, 0, 0, 0, 0, 0, 0
27370, 0, 0.0997103, 0, 0, 0, 0, 0, 0, 0, 0, 0, 0
27380, 0, 0.100351, 0, 0, 0, 0, 0, 0, 0, 0, 0, 0
27390, 0, 0.101002, 0, 0, 0, 0, 0, 0, 0, 0, 0, 0
27400, 0, 0.10133, 0, 0, 0, 0, 0, 0, 0, 0, 0, 0
27410, 0, 0.0997103, 0, 0, 0, 0, 0, 0, 0, 0, 0, 0
27420, 0, 0.101002, 0, 0, 0, 0, 0, 0, 0, 0, 0, 0
27430, 0, 0.101002, 0, 0, 0, 0, 0, 0, 0, 0, 0, 0
27440, 0, 0.0997103, 0, 0, 0, 0, 0, 0, 0, 0, 0, 0
27450, 0, 0.0997103, 0, 0, 0, 0, 0, 0, 0, 0, 0, 0
27460, 0, 0.10133, 0, 0, 0, 0, 0, 0, 0, 0, 0, 0
27470, 0, 0.0997103, 0, 0, 0, 0, 0, 0, 0, 0, 0, 0
27481, 0, 0.10003, 0, 0, 0, 0, 0, 0, 0, 0, 0, 0
27490, 0, 0.0997103, 0, 0, 0, 0, 0, 0, 0, 0, 0, 0
27500, 0, 0.0997103, 0, 0, 0, 0, 0, 0, 0, 0, 0, 0
27510, 0, 0.10003, 0, 0, 0, 0, 0, 0, 0, 0, 0, 0
27521, 0, 0.0990784, 0, 0, 0, 0, 0, 0, 0, 0, 0, 0
27530, 0, 0.0997103, 0, 0, 0, 0, 0, 0, 0, 0, 0, 0
27540, 0, 0.10003, 0, 0, 0, 0, 0, 0, 0, 0, 0, 0
27551, 0, 0.101002, 0, 0, 0, 0, 0, 0, 0, 0, 0, 0
27560, 0, 0.101002, 0, 0, 8e-06, 0, 0, 0, 0, 0, -0.25, 0
27571, -0.25, 0.0993932, 0, 0, 4.08e-06, -0.5, -0.148998, 1.6e-05, 0, 0, -0.176991, 0
27581, -0.25, 0.0997103, 0, 0, 2.78199e-06, -0.337748, -0.0775976, 1.208e-05, 0, 0, -0.152767, 0
27591, -0.25, 0.0993932, 0, 0, 2.14417e-06, -0.258022, -0.0530564, 1.0782e-05, 0, 0, -0.141295, 0
27601, -0.25, 0.101002, 0, 0, 1.77096e-06, -0.21137, -0.0419022, 1.01442e-05, 0, 0, -0.13479, 0
27611, -0.25, 0.101995, 0, 0, 1.52998e-06, -0.181247, -0.0337882, 9.77096e-06, 0, 0, -0.131092, 0
27621, -0.25, 0.10267, 0, 0, 1.36435e-06, -0.160544, -0.0290974, 9.52998e-06, 0, 0, -0.128893, 0
27631, -0.25, 0.1037, 0, 0, 1.24557e-06, -0.145696, -0.026223, 9.36435e-06, 0, 0, -0.127571, 0
27641, -0.25, 0.106566, 0, 0, 1.15777e-06, -0.134721, -0.0238702, 9.24557e-06, 0, 0, -0.126868, 0
27651, -0.25, 0.106198, 0, 0, 1.0914e-06, -0.126424, -0.0203018, 9.15776e-06, 0, 0, -0.126815, 0
27661, -0.25, 0.109222, 0, 0, 1.04038e-06, -0.120047, -0.020617, 9.0914e-06, 0, 0, -0.126853, 0
27671, -0.25, 0.109614, 0, 0, 1.00065e-06, -0.115081, -0.0176308, 9.04038e-06, 0, 0, -0.127328, 0
27681, -0.25, 0.112863, 0, 0, 9.69401e-07, -0.111175, -0.0177138, 9.00065e-06, 0, 0, -0.127851, 0
27691, -0.25, 0.115886, 0, 0, 9.4463e-07, -0.108079, -0.0149885, 8.9694e-06, 0, 0, -0.128707, 0
27701, -0.25, 0.115886, 0, 0, 9.24869e-07, -0.105609, -0.0128205, 8.94463e-06, 0, 0, -0.129806, 0
27711, -0.25, 0.119094, 0, 0, 9.09026e-07, -0.103628, -0.0139195, 8.92487e-06, 0, 0, -0.130796, 0
27721, -0.25, 0.12301, 0, 0, 8.96274e-07, -0.102034, -0.0117016, 8.90903e-06, 0, 0, -0.13201, 0
27730, -0.25, 0.122005, 0, 0, 8.85977e-07, -0.100747, -0.00900014, 8.89627e-06, 0, 0, -0.133481, 0
27741, -0.25, 0.125604, 0, 0, 8.77641e-07, -0.0997051, -0.0114765, 8.88598e-06, 0, 0, -0.13469, 0
27751, -0.25, 0.127768, 0, 0, 8.70878e-07, -0.0988597, -0.00908592, 8.87764e-06, 0, 0, -0.136116, 0
27761, -0.25, 0.128322, 0, 0, 8.65381e-07, -0.0981726, -0.00834821, 8.87088e-06, 0, 0, -0.137591, 0
27771, -0.25, 0.13235, 0, 0, 8.60908e-07, -0.0976135, -0.00926898, 8.86538e-06, 0, 0, -0.138952, 0
27781, -0.25, 0.132948, 0, 0, 8.57264e-07, -0.097158, -0.00660238, 8.86091e-06, 0, 0, -0.140544, 0
27791, -0.25, 0.137306, 0, 0, 8.54293e-07, -0.0967866, -0.00759657, 8.85726e-06, 0, 0, -0.142013, 0
27801, -0.25, 0.139938, 0, 0, 8.51867e-07, -0.0964834, -0.0047074, 8.85429e-06, 0, 0, -0.143728, 0
27811, -0.25, 0.140614, 0, 0, 8.49887e-07, -0.0962359, -0.00378922, 8.85187e-06, 0, 0, -0.145496, 0
27821, -0.25, 0.143388, 0, 0, 8.48269e-07, -0.0960337, -0.00488187, 8.84989e-06, 0, 0, -0.147126, 0
27831, -0.25, 0.148539, 0, 0, 8.46947e-07, -0.0958684, -0.00373857, 8.84827e-06, 0, 0, -0.148833, 0
27841, -0.25, 0.148539, 0, 0, 8.45866e-07, -0.0957333, -0.000293687, 8.84695e-06, 0, 0, -0.150828, 0
27851, -0.25, 0.151666, 0, 0, 8.44982e-07, -0.0956228, -0.00228947, 8.84587e-06, 0, 0, -0.152597, 0
27860, -0.25, 0.151666, 0, 0, 8.44259e-07, -0.0955324, -0.00093092, 8.84498e-06, 0, 0, -0.154458, 0
27871, -0.25, 0.154939, 0, 0, 8.43667e-07, -0.0954584, -0.00279182, 8.84426e-06, 0, 0, -0.156108, 0
27881, -0.25, 0.157496, 0, 0, 8.43183e-07, -0.0953979, -0.00116856, 8.84367e-06, 0, 0, -0.157876, 0
27891, -0.25, 0.159251, 0, 0, 8.42787e-07, -0.0953484, -0.000380814, 8.84318e-06, 0, 0, -0.159683, 0
27900, -0.25, 0.161964, 0, 0, 8.42463e-07, -0.0953079, -0.000432447, 8.84279e-06, 0, 0, -0.161449, 0
27911, -0.25, 0.164778, 0, 0, 8.42197e-07, -0.0952747, 0.00051479, 8.84246e-06, 0, 0, -0.163268, 0
27921, -0.25, 0.16574, 0, 0, 8.4198e-07, -0.0952475, 0.00150999, 8.8422e-06, 0, 0, -0.165144, 0
27931, -0.25, 0.164778, 0, 0, 8.41802e-07, -0.0952253, 0.000595957, 8.84198e-06, 0, 0, -0.166897, 0
27941, -0.25, 0.169709, 0, 0, 8.41657e-07, -0.0952071, -0.00211832, 8.8418e-06, 0, 0, -0.168361, 0
27951, -0.25, 0.170734, 0, 0, 8.41538e-07, -0.0951922, 0.00134826, 8.84166e-06, 0, 0, -0.17012, 0
27961, -0.25, 0.174967, 0, 0, 8.4144e-07, -0.09518, 0.000614062, 8.84154e-06, 0, 0, -0.171774, 0
27971, -0.25, 0.174967, 0, 0, 8.4136e-07, -0.09517, 0.00319237, 8.84144e-06, 0, 0, -0.173637, 0
27981, -0.25, 0.17943, 0, 0, 8.41295e-07, -0.0951619, 0.00133011, 8.84136e-06, 0, 0, -0.175288, 0
27991, -0.25, 0.17943, 0, 0, 8.41241e-07, -0.0951552, 0.00414237, 8.84129e-06, 0, 0, -0.177169, 0
28001, -0.25, 0.17943, 0, 0, 8.41198e-07, -0.0951497, 0.00226185, 8.84124e-06, 0, 0, -0.178836, 0
28011, -0.25, 0.184144, 0, 0, 8.41162e-07, -0.0951452, 0.000594303, 8.8412e-06, 0, 0, -0.180315, 0
28021, -0.25, 0.184144, 0, 0, 8.41132e-07, -0.0951415, 0.00382887, 8.84116e-06, 0, 0, -0.182066, 0
28030, -0.25, 0.181755, 0, 0, 8.41108e-07, -0.0951385, 0.00207816, 8.84113e-06, 0, 0, -0.183618, 0
28041, -0.25, 0.187855, 0, 0, 8.41088e-07, -0.0951361, -0.00186343, 8.84111e-06, 0, 0, -0.184772, 0
28051, -0.25, 0.194408, 0, 0, 8.41072e-07, -0.095134, 0.00308351, 8.84109e-06, 0, 0, -0.186364, 0
28061, -0.25, 0.194408, 0, 0, 8.41059e-07, -0.0951324, 0.00804421, 8.84107e-06, 0, 0, -0.188387, 0
28071, -0.25, 0.193059, 0, 0, 8.41048e-07, -0.095131, 0.00602153, 8.84106e-06, 0, 0, -0.19018, 0
28081, -0.25, 0.194408, 0, 0, 8.41039e-07, -0.0951299, 0.0028788, 8.84105e-06, 0, 0, -0.191645, 0
28091, -0.25, 0.20001, 0, 0, 8.41032e-07, -0.095129, 0.00276312, 8.84104e-06, 0, 0, -0.19307, 0
28101, -0.25, 0.198578, 0, 0, 8.41026e-07, -0.0951283, 0.00694078, 8.84103e-06, 0, 0, -0.194855, 0
28111, -0.25, 0.201465, 0, 0, 8.41021e-07, -0.0951277, 0.0037227, 8.84103e-06, 0, 0, -0.196305, 0
28121, -0.25, 0.20001, 0, 0, 8.41017e-07, -0.0951272, 0.00515963, 8.84102e-06, 0, 0, -0.19786, 0
28131, -0.25, 0.204442, 0, 0, 8.41014e-07, -0.0951268, 0.00215028, 8.84102e-06, 0, 0, -0.199103, 0
28141, -0.25, 0.205966, 0, 0, 8.41012e-07, -0.0951264, 0.00533858, 8.84101e-06, 0, 0, -0.200619, 0
28151, -0.25, 0.204442, 0, 0, 8.41009e-07, -0.0951262, 0.00534666, 8.84101e-06, 0, 0, -0.202105, 0
28161, -0.25, 0.204442, 0, 0, 8.41008e-07, -0.0951259, 0.0023369, 8.84101e-06, 0, 0, -0.203281, 0
28171, -0.25, 0.204442, 0, 0, 8.41006e-07, -0.0951257, 0.00116116, 8.84101e-06, 0, 0, -0.204324, 0
28181, -0.25, 0.210684, 0, 0, 8.41005e-07, -0.0951256, 0.000118524, 8.84101e-06, 0, 0, -0.205248, 0
28191, -0.25, 0.212308, 0, 0, 8.41004e-07, -0.0951255, 0.00543623, 8.84101e-06, 0, 0, -0.20665, 0
28200, -0.25, 0.212308, 0, 0, 8.41003e-07, -0.0951254, 0.0056584, 8.841e-06, 0, 0, -0.208044, 0
28211, -0.25, 0.210684, 0, 0, 8.41002e-07, -0.0951253, 0.00426391, 8.841e-06, 0, 0, -0.209281, 0
28221, -0.25, 0.212308, 0, 0, 8.41002e-07, -0.0951252, 0.0014033, 8.841e-06, 0, 0, -0.210226, 0
28231, -0.25, 0.217343, 0, 0, 8.41001e-07, -0.0951252, 0.00208211, 8.841e-06, 0, 0, -0.211216, 0
28241, -0.25, 0.217343, 0, 0, 8.41001e-07, -0.0951251, 0.00612696, 8.841e-06, 0, 0, -0.212563, 0
28251, -0.25, 0.215637, 0, 0, 8.41001e-07, -0.0951251, 0.0047801, 8.841e-06, 0, 0, -0.213757, 0
28261, -0.25, 0.217343, 0, 0, 8.41001e-07, -0.0951251, 0.00187986, 8.841e-06, 0, 0, -0.214657, 0
28271, -0.25, 0.219077, 0, 0, 8.41e-07, -0.095125, 0.00268564, 8.841e-06, 0, 0, -0.215614, 0
28281, -0.25, 0.219077, 0, 0, 8.41e-07, -0.095125, 0.00346297, 8.841e-06, 0, 0, -0.216625, 0
28291, -0.25, 0.226317, 0, 0, 8.41e-07, -0.095125, 0.00245243, 8.841e-06, 0, 0, -0.217521, 0
28301, -0.25, 0.226317, 0, 0, 8.41e-07, -0.095125, 0.00879617, 8.841e-06, 0, 0, -0.218991, 0
28311, -0.25, 0.22446, 0, 0, 8.41e-07, -0.095125, 0.00732659, 8.841e-06, 0, 0, -0.220294, 0
28321, -0.25, 0.22446, 0, 0, 8.41e-07, -0.095125, 0.00416662, 8.841e-06, 0, 0, -0.221276, 0
28331, -0.25, 0.226317, 0, 0, 8.41e-07, -0.095125, 0.00318407, 8.841e-06, 0, 0, -0.222148, 0
28341, -0.25, 0.22446, 0, 0, 8.41e-07, -0.095125, 0.00416954, 8.841e-06, 0, 0, -0.223093, 0
28351, -0.25, 0.226317, 0, 0, 8.41e-07, -0.095125, 0.00136703, 8.841e-06, 0, 0, -0.223759, 0
28361, -0.25, 0.226317, 0, 0, 8.41e-07, -0.0951249, 0.00255823, 8.841e-06, 0, 0, -0.224522, 0
28370, -0.25, 0.22446, 0, 0, 8.41e-07, -0.0951249, 0.00179492, 8.841e-06, 0, 0, -0.225199, 0
28381, -0.25, 0.226317, 0, 0, 8.41e-07, -0.0951249, -0.000738725, 8.841e-06, 0, 0, -0.225626, 0
28391, -0.25, 0.234079, 0, 0, 8.41e-07, -0.0951249, 0.000690907, 8.841e-06, 0, 0, -0.226178, 0
28401, -0.25, 0.232086, 0, 0, 8.41e-07, -0.0951249, 0.00790069, 8.841e-06, 0, 0, -0.227391, 0
28411, -0.25, 0.234079, 0, 0, 8.41e-07, -0.0951249, 0.00469534, 8.841e-06, 0, 0, -0.228281, 0
28421, -0.25, 0.234079, 0, 0, 8.41e-07, -0.0951249, 0.00579783, 8.841e-06, 0, 0, -0.229256, 0
28431, -0.25, 0.232086, 0, 0, 8.41e-07, -0.0951249, 0.00482297, 8.841e-06, 0, 0, -0.23012, 0
28441, -0.25, 0.234079, 0, 0, 8.41e-07, -0.0951249, 0.00196607, 8.841e-06, 0, 0, -0.230701, 0
28451, -0.25, 0.232086, 0, 0, 8.41e-07, -0.0951249, 0.00337759, 8.841e-06, 0, 0, -0.231402, 0
28461, -0.25, 0.234079, 0, 0, 8.41e-07, -0.0951249, 0.000684351, 8.841e-06, 0, 0, -0.231838, 0
28471, -0.25, 0.230129, 0, 0, 8.41e-07, -0.0951249, 0.00224099, 8.841e-06, 0, 0, -0.23241, 0
28481, -0.25, 0.234079, 0, 0, 8.41e-07, -0.0951249, -0.0022807, 8.841e-06, 0, 0, -0.232549, 0
28491, -0.25, 0.234079, 0, 0, 8.41e-07, -0.0951249, 0.00152963, 8.841e-06, 0, 0, -0.233041, 0
28500, -0.25, 0.234079, 0, 0, 8.41e-07, -0.0951249, 0.00103801, 8.841e-06, 0, 0, -0.233477, 0
28511, -0.25, 0.232086, 0, 0, 8.41e-07, -0.0951249, 0.000602067, 8.841e-06, 0, 0, -0.233863, 0
28521, -0.25, 0.234079, 0, 0, 8.41e-07, -0.0951249, -0.0017769, 8.841e-06, 0, 0, -0.23402, 0
28531, -0.25, 0.240277, 0, 0, 8.41e-07, -0.0951249, 5.83977e-05, 8.841e-06, 0, 0, -0.234345, 0
28540, -0.25, 0.240277, 0, 0, 8.41e-07, -0.0951249, 0.0059319, 8.841e-06, 0, 0, -0.235212, 0
28551, -0.25, 0.242421, 0, 0, 8.41e-07, -0.0951249, 0.00506581, 8.841e-06, 0, 0, -0.23598, 0
28561, -0.25, 0.240277, 0, 0, 8.41e-07, -0.0951249, 0.00644122, 8.841e-06, 0, 0, -0.23686, 0
28571, -0.25, 0.240277, 0, 0, 8.41e-07, -0.0951249, 0.00341693, 8.841e-06, 0, 0, -0.237442, 0
28581, -0.25, 0.242421, 0, 0, 8.41e-07, -0.0951249, 0.0028356, 8.841e-06, 0, 0, -0.237957, 0
28591, -0.25, 0.240277, 0, 0, 8.41e-07, -0.0951249, 0.00446352, 8.841e-06, 0, 0, -0.238614, 0
28601, -0.25, 0.242421, 0, 0, 8.41e-07, -0.0951249, 0.00166313, 8.841e-06, 0, 0, -0.238997, 0
28611, -0.25, 0.242421, 0, 0, 8.41e-07, -0.0951249, 0.00342381, 8.841e-06, 0, 0, -0.239536, 0
28621, -0.25, 0.240277, 0, 0, 8.41e-07, -0.0951249, 0.00288457, 8.841e-06, 0, 0, -0.240014, 0
28631, -0.25, 0.242421, 0, 0, 8.41e-07, -0.0951249, 0.000262961, 8.841e-06, 0, 0, -0.240239, 0
28641, -0.25, 0.240277, 0, 0, 8.41e-07, -0.0951249, 0.00218216, 8.841e-06, 0, 0, -0.240637, 0
28651, -0.25, 0.240277, 0, 0, 8.41e-07, -0.0951249, -0.000359923, 8.841e-06, 0, 0, -0.240791, 0
28661, -0.25, 0.242421, 0, 0, 8.41e-07, -0.0951249, -0.000513613, 8.841e-06, 0, 0, -0.240927, 0
28670, -0.25, 0.240277, 0, 0, 8.41e-07, -0.0951249, 0.00149351, 8.841e-06, 0, 0, -0.241248, 0
28681, -0.25, 0.240277, 0, 0, 8.41e-07, -0.0951249, -0.000970587, 8.841e-06, 0, 0, -0.241333, 0
28691, -0.25, 0.238173, 0, 0, 8.41e-07, -0.0951249, -0.00105515, 8.841e-06, 0, 0, -0.241408, 0
28701, -0.25, 0.240277, 0, 0, 8.41e-07, -0.0951249, -0.00323422, 8.841e-06, 0, 0, -0.241278, 0
28710, -0.25, 0.242421, 0, 0, 8.41e-07, -0.0951249, -0.00100049, 8.841e-06, 0, 0, -0.241359, 0
28721, -0.25, 0.242421, 0, 0, 8.41e-07, -0.0951249, 0.00106177, 8.841e-06, 0, 0, -0.241631, 0
28731, -0.25, 0.240277, 0, 0, 8.41e-07, -0.0951249, 0.00078997, 8.841e-06, 0, 0, -0.241872, 0
28741, -0.25, 0.242421, 0, 0, 8.41e-07, -0.0951249, -0.00159448, 8.841e-06, 0, 0, -0.241886, 0
28751, -0.25, 0.249098, 0, 0, 8.41e-07, -0.0951249, 0.000535026, 8.841e-06, 0, 0, -0.242098, 0
28761, -0.25, 0.249098, 0, 0, 8.41e-07, -0.0951249, 0.00700046, 8.841e-06, 0, 0, -0.242909, 0
28771, -0.25, 0.251411, 0, 0, 8.41e-07, -0.0951249, 0.00618982, 8.841e-06, 0, 0, -0.243627, 0
28781, -0.25, 0.249098, 0, 0, 8.41e-07, -0.0951249, 0.00778325, 8.841e-06, 0, 0, -0.24448, 0
28791, -0.25, 0.251411, 0, 0, 8.41e-07, -0.0951249, 0.00461794, 8.841e-06, 0, 0, -0.245021, 0
28801, -0.25, 0.249098, 0, 0, 8.41e-07, -0.0951249, 0.00638933, 8.841e-06, 0, 0, -0.245717, 0
28811, -0.25, 0.249098, 0, 0, 8.41e-07, -0.0951249, 0.00338185, 8.841e-06, 0, 0, -0.246117, 0
28821, -0.25, 0.249098, 0, 0, 8.41e-07, -0.0951249, 0.00298092, 8.841e-06, 0, 0, -0.246473, 0
28831, -0.25, 0.249098, 0, 0, 8.41e-07, -0.0951249, 0.00262539, 8.841e-06, 0, 0, -0.246788, 0
28840, -0.25, 0.249098, 0, 0, 8.41e-07, -0.0951249, 0.0023101, 8.841e-06, 0, 0, -0.247068, 0
28851, -0.25, 0.251411, 0, 0, 8.41e-07, -0.0951249, 0.00203051, 8.841e-06, 0, 0, -0.247316, 0
28861, -0.25, 0.249098, 0, 0, 8.41e-07, -0.0951249, 0.00409487, 8.841e-06, 0, 0, -0.247751, 0
28871, -0.25, 0.249098, 0, 0, 8.41e-07, -0.0951249, 0.00134715, 8.841e-06, 0, 0, -0.247922, 0
28880, -0.25, 0.251411, 0, 0, 8.41e-07, -0.0951249, 0.0011766, 8.841e-06, 0, 0, -0.248073, 0
28891, -0.25, 0.249098, 0, 0, 8.41e-07, -0.0951249, 0.00333764, 8.841e-06, 0, 0, -0.248423, 0
28901, -0.25, 0.249098, 0, 0, 8.41e-07, -0.0951249, 0.000675663, 8.841e-06, 0, 0, -0.248517, 0
28911, -0.25, 0.249098, 0, 0, 8.41e-07, -0.0951249, 0.00058113, 8.841e-06, 0, 0, -0.248601, 0
28921, -0.25, 0.249098, 0, 0, 8.41e-07, -0.0951249, 0.000497296, 8.841e-06, 0, 0, -0.248675, 0
28931, -0.25, 0.251411, 0, 0, 8.41e-07, -0.0951249, 0.000422955, 8.841e-06, 0, 0, -0.248741, 0
28941, -0.25, 0.249098, 0, 0, 8.41e-07, -0.0951249, 0.00266932, 8.841e-06, 0, 0, -0.249015, 0
28951, -0.25, 0.249098, 0, 0, 8.41e-07, -0.0951249, 8.30144e-05, 8.841e-06, 0, 0, -0.249043, 0
28961, -0.25, 0.249098, 0, 0, 8.41e-07, -0.0951249, 5.55813e-05, 8.841e-06, 0, 0, -0.249067, 0
28971, -0.25, 0.249098, 0, 0, 8.41e-07, -0.0951249, 3.12477e-05, 8.841e-06, 0, 0, -0.249089, 0
28981, -0.25, 0.249098, 0, 0, 8.41e-07, -0.0951249, 9.68575e-06, 8.841e-06, 0, 0, -0.249108, 0
28991, -0.25, 0.24683, 0, 0, 8.41e-07, -0.0951249, -9.44734e-06, 8.841e-06, 0, 0, -0.249125, 0
29001, -0.25, 0.249098, 0, 0, 8.41e-07, -0.0951249, -0.00229467, 8.841e-06, 0, 0, -0.248928, 0
29010, -0.25, 0.251411, 0, 0, 8.41e-07, -0.0951249, 0.000169992, 8.841e-06, 0, 0, -0.248966, 0
29021, -0.25, 0.249098, 0, 0, 8.41e-07, -0.0951249, 0.002445, 8.841e-06, 0, 0, -0.249214, 0
29031, -0.25, 0.249098, 0, 0, 8.41e-07, -0.0951249, -0.000115901, 8.841e-06, 0, 0, -0.249219, 0
29041, -0.25, 0.251411, 0, 0, 8.41e-07, -0.0951249, -0.000120804, 8.841e-06, 0, 0, -0.249224, 0
29050, -0.25, 0.249098, 0, 0, 8.41e-07, -0.0951249, 0.00218713, 8.841e-06, 0, 0, -0.249443, 0
29061, -0.25, 0.249098, 0, 0, 8.41e-07, -0.0951249, -0.000344574, 8.841e-06, 0, 0, -0.249422, 0
29071, -0.25, 0.251411, 0, 0, 8.41e-07, -0.0951249, -0.000323594, 8.841e-06, 0, 0, -0.249403, 0
29081, -0.25, 0.249098, 0, 0, 8.41e-07, -0.0951249, 0.00200731, 8.841e-06, 0, 0, -0.249602, 0
29090, -0.25, 0.251411, 0, 0, 8.41e-07, -0.0951249, -0.000504032, 8.841e-06, 0, 0, -0.249563, 0
29101, -0.25, 0.249098, 0, 0, 8.41e-07, -0.0951249, 0.0018473, 8.841e-06, 0, 0, -0.249744, 0
29111, -0.25, 0.249098, 0, 0, 8.41e-07, -0.0951249, -0.000645936, 8.841e-06, 0, 0, -0.249689, 0
29121, -0.25, 0.251411, 0, 0, 8.41e-07, -0.0951249, -0.000590846, 8.841e-06, 0, 0, -0.24964, 0
29131, -0.25, 0.249098, 0, 0, 8.41e-07, -0.0951249, 0.0017703, 8.841e-06, 0, 0, -0.249813, 0
29140, -0.25, 0.249098, 0, 0, 8.41e-07, -0.0951249, -0.000714213, 8.841e-06, 0, 0, -0.24975, 0
29151, -0.25, 0.251411, 0, 0, 8.41e-07, -0.0951249, -0.000651389, 8.841e-06, 0, 0, -0.249694, 0
29161, -0.25, 0.249098, 0, 0, 8.41e-07, -0.0951249, 0.00171661, 8.841e-06, 0, 0, -0.24986, 0
29171, -0.25, 0.249098, 0, 0, 8.41e-07, -0.0951249, -0.000761807, 8.841e-06, 0, 0, -0.249792, 0
29180, -0.25, 0.251411, 0, 0, 8.41e-07, -0.0951249, -0.000693589, 8.841e-06, 0, 0, -0.249731, 0
29191, -0.25, 0.249098, 0, 0, 8.41e-07, -0.0951249, 0.0016792, 8.841e-06, 0, 0, -0.249893, 0
29201, -0.25, 0.249098, 0, 0, 8.41e-07, -0.0951249, -0.000795007, 8.841e-06, 0, 0, -0.249821, 0
29211, -0.25, 0.249098, 0, 0, 8.41e-07, -0.0951249, -0.000723034, 8.841e-06, 0, 0, -0.249758, 0
29220, -0.25, 0.249098, 0, 0, 8.41e-07, -0.0951249, -0.000659198, 8.841e-06, 0, 0, -0.249701, 0
29231, -0.25, 0.251411, 0, 0, 8.41e-07, -0.0951249, -0.000602588, 8.841e-06, 0, 0, -0.249651, 0
29241, -0.25, 0.249098, 0, 0, 8.41e-07, -0.0951249, 0.0017599, 8.841e-06, 0, 0, -0.249822, 0
29251, -0.25, 0.249098, 0, 0, 8.41e-07, -0.0951249, -0.000723436, 8.841e-06, 0, 0, -0.249758, 0
29260, -0.25, 0.251411, 0, 0, 8.41e-07, -0.0951249, -0.000659555, 8.841e-06, 0, 0, -0.249701, 0
29271, -0.25, 0.249098, 0, 0, 8.41e-07, -0.0951249, 0.00170937, 8.841e-06, 0, 0, -0.249867, 0
29281, -0.25, 0.251411, 0, 0, 8.41e-07, -0.0951249, -0.000768244, 8.841e-06, 0, 0, -0.249798, 0
29291, -0.25, 0.24683, 0, 0, 8.41e-07, -0.0951249, 0.00161299, 8.841e-06, 0, 0, -0.249952, 0
29301, -0.25, 0.249098, 0, 0, 8.41e-07, -0.0951249, -0.00312197, 8.841e-06, 0, 0, -0.249662, 0
29310, -0.25, 0.251411, 0, 0, 8.41e-07, -0.0951249, -0.000563636, 8.841e-06, 0, 0, -0.249616, 0
29321, -0.25, 0.249098, 0, 0, 8.41e-07, -0.0951249, 0.00179443, 8.841e-06, 0, 0, -0.249791, 0
29331, -0.25, 0.249098, 0, 0, 8.41e-07, -0.0951249, -0.000692815, 8.841e-06, 0, 0, -0.249731, 0
29341, -0.25, 0.249098, 0, 0, 8.41e-07, -0.0951249, -0.000632405, 8.841e-06, 0, 0, -0.249677, 0
29350, -0.25, 0.249098, 0, 0, 8.41e-07, -0.0951249, -0.000578836, 8.841e-06, 0, 0, -0.24963, 0
29361, -0.25, 0.249098, 0, 0, 8.41e-07, -0.0951249, -0.000531331, 8.841e-06, 0, 0, -0.249588, 0
29371, -0.25, 0.251411, 0, 0, 8.41e-07, -0.0951249, -0.000489205, 8.841e-06, 0, 0, -0.24955, 0
29381, -0.25, 0.249098, 0, 0, 8.41e-07, -0.0951249, 0.00186044, 8.841e-06, 0, 0, -0.249733, 0
29390, -0.25, 0.251411, 0, 0, 8.41e-07, -0.0951249, -0.000634283, 8.841e-06, 0, 0, -0.249679, 0
29401, -0.25, 0.249098, 0, 0, 8.41e-07, -0.0951249, 0.00173178, 8.841e-06, 0, 0, -0.249847, 0
29411, -0.25, 0.249098, 0, 0, 8.41e-07, -0.0951249, -0.000748366, 8.841e-06, 0, 0, -0.24978, 0
29421, -0.25, 0.249098, 0, 0, 8.41e-07, -0.0951249, -0.000681669, 8.841e-06, 0, 0, -0.249721, 0
29431, -0.25, 0.249098, 0, 0, 8.41e-07, -0.0951249, -0.000622511, 8.841e-06, 0, 0, -0.249668, 0
29441, -0.25, 0.249098, 0, 0, 8.41e-07, -0.0951249, -0.000570059, 8.841e-06, 0, 0, -0.249622, 0
29451, -0.25, 0.251411, 0, 0, 8.41e-07, -0.0951249, -0.000523552, 8.841e-06, 0, 0, -0.249581, 0
29461, -0.25, 0.249098, 0, 0, 8.41e-07, -0.0951249, 0.00182998, 8.841e-06, 0, 0, -0.24976, 0
29471, -0.25, 0.251411, 0, 0, 8.41e-07, -0.0951249, -0.000661284, 8.841e-06, 0, 0, -0.249703, 0
29480, -0.25, 0.249098, 0, 0, 8.41e-07, -0.0951249, 0.00170784, 8.841e-06, 0, 0, -0.249868, 0
29491, -0.25, 0.249098, 0, 0, 8.41e-07, -0.0951249, -0.0007696, 8.841e-06, 0, 0, -0.249799, 0
29501, -0.25, 0.251411, 0, 0, 8.41e-07, -0.0951249, -0.000700489, 8.841e-06, 0, 0, -0.249738, 0
29511, -0.25, 0.24683, 0, 0, 8.41e-07, -0.0951249, 0.00167309, 8.841e-06, 0, 0, -0.249899, 0
29520, -0.25, 0.249098, 0, 0, 8.41e-07, -0.0951249, -0.00306869, 8.841e-06, 0, 0, -0.249615, 0
29531, -0.25, 0.251411, 0, 0, 8.41e-07, -0.0951249, -0.000516385, 8.841e-06, 0, 0, -0.249574, 0
29541, -0.25, 0.249098, 0, 0, 8.41e-07, -0.0951249, 0.00183633, 8.841e-06, 0, 0, -0.249754, 0
29551, -0.25, 0.249098, 0, 0, 8.41e-07, -0.0951249, -0.000655666, 8.841e-06, 0, 0, -0.249698, 0
29560, -0.25, 0.251411, 0, 0, 8.41e-07, -0.0951249, -0.000599459, 8.841e-06, 0, 0, -0.249648, 0
29571, -0.25, 0.249098, 0, 0, 8.41e-07, -0.0951249, 0.00176267, 8.841e-06, 0, 0, -0.249819, 0
29581, -0.25, 0.251411, 0, 0, 8.41e-07, -0.0951249, -0.000720963, 8.841e-06, 0, 0, -0.249756, 0
29591, -0.25, 0.251411, 0, 0, 8.41e-07, -0.0951249, 0.00165492, 8.841e-06, 0, 0, -0.249915, 0
29601, -0.25, 0.249098, 0, 0, 8.41e-07, -0.0951249, 0.00149575, 8.841e-06, 0, 0, -0.250056, 0
29611, -0.25, 0.251411, 0, 0, 8.41e-07, -0.0951249, -0.000957683, 8.841e-06, 0, 0, -0.249966, 0
29621, -0.25, 0.249098, 0, 0, 8.41e-07, -0.0951249, 0.00144501, 8.841e-06, 0, 0, -0.250101, 0
29631, -0.25, 0.249098, 0, 0, 8.41e-07, -0.0951249, -0.00100268, 8.841e-06, 0, 0, -0.250006, 0
29641, -0.25, 0.251411, 0, 0, 8.41e-07, -0.0951249, -0.000907198, 8.841e-06, 0, 0, -0.249921, 0
29650, -0.25, 0.249098, 0, 0, 8.41e-07, -0.0951249, 0.00148977, 8.841e-06, 0, 0, -0.250061, 0
29661, -0.25, 0.249098, 0, 0, 8.41e-07, -0.0951249, -0.000962988, 8.841e-06, 0, 0, -0.24997, 0
29671, -0.25, 0.251411, 0, 0, 8.41e-07, -0.0951249, -0.000872001, 8.841e-06, 0, 0, -0.24989, 0
29681, -0.25, 0.249098, 0, 0, 8.41e-07, -0.0951249, 0.00152099, 8.841e-06, 0, 0, -0.250034, 0
29690, -0.25, 0.251411, 0, 0, 8.41e-07, -0.0951249, -0.000935301, 8.841e-06, 0, 0, -0.249946, 0
29701, -0.25, 0.249098, 0, 0, 8.41e-07, -0.0951249, 0.00146486, 8.841e-06, 0, 0, -0.250083, 0
29711, -0.25, 0.249098, 0, 0, 8.41e-07, -0.0951249, -0.000985071, 8.841e-06, 0, 0, -0.24999, 0
29721, -0.25, 0.249098, 0, 0, 8.41e-07, -0.0951249, -0.000891581, 8.841e-06, 0, 0, -0.249907, 0
29730, -0.25, 0.24683, 0, 0, 8.41e-07, -0.0951249, -0.000808656, 8.841e-06, 0, 0, -0.249834, 0
29741, -0.25, 0.249098, 0, 0, 8.41e-07, -0.0951249, -0.00300339, 8.841e-06, 0, 0, -0.249557, 0
29751, -0.25, 0.251411, 0, 0, 8.41e-07, -0.0951249, -0.000458479, 8.841e-06, 0, 0, -0.249523, 0
29761, -0.25, 0.249098, 0, 0, 8.41e-07, -0.0951249, 0.00188769, 8.841e-06, 0, 0, -0.249709, 0
29771, -0.25, 0.249098, 0, 0, 8.41e-07, -0.0951249, -0.000610113, 8.841e-06, 0, 0, -0.249657, 0
29780, -0.25, 0.249098, 0, 0, 8.41e-07, -0.0951249, -0.000559062, 8.841e-06, 0, 0, -0.249612, 0
29791, -0.25, 0.249098, 0, 0, 8.41e-07, -0.0951249, -0.000513792, 8.841e-06, 0, 0, -0.249572, 0
29801, -0.25, 0.24683, 0, 0, 8.41e-07, -0.0951249, -0.000473648, 8.841e-06, 0, 0, -0.249536, 0
29811, -0.25, 0.251411, 0, 0, 8.41e-07, -0.0951249, -0.0027063, 8.841e-06, 0, 0, -0.249293, 0
29820, -0.25, 0.249098, 0, 0, 8.41e-07, -0.0951249, 0.00211725, 8.841e-06, 0, 0, -0.249505, 0
29831, -0.25, 0.251411, 0, 0, 8.41e-07, -0.0951249, -0.000406548, 8.841e-06, 0, 0, -0.249477, 0
29841, -0.25, 0.249098, 0, 0, 8.41e-07, -0.0951249, 0.00193374, 8.841e-06, 0, 0, -0.249668, 0
29851, -0.25, 0.249098, 0, 0, 8.41e-07, -0.0951249, -0.000569269, 8.841e-06, 0, 0, -0.249621, 0
29860, -0.25, 0.249098, 0, 0, 8.41e-07, -0.0951249, -0.000522852, 8.841e-06, 0, 0, -0.24958, 0
29871, -0.25, 0.249098, 0, 0, 8.41e-07, -0.0951249, -0.00048168, 8.841e-06, 0, 0, -0.249544, 0
29881, -0.25, 0.249098, 0, 0, 8.41e-07, -0.0951249, -0.000445172, 8.841e-06, 0, 0, -0.249511, 0
29891, -0.25, 0.251411, 0, 0, 8.41e-07, -0.0951249, -0.000412792, 8.841e-06, 0, 0, -0.249482, 0
29900, -0.25, 0.249098, 0, 0, 8.41e-07, -0.0951249, 0.0019282, 8.841e-06, 0, 0, -0.249673, 0
29911, -0.25, 0.251411, 0, 0, 8.41e-07, -0.0951249, -0.000574186, 8.841e-06, 0, 0, -0.249626, 0
29921, -0.25, 0.249098, 0, 0, 8.41e-07, -0.0951249, 0.00178507, 8.841e-06, 0, 0, -0.2498, 0
29931, -0.25, 0.249098, 0, 0, 8.41e-07, -0.0951249, -0.000701115, 8.841e-06, 0, 0, -0.249738, 0
29941, -0.25, 0.249098, 0, 0, 8.41e-07, -0.0951249, -0.000639766, 8.841e-06, 0, 0, -0.249684, 0
29950, -0.25, 0.249098, 0, 0, 8.41e-07, -0.0951249, -0.000585362, 8.841e-06, 0, 0, -0.249636, 0
29961, -0.25, 0.249098, 0, 0, 8.41e-07, -0.0951249, -0.000537112, 8.841e-06, 0, 0, -0.249593, 0
29971, -0.25, 0.251411, 0, 0, 8.41e-07, -0.0951249, -0.000494331, 8.841e-06, 0, 0, -0.249555, 0
29981, -0.25, 0.249098, 0, 0, 8.41e-07, -0.0951249, 0.00185589, 8.841e-06, 0, 0, -0.249737, 0
29990, -0.25, 0.249098, 0, 0, 8.41e-07, -0.0951249, -0.000638321, 8.841e-06, 0, 0, -0.249682, 0
30001, -0.25, 0.249098, 0, 0, 8.41e-07, -0.0951249, -0.000584081, 8.841e-06, 0, 0, -0.249634, 0
30011, -0.25, 0.249098, 0, 0, 8.41e-07, -0.0951249, -0.00053598, 8.841e-06, 0, 0, -0.249592, 0
30021, -0.25, 0.24683, 0, 0, 8.41e-07, -0.0951249, -0.000493318, 8.841e-06, 0, 0, -0.249554, 0
30030, -0.25, 0.251411, 0, 0, 8.41e-07, -0.0951249, -0.00272375, 8.841e-06, 0, 0, -0.249309, 0
30041, -0.25, 0.249098, 0, 0, 8.41e-07, -0.0951249, 0.00210178, 8.841e-06, 0, 0, -0.249519, 0
30051, -0.25, 0.251411, 0, 0, 8.41e-07, -0.0951249, -0.000420257, 8.841e-06, 0, 0, -0.249489, 0
30061, -0.25, 0.249098, 0, 0, 8.41e-07, -0.0951249, 0.00192158, 8.841e-06, 0, 0, -0.249678, 0
30071, -0.25, 0.251411, 0, 0, 8.41e-07, -0.0951249, -0.000580058, 8.841e-06, 0, 0, -0.249631, 0
30081, -0.25, 0.249098, 0, 0, 8.41e-07, -0.0951249, 0.00177987, 8.841e-06, 0, 0, -0.249804, 0
30091, -0.25, 0.249098, 0, 0, 8.41e-07, -0.0951249, -0.000705719, 8.841e-06, 0, 0, -0.249742, 0
30101, -0.25, 0.251411, 0, 0, 8.41e-07, -0.0951249, -0.000643849, 8.841e-06, 0, 0, -0.249687, 0
30111, -0.25, 0.251411, 0, 0, 8.41e-07, -0.0951249, 0.0017233, 8.841e-06, 0, 0, -0.249854, 0
30120, -0.25, 0.249098, 0, 0, 8.41e-07, -0.0951249, 0.0015564, 8.841e-06, 0, 0, -0.250002, 0
30131, -0.25, 0.249098, 0, 0, 8.41e-07, -0.0951249, -0.00090389, 8.841e-06, 0, 0, -0.249918, 0
30141, -0.25, 0.249098, 0, 0, 8.41e-07, -0.0951249, -0.000819579, 8.841e-06, 0, 0, -0.249843, 0
30151, -0.25, 0.249098, 0, 0, 8.41e-07, -0.0951249, -0.00074482, 8.841e-06, 0, 0, -0.249777, 0
30160, -0.25, 0.251411, 0, 0, 8.41e-07, -0.0951249, -0.000678524, 8.841e-06, 0, 0, -0.249718, 0
30171, -0.25, 0.249098, 0, 0, 8.41e-07, -0.0951249, 0.00169256, 8.841e-06, 0, 0, -0.249882, 0
30181, -0.25, 0.249098, 0, 0, 8.41e-07, -0.0951249, -0.000783145, 8.841e-06, 0, 0, -0.249811, 0
30191, -0.25, 0.251411, 0, 0, 8.41e-07, -0.0951249, -0.000712514, 8.841e-06, 0, 0, -0.249748, 0
30200, -0.25, 0.249098, 0, 0, 8.41e-07, -0.0951249, 0.0016624, 8.841e-06, 0, 0, -0.249908, 0
30211, -0.25, 0.251411, 0, 0, 8.41e-07, -0.0951249, -0.000809893, 8.841e-06, 0, 0, -0.249835, 0
30221, -0.25, 0.249098, 0, 0, 8.41e-07, -0.0951249, 0.00157607, 8.841e-06, 0, 0, -0.249985, 0
30231, -0.25, 0.249098, 0, 0, 8.41e-07, -0.0951249, -0.000886455, 8.841e-06, 0, 0, -0.249903, 0
30241, -0.25, 0.251411, 0, 0, 8.41e-07, -0.0951249, -0.000804111, 8.841e-06, 0, 0, -0.24983, 0
30251, -0.25, 0.249098, 0, 0, 8.41e-07, -0.0951249, 0.00158119, 8.841e-06, 0, 0, -0.24998, 0
30261, -0.25, 0.249098, 0, 0, 8.41e-07, -0.0951249, -0.00088191, 8.841e-06, 0, 0, -0.249898, 0
30271, -0.25, 0.251411, 0, 0, 8.41e-07, -0.0951249, -0.000800088, 8.841e-06, 0, 0, -0.249826, 0
30281, -0.25, 0.249098, 0, 0, 8.41e-07, -0.0951249, 0.00158477, 8.841e-06, 0, 0, -0.249977, 0
30290, -0.25, 0.251411, 0, 0, 8.41e-07, -0.0951249, -0.000878736, 8.841e-06, 0, 0, -0.249896, 0
30301, -0.25, 0.249098, 0, 0, 8.41e-07, -0.0951249, 0.00151502, 8.841e-06, 0, 0, -0.250039, 0
30311, -0.25, 0.249098, 0, 0, 8.41e-07, -0.0951249, -0.000940576, 8.841e-06, 0, 0, -0.249951, 0
30321, -0.25, 0.24683, 0, 0, 8.41e-07, -0.0951249, -0.000852123, 8.841e-06, 0, 0, -0.249872, 0
30330, -0.25, 0.251411, 0, 0, 8.41e-07, -0.0951249, -0.00304192, 8.841e-06, 0, 0, -0.249591, 0
30341, -0.25, 0.249098, 0, 0, 8.41e-07, -0.0951249, 0.00181964, 8.841e-06, 0, 0, -0.249769, 0
30351, -0.25, 0.251411, 0, 0, 8.41e-07, -0.0951249, -0.000670463, 8.841e-06, 0, 0, -0.249711, 0
30361, -0.25, 0.249098, 0, 0, 8.41e-07, -0.0951249, 0.0016997, 8.841e-06, 0, 0, -0.249875, 0
30370, -0.25, 0.249098, 0, 0, 8.41e-07, -0.0951249, -0.000776812, 8.841e-06, 0, 0, -0.249805, 0
30381, -0.25, 0.249098, 0, 0, 8.41e-07, -0.0951249, -0.000706896, 8.841e-06, 0, 0, -0.249743, 0
30391, -0.25, 0.249098, 0, 0, 8.41e-07, -0.0951249, -0.000644892, 8.841e-06, 0, 0, -0.249688, 0
30401, -0.25, 0.251411, 0, 0, 8.41e-07, -0.0951249, -0.000589907, 8.841e-06, 0, 0, -0.24964, 0
30411, -0.25, 0.251411, 0, 0, 8.41e-07, -0.0951249, 0.00177114, 8.841e-06, 0, 0, -0.249812, 0
30420, -0.25, 0.249098, 0, 0, 8.41e-07, -0.0951249, 0.00159882, 8.841e-06, 0, 0, -0.249965, 0
30431, -0.25, 0.249098, 0, 0, 8.41e-07, -0.0951249, -0.000866264, 8.841e-06, 0, 0, -0.249885, 0
30441, -0.25, 0.249098, 0, 0, 8.41e-07, -0.0951249, -0.000786215, 8.841e-06, 0, 0, -0.249814, 0
30451, -0.25, 0.249098, 0, 0, 8.41e-07, -0.0951249, -0.000715226, 8.841e-06, 0, 0, -0.249751, 0
30460, -0.25, 0.24683, 0, 0, 8.41e-07, -0.0951249, -0.000652269, 8.841e-06, 0, 0, -0.249695, 0
30471, -0.25, 0.249098, 0, 0, 8.41e-07, -0.0951249, -0.0028647, 8.841e-06, 0, 0, -0.249434, 0
30481, -0.25, 0.251411, 0, 0, 8.41e-07, -0.0951249, -0.0003355, 8.841e-06, 0, 0, -0.249414, 0
30491, -0.25, 0.251411, 0, 0, 8.41e-07, -0.0951249, 0.00199674, 8.841e-06, 0, 0, -0.249612, 0
30500, -0.25, 0.249098, 0, 0, 8.41e-07, -0.0951249, 0.00179887, 8.841e-06, 0, 0, -0.249787, 0
30511, -0.25, 0.251411, 0, 0, 8.41e-07, -0.0951249, -0.000688866, 8.841e-06, 0, 0, -0.249727, 0
30521, -0.25, 0.249098, 0, 0, 8.41e-07, -0.0951249, 0.0016834, 8.841e-06, 0, 0, -0.24989, 0
30531, -0.25, 0.249098, 0, 0, 8.41e-07, -0.0951249, -0.000791267, 8.841e-06, 0, 0, -0.249818, 0
30540, -0.25, 0.244605, 0, 0, 8.41e-07, -0.0951249, -0.000719711, 8.841e-06, 0, 0, -0.249755, 0
30551, -0.25, 0.249098, 0, 0, 8.41e-07, -0.0951249, -0.00514998, 8.841e-06, 0, 0, -0.249279, 0
30561, -0.25, 0.249098, 0, 0, 8.41e-07, -0.0951249, -0.000181079, 8.841e-06, 0, 0, -0.249277, 0
30571, -0.25, 0.251411, 0, 0, 8.41e-07, -0.0951249, -0.000178605, 8.841e-06, 0, 0, -0.249275, 0
30581, -0.25, 0.249098, 0, 0, 8.41e-07, -0.0951249, 0.00213587, 8.841e-06, 0, 0, -0.249488, 0
30590, -0.25, 0.251411, 0, 0, 8.41e-07, -0.0951249, -0.000390038, 8.841e-06, 0, 0, -0.249462, 0
30601, -0.25, 0.249098, 0, 0, 8.41e-07, -0.0951249, 0.00194839, 8.841e-06, 0, 0, -0.249655, 0
30611, -0.25, 0.249098, 0, 0, 8.41e-07, -0.0951249, -0.00055629, 8.841e-06, 0, 0, -0.24961, 0
30621, -0.25, 0.251411, 0, 0, 8.41e-07, -0.0951249, -0.000511333, 8.841e-06, 0, 0, -0.24957, 0
30630, -0.25, 0.251411, 0, 0, 8.41e-07, -0.0951249, 0.00184081, 8.841e-06, 0, 0, -0.24975, 0
30641, -0.25, 0.249098, 0, 0, 8.41e-07, -0.0951249, 0.00166062, 8.841e-06, 0, 0, -0.24991, 0
30651, -0.25, 0.251411, 0, 0, 8.41e-07, -0.0951249, -0.000811473, 8.841e-06, 0, 0, -0.249836, 0
30661, -0.25, 0.249098, 0, 0, 8.41e-07, -0.0951249, 0.00157465, 8.841e-06, 0, 0, -0.249986, 0
30670, -0.25, 0.249098, 0, 0, 8.41e-07, -0.0951249, -0.000887707, 8.841e-06, 0, 0, -0.249904, 0
30681, -0.25, 0.251411, 0, 0, 8.41e-07, -0.0951249, -0.000805229, 8.841e-06, 0, 0, -0.24983, 0
30691, -0.25, 0.249098, 0, 0, 8.41e-07, -0.0951249, 0.00158019, 8.841e-06, 0, 0, -0.249981, 0
30701, -0.25, 0.251411, 0, 0, 8.41e-07, -0.0951249, -0.000882804, 8.841e-06, 0, 0, -0.249899, 0
30710, -0.25, 0.251411, 0, 0, 8.41e-07, -0.0951249, 0.00151141, 8.841e-06, 0, 0, -0.250042, 0
30721, -0.25, 0.249098, 0, 0, 8.41e-07, -0.0951249, 0.00136849, 8.841e-06, 0, 0, -0.250169, 0
30731, -0.25, 0.251411, 0, 0, 8.41e-07, -0.0951249, -0.00107051, 8.841e-06, 0, 0, -0.250066, 0
30741, -0.25, 0.249098, 0, 0, 8.41e-07, -0.0951249, 0.00134495, 8.841e-06, 0, 0, -0.25019, 0
30751, -0.25, 0.249098, 0, 0, 8.41e-07, -0.0951249, -0.00109141, 8.841e-06, 0, 0, -0.250084, 0
30760, -0.25, 0.24683, 0, 0, 8.41e-07, -0.0951249, -0.000985846, 8.841e-06, 0, 0, -0.249991, 0
30771, -0.25, 0.249098, 0, 0, 8.41e-07, -0.0951249, -0.00316052, 8.841e-06, 0, 0, -0.249696, 0
30781, -0.25, 0.249098, 0, 0, 8.41e-07, -0.0951249, -0.00059782, 8.841e-06, 0, 0, -0.249647, 0
30791, -0.25, 0.251411, 0, 0, 8.41e-07, -0.0951249, -0.000548169, 8.841e-06, 0, 0, -0.249603, 0
30800, -0.25, 0.249098, 0, 0, 8.41e-07, -0.0951249, 0.00180815, 8.841e-06, 0, 0, -0.249779, 0
30811, -0.25, 0.251411, 0, 0, 8.41e-07, -0.0951249, -0.000680655, 8.841e-06, 0, 0, -0.24972, 0
30821, -0.25, 0.249098, 0, 0, 8.41e-07, -0.0951249, 0.00169067, 8.841e-06, 0, 0, -0.249883, 0
30831, -0.25, 0.249098, 0, 0, 8.41e-07, -0.0951249, -0.000784829, 8.841e-06, 0, 0, -0.249812, 0
30841, -0.25, 0.251411, 0, 0, 8.41e-07, -0.0951249, -0.000714004, 8.841e-06, 0, 0, -0.24975, 0
30851, -0.25, 0.249098, 0, 0, 8.41e-07, -0.0951249, 0.00166109, 8.841e-06, 0, 0, -0.249909, 0
30861, -0.25, 0.249098, 0, 0, 8.41e-07, -0.0951249, -0.000811055, 8.841e-06, 0, 0, -0.249836, 0
30871, -0.25, 0.251411, 0, 0, 8.41e-07, -0.0951249, -0.00073725, 8.841e-06, 0, 0, -0.24977, 0
30881, -0.25, 0.249098, 0, 0, 8.41e-07, -0.0951249, 0.00164047, 8.841e-06, 0, 0, -0.249928, 0
30891, -0.25, 0.249098, 0, 0, 8.41e-07, -0.0951249, -0.000829339, 8.841e-06, 0, 0, -0.249852, 0
30901, -0.25, 0.249098, 0, 0, 8.41e-07, -0.0951249, -0.000753477, 8.841e-06, 0, 0, -0.249785, 0
30911, -0.25, 0.249098, 0, 0, 8.41e-07, -0.0951249, -0.000686198, 8.841e-06, 0, 0, -0.249725, 0
30921, -0.25, 0.251411, 0, 0, 8.41e-07, -0.0951249, -0.000626534, 8.841e-06, 0, 0, -0.249672, 0
30930, -0.25, 0.251411, 0, 0, 8.41e-07, -0.0951249, 0.00173867, 8.841e-06, 0, 0, -0.249841, 0
30941, -0.25, 0.249098, 0, 0, 8.41e-07, -0.0951249, 0.00157003, 8.841e-06, 0, 0, -0.24999, 0
30951, -0.25, 0.251411, 0, 0, 8.41e-07, -0.0951249, -0.000891805, 8.841e-06, 0, 0, -0.249907, 0
30961, -0.25, 0.249098, 0, 0, 8.41e-07, -0.0951249, 0.00150342, 8.841e-06, 0, 0, -0.250049, 0
30970, -0.25, 0.249098, 0, 0, 8.41e-07, -0.0951249, -0.000950858, 8.841e-06, 0, 0, -0.24996, 0
30981, -0.25, 0.24683, 0, 0, 8.41e-07, -0.0951249, -0.000861228, 8.841e-06, 0, 0, -0.24988, 0
30991, -0.25, 0.249098, 0, 0, 8.41e-07, -0.0951249, -0.00305, 8.841e-06, 0, 0, -0.249598, 0
31001, -0.25, 0.251411, 0, 0, 8.41e-07, -0.0951249, -0.000499815, 8.841e-06, 0, 0, -0.24956, 0
31010, -0.25, 0.251411, 0, 0, 8.41e-07, -0.0951249, 0.00185104, 8.841e-06, 0, 0, -0.249741, 0
31021, -0.25, 0.249098, 0, 0, 8.41e-07, -0.0951249, 0.00166966, 8.841e-06, 0, 0, -0.249902, 0
31031, -0.25, 0.251411, 0, 0, 8.41e-07, -0.0951249, -0.000803456, 8.841e-06, 0, 0, -0.249829, 0
31041, -0.25, 0.249098, 0, 0, 8.41e-07, -0.0951249, 0.00158177, 8.841e-06, 0, 0, -0.24998, 0
31051, -0.25, 0.249098, 0, 0, 8.41e-07, -0.0951249, -0.000881404, 8.841e-06, 0, 0, -0.249898, 0
31060, -0.25, 0.24683, 0, 0, 8.41e-07, -0.0951249, -0.000799641, 8.841e-06, 0, 0, -0.249826, 0
31071, -0.25, 0.249098, 0, 0, 8.41e-07, -0.0951249, -0.00299539, 8.841e-06, 0, 0, -0.24955, 0
31081, -0.25, 0.249098, 0, 0, 8.41e-07, -0.0951249, -0.000451386, 8.841e-06, 0, 0, -0.249517, 0
31091, -0.25, 0.251411, 0, 0, 8.41e-07, -0.0951249, -0.000418305, 8.841e-06, 0, 0, -0.249487, 0
31100, -0.25, 0.249098, 0, 0, 8.41e-07, -0.0951249, 0.00192331, 8.841e-06, 0, 0, -0.249677, 0
31111, -0.25, 0.251411, 0, 0, 8.41e-07, -0.0951249, -0.000578523, 8.841e-06, 0, 0, -0.249629, 0
31121, -0.25, 0.249098, 0, 0, 8.41e-07, -0.0951249, 0.00178124, 8.841e-06, 0, 0, -0.249803, 0
31131, -0.25, 0.249098, 0, 0, 8.41e-07, -0.0951249, -0.000704512, 8.841e-06, 0, 0, -0.249741, 0
31140, -0.25, 0.251411, 0, 0, 8.41e-07, -0.0951249, -0.000642776, 8.841e-06, 0, 0, -0.249686, 0
31151, -0.25, 0.249098, 0, 0, 8.41e-07, -0.0951249, 0.00172426, 8.841e-06, 0, 0, -0.249853, 0
31161, -0.25, 0.249098, 0, 0, 8.41e-07, -0.0951249, -0.000755042, 8.841e-06, 0, 0, -0.249786, 0
31171, -0.25, 0.251411, 0, 0, 8.41e-07, -0.0951249, -0.000687584, 8.841e-06, 0, 0, -0.249726, 0
31180, -0.25, 0.249098, 0, 0, 8.41e-07, -0.0951249, 0.00168452, 8.841e-06, 0, 0, -0.249889, 0
31191, -0.25, 0.251411, 0, 0, 8.41e-07, -0.0951249, -0.000790268, 8.841e-06, 0, 0, -0.249817, 0
31201, -0.25, 0.24683, 0, 0, 8.41e-07, -0.0951249, 0.00159347, 8.841e-06, 0, 0, -0.249969, 0
31211, -0.25, 0.249098, 0, 0, 8.41e-07, -0.0951249, -0.00313927, 8.841e-06, 0, 0, -0.249677, 0
31221, -0.25, 0.251411, 0, 0, 8.41e-07, -0.0951249, -0.000578985, 8.841e-06, 0, 0, -0.24963, 0
31230, -0.25, 0.249098, 0, 0, 8.41e-07, -0.0951249, 0.00178082, 8.841e-06, 0, 0, -0.249803, 0
31241, -0.25, 0.249098, 0, 0, 8.41e-07, -0.0951249, -0.00070487, 8.841e-06, 0, 0, -0.249741, 0
31251, -0.25, 0.249098, 0, 0, 8.41e-07, -0.0951249, -0.000643089, 8.841e-06, 0, 0, -0.249687, 0
31261, -0.25, 0.249098, 0, 0, 8.41e-07, -0.0951249, -0.000588313, 8.841e-06, 0, 0, -0.249638, 0
31270, -0.25, 0.249098, 0, 0, 8.41e-07, -0.0951249, -0.000539735, 8.841e-06, 0, 0, -0.249595, 0
31281, -0.25, 0.24683, 0, 0, 8.41e-07, -0.0951249, -0.000496656, 8.841e-06, 0, 0, -0.249557, 0
31291, -0.25, 0.249098, 0, 0, 8.41e-07, -0.0951249, -0.0027267, 8.841e-06, 0, 0, -0.249312, 0
31301, -0.25, 0.251411, 0, 0, 8.41e-07, -0.0951249, -0.000213116, 8.841e-06, 0, 0, -0.249305, 0
31310, -0.25, 0.251411, 0, 0, 8.41e-07, -0.0951249, 0.00210527, 8.841e-06, 0, 0, -0.249516, 0
31321, -0.25, 0.249098, 0, 0, 8.41e-07, -0.0951249, 0.00189513, 8.841e-06, 0, 0, -0.249702, 0
31331, -0.25, 0.249098, 0, 0, 8.41e-07, -0.0951249, -0.000603512, 8.841e-06, 0, 0, -0.249652, 0
31341, -0.25, 0.249098, 0, 0, 8.41e-07, -0.0951249, -0.000553206, 8.841e-06, 0, 0, -0.249607, 0
31351, -0.25, 0.249098, 0, 0, 8.41e-07, -0.0951249, -0.000508592, 8.841e-06, 0, 0, -0.249567, 0
31361, -0.25, 0.251411, 0, 0, 8.41e-07, -0.0951249, -0.000469029, 8.841e-06, 0, 0, -0.249532, 0
31371, -0.25, 0.249098, 0, 0, 8.41e-07, -0.0951249, 0.00187834, 8.841e-06, 0, 0, -0.249717, 0
31381, -0.25, 0.249098, 0, 0, 8.41e-07, -0.0951249, -0.000618413, 8.841e-06, 0, 0, -0.249665, 0
31391, -0.25, 0.249098, 0, 0, 8.41e-07, -0.0951249, -0.000566423, 8.841e-06, 0, 0, -0.249619, 0
31400, -0.25, 0.249098, 0, 0, 8.41e-07, -0.0951249, -0.000520319, 8.841e-06, 0, 0, -0.249578, 0
31411, -0.25, 0.251411, 0, 0, 8.41e-07, -0.0951249, -0.00047943, 8.841e-06, 0, 0, -0.249542, 0
31421, -0.25, 0.24683, 0, 0, 8.41e-07, -0.0951249, 0.00186911, 8.841e-06, 0, 0, -0.249725, 0
31431, -0.25, 0.249098, 0, 0, 8.41e-07, -0.0951249, -0.00289485, 8.841e-06, 0, 0, -0.249461, 0
31440, -0.25, 0.251411, 0, 0, 8.41e-07, -0.0951249, -0.000362232, 8.841e-06, 0, 0, -0.249438, 0
31451, -0.25, 0.249098, 0, 0, 8.41e-07, -0.0951249, 0.00197303, 8.841e-06, 0, 0, -0.249633, 0
31461, -0.25, 0.249098, 0, 0, 8.41e-07, -0.0951249, -0.00053443, 8.841e-06, 0, 0, -0.24959, 0
31471, -0.25, 0.251411, 0, 0, 8.41e-07, -0.0951249, -0.000491947, 8.841e-06, 0, 0, -0.249553, 0
31480, -0.25, 0.249098, 0, 0, 8.41e-07, -0.0951249, 0.001858, 8.841e-06, 0, 0, -0.249735, 0
31491, -0.25, 0.251411, 0, 0, 8.41e-07, -0.0951249, -0.000636443, 8.841e-06, 0, 0, -0.249681, 0
31501, -0.25, 0.24683, 0, 0, 8.41e-07, -0.0951249, 0.00172988, 8.841e-06, 0, 0, -0.249848, 0
31511, -0.25, 0.249098, 0, 0, 8.41e-07, -0.0951249, -0.00301832, 8.841e-06, 0, 0, -0.24957, 0
31521, -0.25, 0.251411, 0, 0, 8.41e-07, -0.0951249, -0.000471726, 8.841e-06, 0, 0, -0.249535, 0
31531, -0.25, 0.249098, 0, 0, 8.41e-07, -0.0951249, 0.00187594, 8.841e-06, 0, 0, -0.249719, 0
31541, -0.25, 0.249098, 0, 0, 8.41e-07, -0.0951249, -0.000620529, 8.841e-06, 0, 0, -0.249667, 0
31551, -0.25, 0.251411, 0, 0, 8.41e-07, -0.0951249, -0.0005683, 8.841e-06, 0, 0, -0.24962, 0
31561, -0.25, 0.249098, 0, 0, 8.41e-07, -0.0951249, 0.0017903, 8.841e-06, 0, 0, -0.249795, 0
31570, -0.25, 0.249098, 0, 0, 8.41e-07, -0.0951249, -0.00069648, 8.841e-06, 0, 0, -0.249734, 0
31581, -0.25, 0.251411, 0, 0, 8.41e-07, -0.0951249, -0.000635654, 8.841e-06, 0, 0, -0.24968, 0
31591, -0.25, 0.249098, 0, 0, 8.41e-07, -0.0951249, 0.00173058, 8.841e-06, 0, 0, -0.249848, 0
31601, -0.25, 0.251411, 0, 0, 8.41e-07, -0.0951249, -0.000749439, 8.841e-06, 0, 0, -0.249781, 0
31610, -0.25, 0.249098, 0, 0, 8.41e-07, -0.0951249, 0.00162967, 8.841e-06, 0, 0, -0.249937, 0
31621, -0.25, 0.249098, 0, 0, 8.41e-07, -0.0951249, -0.00083892, 8.841e-06, 0, 0, -0.24986, 0
31631, -0.25, 0.251411, 0, 0, 8.41e-07, -0.0951249, -0.000761971, 8.841e-06, 0, 0, -0.249792, 0
31641, -0.25, 0.249098, 0, 0, 8.41e-07, -0.0951249, 0.00161855, 8.841e-06, 0, 0, -0.249947, 0
31650, -0.25, 0.249098, 0, 0, 8.41e-07, -0.0951249, -0.00084877, 8.841e-06, 0, 0, -0.249869, 0
31661, -0.25, 0.251411, 0, 0, 8.41e-07, -0.0951249, -0.000770703, 8.841e-06, 0, 0, -0.2498, 0
31671, -0.25, 0.249098, 0, 0, 8.41e-07, -0.0951249, 0.00161082, 8.841e-06, 0, 0, -0.249954, 0
31681, -0.25, 0.251411, 0, 0, 8.41e-07, -0.0951249, -0.00085564, 8.841e-06, 0, 0, -0.249875, 0
31691, -0.25, 0.249098, 0, 0, 8.41e-07, -0.0951249, 0.00153549, 8.841e-06, 0, 0, -0.250021, 0
31700, -0.25, 0.249098, 0, 0, 8.41e-07, -0.0951249, -0.000922456, 8.841e-06, 0, 0, -0.249934, 0
31711, -0.25, 0.251411, 0, 0, 8.41e-07, -0.0951249, -0.000836045, 8.841e-06, 0, 0, -0.249858, 0
31721, -0.25, 0.24683, 0, 0, 8.41e-07, -0.0951249, 0.00155286, 8.841e-06, 0, 0, -0.250005, 0
31731, -0.25, 0.249098, 0, 0, 8.41e-07, -0.0951249, -0.00317527, 8.841e-06, 0, 0, -0.249709, 0
31740, -0.25, 0.251411, 0, 0, 8.41e-07, -0.0951249, -0.000610903, 8.841e-06, 0, 0, -0.249658, 0
31751, -0.25, 0.249098, 0, 0, 8.41e-07, -0.0951249, 0.00175253, 8.841e-06, 0, 0, -0.249828, 0
31761, -0.25, 0.249098, 0, 0, 8.41e-07, -0.0951249, -0.000729978, 8.841e-06, 0, 0, -0.249764, 0
31771, -0.25, 0.251411, 0, 0, 8.41e-07, -0.0951249, -0.000665367, 8.841e-06, 0, 0, -0.249706, 0
31780, -0.25, 0.249098, 0, 0, 8.41e-07, -0.0951249, 0.00170423, 8.841e-06, 0, 0, -0.249871, 0
31791, -0.25, 0.251411, 0, 0, 8.41e-07, -0.0951249, -0.000772789, 8.841e-06, 0, 0, -0.249802, 0
31801, -0.25, 0.251411, 0, 0, 8.41e-07, -0.0951249, 0.00160895, 8.841e-06, 0, 0, -0.249956, 0
31811, -0.25, 0.249098, 0, 0, 8.41e-07, -0.0951249, 0.00145499, 8.841e-06, 0, 0, -0.250092, 0
31820, -0.25, 0.251411, 0, 0, 8.41e-07, -0.0951249, -0.000993833, 8.841e-06, 0, 0, -0.249998, 0
31831, -0.25, 0.249098, 0, 0, 8.41e-07, -0.0951249, 0.00141294, 8.841e-06, 0, 0, -0.250129, 0
31841, -0.25, 0.249098, 0, 0, 8.41e-07, -0.0951249, -0.00103109, 8.841e-06, 0, 0, -0.250031, 0
31851, -0.25, 0.249098, 0, 0, 8.41e-07, -0.0951249, -0.000932381, 8.841e-06, 0, 0, -0.249943, 0
31861, -0.25, 0.249098, 0, 0, 8.41e-07, -0.0951249, -0.000844851, 8.841e-06, 0, 0, -0.249866, 0
31870, -0.25, 0.249098, 0, 0, 8.41e-07, -0.0951249, -0.000767231, 8.841e-06, 0, 0, -0.249797, 0
31881, -0.25, 0.251411, 0, 0, 8.41e-07, -0.0951249, -0.000698388, 8.841e-06, 0, 0, -0.249736, 0
31891, -0.25, 0.249098, 0, 0, 8.41e-07, -0.0951249, 0.00167494, 8.841e-06, 0, 0, -0.249897, 0
31901, -0.25, 0.251411, 0, 0, 8.41e-07, -0.0951249, -0.000798777, 8.841e-06, 0, 0, -0.249825, 0
31910, -0.25, 0.249098, 0, 0, 8.41e-07, -0.0951249, 0.00158592, 8.841e-06, 0, 0, -0.249976, 0
31921, -0.25, 0.249098, 0, 0, 8.41e-07, -0.0951249, -0.000877723, 8.841e-06, 0, 0, -0.249895, 0
31931, -0.25, 0.251411, 0, 0, 8.41e-07, -0.0951249, -0.000796378, 8.841e-06, 0, 0, -0.249823, 0
31941, -0.25, 0.24683, 0, 0, 8.41e-07, -0.0951249, 0.00158805, 8.841e-06, 0, 0, -0.249974, 0
31950, -0.25, 0.249098, 0, 0, 8.41e-07, -0.0951249, -0.00314409, 8.841e-06, 0, 0, -0.249682, 0
31961, -0.25, 0.251411, 0, 0, 8.41e-07, -0.0951249, -0.000583246, 8.841e-06, 0, 0, -0.249634, 0
31971, -0.25, 0.249098, 0, 0, 8.41e-07, -0.0951249, 0.00177704, 8.841e-06, 0, 0, -0.249807, 0
31981, -0.25, 0.249098, 0, 0, 8.41e-07, -0.0951249, -0.000708237, 8.841e-06, 0, 0, -0.249744, 0
31991, -0.25, 0.251411, 0, 0, 8.41e-07, -0.0951249, -0.000646085, 8.841e-06, 0, 0, -0.249689, 0
32001, -0.25, 0.249098, 0, 0, 8.41e-07, -0.0951249, 0.00172132, 8.841e-06, 0, 0, -0.249856, 0
32011, -0.25, 0.24683, 0, 0, 8.41e-07, -0.0951249, -0.000757635, 8.841e-06, 0, 0, -0.249788, 0
32021, -0.25, 0.251411, 0, 0, 8.41e-07, -0.0951249, -0.00295813, 8.841e-06, 0, 0, -0.249517, 0
32031, -0.25, 0.249098, 0, 0, 8.41e-07, -0.0951249, 0.00189394, 8.841e-06, 0, 0, -0.249703, 0
32040, -0.25, 0.251411, 0, 0, 8.41e-07, -0.0951249, -0.00060457, 8.841e-06, 0, 0, -0.249653, 0
32051, -0.25, 0.249098, 0, 0, 8.41e-07, -0.0951249, 0.00175813, 8.841e-06, 0, 0, -0.249823, 0
32061, -0.25, 0.249098, 0, 0, 8.41e-07, -0.0951249, -0.000725001, 8.841e-06, 0, 0, -0.249759, 0
32071, -0.25, 0.249098, 0, 0, 8.41e-07, -0.0951249, -0.000660956, 8.841e-06, 0, 0, -0.249703, 0
32080, -0.25, 0.249098, 0, 0, 8.41e-07, -0.0951249, -0.000604153, 8.841e-06, 0, 0, -0.249652, 0
32091, -0.25, 0.251411, 0, 0, 8.41e-07, -0.0951249, -0.000553772, 8.841e-06, 0, 0, -0.249608, 0
32101, -0.25, 0.251411, 0, 0, 8.41e-07, -0.0951249, 0.00180317, 8.841e-06, 0, 0, -0.249783, 0
32111, -0.25, 0.249098, 0, 0, 8.41e-07, -0.0951249, 0.00162722, 8.841e-06, 0, 0, -0.24994, 0
32120, -0.25, 0.251411, 0, 0, 8.41e-07, -0.0951249, -0.000841096, 8.841e-06, 0, 0, -0.249862, 0
32131, -0.25, 0.249098, 0, 0, 8.41e-07, -0.0951249, 0.00154838, 8.841e-06, 0, 0, -0.250009, 0
32141, -0.25, 0.249098, 0, 0, 8.41e-07, -0.0951249, -0.000911012, 8.841e-06, 0, 0, -0.249924, 0
32151, -0.25, 0.251411, 0, 0, 8.41e-07, -0.0951249, -0.000825897, 8.841e-06, 0, 0, -0.249849, 0
32161, -0.25, 0.249098, 0, 0, 8.41e-07, -0.0951249, 0.00156187, 8.841e-06, 0, 0, -0.249997, 0
32171, -0.25, 0.249098, 0, 0, 8.41e-07, -0.0951249, -0.000899047, 8.841e-06, 0, 0, -0.249914, 0
32181, -0.25, 0.251411, 0, 0, 8.41e-07, -0.0951249, -0.000815287, 8.841e-06, 0, 0, -0.249839, 0
32191, -0.25, 0.249098, 0, 0, 8.41e-07, -0.0951249, 0.00157128, 8.841e-06, 0, 0, -0.249989, 0
32201, -0.25, 0.251411, 0, 0, 8.41e-07, -0.0951249, -0.000890702, 8.841e-06, 0, 0, -0.249906, 0
32210, -0.25, 0.249098, 0, 0, 8.41e-07, -0.0951249, 0.00150441, 8.841e-06, 0, 0, -0.250048, 0
32221, -0.25, 0.249098, 0, 0, 8.41e-07, -0.0951249, -0.000949994, 8.841e-06, 0, 0, -0.249959, 0
32231, -0.25, 0.244605, 0, 0, 8.41e-07, -0.0951249, -0.000860453, 8.841e-06, 0, 0, -0.249879, 0
32241, -0.25, 0.251411, 0, 0, 8.41e-07, -0.0951249, -0.00527477, 8.841e-06, 0, 0, -0.24939, 0
32250, -0.25, 0.249098, 0, 0, 8.41e-07, -0.0951249, 0.00202055, 8.841e-06, 0, 0, -0.249591, 0
32261, -0.25, 0.251411, 0, 0, 8.41e-07, -0.0951249, -0.000492305, 8.841e-06, 0, 0, -0.249553, 0
32271, -0.25, 0.249098, 0, 0, 8.41e-07, -0.0951249, 0.0018577, 8.841e-06, 0, 0, -0.249735, 0
32281, -0.25, 0.249098, 0, 0, 8.41e-07, -0.0951249, -0.000636712, 8.841e-06, 0, 0, -0.249681, 0
32290, -0.25, 0.249098, 0, 0, 8.41e-07, -0.0951249, -0.00058265, 8.841e-06, 0, 0, -0.249633, 0
32301, -0.25, 0.249098, 0, 0, 8.41e-07, -0.0951249, -0.000534713, 8.841e-06, 0, 0, -0.249591, 0
32311, -0.25, 0.24683, 0, 0, 8.41e-07, -0.0951249, -0.000492215, 8.841e-06, 0, 0, -0.249553, 0
32321, -0.25, 0.251411, 0, 0, 8.41e-07, -0.0951249, -0.00272277, 8.841e-06, 0, 0, -0.249308, 0
32331, -0.25, 0.249098, 0, 0, 8.41e-07, -0.0951249, 0.00210264, 8.841e-06, 0, 0, -0.249518, 0
32340, -0.25, 0.251411, 0, 0, 8.41e-07, -0.0951249, -0.000419497, 8.841e-06, 0, 0, -0.249488, 0
32351, -0.25, 0.249098, 0, 0, 8.41e-07, -0.0951249, 0.00192225, 8.841e-06, 0, 0, -0.249678, 0
32361, -0.25, 0.249098, 0, 0, 8.41e-07, -0.0951249, -0.000579461, 8.841e-06, 0, 0, -0.24963, 0
32371, -0.25, 0.251411, 0, 0, 8.41e-07, -0.0951249, -0.000531882, 8.841e-06, 0, 0, -0.249588, 0
32380, -0.25, 0.249098, 0, 0, 8.41e-07, -0.0951249, 0.00182259, 8.841e-06, 0, 0, -0.249766, 0
32391, -0.25, 0.249098, 0, 0, 8.41e-07, -0.0951249, -0.00066784, 8.841e-06, 0, 0, -0.249709, 0
32401, -0.25, 0.251411, 0, 0, 8.41e-07, -0.0951249, -0.000610262, 8.841e-06, 0, 0, -0.249658, 0
32411, -0.25, 0.249098, 0, 0, 8.41e-07, -0.0951249, 0.00175309, 8.841e-06, 0, 0, -0.249828, 0
32420, -0.25, 0.251411, 0, 0, 8.41e-07, -0.0951249, -0.000729471, 8.841e-06, 0, 0, -0.249763, 0
32431, -0.25, 0.249098, 0, 0, 8.41e-07, -0.0951249, 0.00164738, 8.841e-06, 0, 0, -0.249922, 0
32441, -0.25, 0.249098, 0, 0, 8.41e-07, -0.0951249, -0.0008232, 8.841e-06, 0, 0, -0.249846, 0
32451, -0.25, 0.251411, 0, 0, 8.41e-07, -0.0951249, -0.000748023, 8.841e-06, 0, 0, -0.24978, 0
32461, -0.25, 0.249098, 0, 0, 8.41e-07, -0.0951249, 0.00163092, 8.841e-06, 0, 0, -0.249936, 0
32471, -0.25, 0.249098, 0, 0, 8.41e-07, -0.0951249, -0.000837803, 8.841e-06, 0, 0, -0.249859, 0
32481, -0.25, 0.251411, 0, 0, 8.41e-07, -0.0951249, -0.000760987, 8.841e-06, 0, 0, -0.249791, 0
32491, -0.25, 0.249098, 0, 0, 8.41e-07, -0.0951249, 0.00161943, 8.841e-06, 0, 0, -0.249946, 0
32501, -0.25, 0.251411, 0, 0, 8.41e-07, -0.0951249, -0.000847995, 8.841e-06, 0, 0, -0.249868, 0
32510, -0.25, 0.249098, 0, 0, 8.41e-07, -0.0951249, 0.00154227, 8.841e-06, 0, 0, -0.250015, 0
32521, -0.25, 0.249098, 0, 0, 8.41e-07, -0.0951249, -0.000916436, 8.841e-06, 0, 0, -0.249929, 0
32531, -0.25, 0.24683, 0, 0, 8.41e-07, -0.0951249, -0.00083071, 8.841e-06, 0, 0, -0.249853, 0
32541, -0.25, 0.251411, 0, 0, 8.41e-07, -0.0951249, -0.00302294, 8.841e-06, 0, 0, -0.249574, 0
32550, -0.25, 0.249098, 0, 0, 8.41e-07, -0.0951249, 0.00183648, 8.841e-06, 0, 0, -0.249754, 0
32561, -0.25, 0.249098, 0, 0, 8.41e-07, -0.0951249, -0.000655532, 8.841e-06, 0, 0, -0.249698, 0
32571, -0.25, 0.249098, 0, 0, 8.41e-07, -0.0951249, -0.00059934, 8.841e-06, 0, 0, -0.249648, 0
32581, -0.25, 0.249098, 0, 0, 8.41e-07, -0.0951249, -0.00054951, 8.841e-06, 0, 0, -0.249604, 0
32590, -0.25, 0.249098, 0, 0, 8.41e-07, -0.0951249, -0.000505328, 8.841e-06, 0, 0, -0.249565, 0
32601, -0.25, 0.249098, 0, 0, 8.41e-07, -0.0951249, -0.000466138, 8.841e-06, 0, 0, -0.24953, 0
32611, -0.25, 0.251411, 0, 0, 8.41e-07, -0.0951249, -0.000431389, 8.841e-06, 0, 0, -0.249499, 0
32621, -0.25, 0.251411, 0, 0, 8.41e-07, -0.0951249, 0.00191171, 8.841e-06, 0, 0, -0.249687, 0
32631, -0.25, 0.249098, 0, 0, 8.41e-07, -0.0951249, 0.00172348, 8.841e-06, 0, 0, -0.249854, 0
32641, -0.25, 0.251411, 0, 0, 8.41e-07, -0.0951249, -0.000755727, 8.841e-06, 0, 0, -0.249787, 0
32651, -0.25, 0.249098, 0, 0, 8.41e-07, -0.0951249, 0.00162409, 8.841e-06, 0, 0, -0.249942, 0
32661, -0.25, 0.249098, 0, 0, 8.41e-07, -0.0951249, -0.000843868, 8.841e-06, 0, 0, -0.249865, 0
32671, -0.25, 0.249098, 0, 0, 8.41e-07, -0.0951249, -0.000766352, 8.841e-06, 0, 0, -0.249796, 0
32680, -0.25, 0.249098, 0, 0, 8.41e-07, -0.0951249, -0.000697613, 8.841e-06, 0, 0, -0.249735, 0
32691, -0.25, 0.251411, 0, 0, 8.41e-07, -0.0951249, -0.000636667, 8.841e-06, 0, 0, -0.249681, 0
32701, -0.25, 0.251411, 0, 0, 8.41e-07, -0.0951249, 0.00172967, 8.841e-06, 0, 0, -0.249849, 0
32711, -0.25, 0.249098, 0, 0, 8.41e-07, -0.0951249, 0.00156204, 8.841e-06, 0, 0, -0.249997, 0
32720, -0.25, 0.251411, 0, 0, 8.41e-07, -0.0951249, -0.000898898, 8.841e-06, 0, 0, -0.249914, 0
32731, -0.25, 0.249098, 0, 0, 8.41e-07, -0.0951249, 0.00149713, 8.841e-06, 0, 0, -0.250055, 0
32741, -0.25, 0.249098, 0, 0, 8.41e-07, -0.0951249, -0.000956431, 8.841e-06, 0, 0, -0.249965, 0
32751, -0.25, 0.24683, 0, 0, 8.41e-07, -0.0951249, -0.000866175, 8.841e-06, 0, 0, -0.249885, 0
32760, -0.25, 0.249098, 0, 0, 8.41e-07, -0.0951249, -0.0030544, 8.841e-06, 0, 0, -0.249602, 0
32771, -0.25, 0.249098, 0, 0, 8.41e-07, -0.0951249, -0.000503719, 8.841e-06, 0, 0, -0.249563, 0
32781, -0.25, 0.251411, 0, 0, 8.41e-07, -0.0951249, -0.000464708, 8.841e-06, 0, 0, -0.249529, 0
32791, -0.25, 0.249098, 0, 0, 8.41e-07, -0.0951249, 0.00188217, 8.841e-06, 0, 0, -0.249713, 0
32801, -0.25, 0.249098, 0, 0, 8.41e-07, -0.0951249, -0.000615016, 8.841e-06, 0, 0, -0.249662, 0
32811, -0.25, 0.249098, 0, 0, 8.41e-07, -0.0951249, -0.000563413, 8.841e-06, 0, 0, -0.249616, 0
32821, -0.25, 0.249098, 0, 0, 8.41e-07, -0.0951249, -0.000517651, 8.841e-06, 0, 0, -0.249575, 0
32831, -0.25, 0.251411, 0, 0, 8.41e-07, -0.0951249, -0.000477061, 8.841e-06, 0, 0, -0.249539, 0
32841, -0.25, 0.251411, 0, 0, 8.41e-07, -0.0951249, 0.0018712, 8.841e-06, 0, 0, -0.249723, 0
32850, -0.25, 0.249098, 0, 0, 8.41e-07, -0.0951249, 0.00168756, 8.841e-06, 0, 0, -0.249886, 0
32861, -0.25, 0.251411, 0, 0, 8.41e-07, -0.0951249, -0.000787586, 8.841e-06, 0, 0, -0.249815, 0
32871, -0.25, 0.249098, 0, 0, 8.41e-07, -0.0951249, 0.00159584, 8.841e-06, 0, 0, -0.249967, 0
32881, -0.25, 0.249098, 0, 0, 8.41e-07, -0.0951249, -0.000868917, 8.841e-06, 0, 0, -0.249887, 0
32890, -0.25, 0.249098, 0, 0, 8.41e-07, -0.0951249, -0.000788569, 8.841e-06, 0, 0, -0.249816, 0
32901, -0.25, 0.249098, 0, 0, 8.41e-07, -0.0951249, -0.000717312, 8.841e-06, 0, 0, -0.249753, 0
32911, -0.25, 0.251411, 0, 0, 8.41e-07, -0.0951249, -0.000654131, 8.841e-06, 0, 0, -0.249697, 0
32921, -0.25, 0.251411, 0, 0, 8.41e-07, -0.0951249, 0.00171418, 8.841e-06, 0, 0, -0.249862, 0
32930, -0.25, 0.249098, 0, 0, 8.41e-07, -0.0951249, 0.00154832, 8.841e-06, 0, 0, -0.250009, 0
32941, -0.25, 0.251411, 0, 0, 8.41e-07, -0.0951249, -0.000911072, 8.841e-06, 0, 0, -0.249924, 0
32951, -0.25, 0.249098, 0, 0, 8.41e-07, -0.0951249, 0.00148633, 8.841e-06, 0, 0, -0.250064, 0
32961, -0.25, 0.249098, 0, 0, 8.41e-07, -0.0951249, -0.000966027, 8.841e-06, 0, 0, -0.249973, 0
32971, -0.25, 0.24683, 0, 0, 8.41e-07, -0.0951249, -0.000874683, 8.841e-06, 0, 0, -0.249892, 0
32980, -0.25, 0.249098, 0, 0, 8.41e-07, -0.0951249, -0.00306194, 8.841e-06, 0, 0, -0.249609, 0
32991, -0.25, 0.249098, 0, 0, 8.41e-07, -0.0951249, -0.000510395, 8.841e-06, 0, 0, -0.249569, 0
33001, -0.25, 0.251411, 0, 0, 8.41e-07, -0.0951249, -0.000470638, 8.841e-06, 0, 0, -0.249534, 0
33011, -0.25, 0.249098, 0, 0, 8.41e-07, -0.0951249, 0.00187689, 8.841e-06, 0, 0, -0.249718, 0
33020, -0.25, 0.249098, 0, 0, 8.41e-07, -0.0951249, -0.000619695, 8.841e-06, 0, 0, -0.249666, 0
33031, -0.25, 0.249098, 0, 0, 8.41e-07, -0.0951249, -0.000567555, 8.841e-06, 0, 0, -0.24962, 0
33041, -0.25, 0.249098, 0, 0, 8.41e-07, -0.0951249, -0.000521332, 8.841e-06, 0, 0, -0.249579, 0
33051, -0.25, 0.251411, 0, 0, 8.41e-07, -0.0951249, -0.000480339, 8.841e-06, 0, 0, -0.249542, 0
33060, -0.25, 0.249098, 0, 0, 8.41e-07, -0.0951249, 0.00186829, 8.841e-06, 0, 0, -0.249726, 0
33071, -0.25, 0.249098, 0, 0, 8.41e-07, -0.0951249, -0.000627324, 8.841e-06, 0, 0, -0.249673, 0
33081, -0.25, 0.251411, 0, 0, 8.41e-07, -0.0951249, -0.000574321, 8.841e-06, 0, 0, -0.249626, 0
33091, -0.25, 0.249098, 0, 0, 8.41e-07, -0.0951249, 0.00178495, 8.841e-06, 0, 0, -0.2498, 0
33100, -0.25, 0.249098, 0, 0, 8.41e-07, -0.0951249, -0.000701219, 8.841e-06, 0, 0, -0.249738, 0
33111, -0.25, 0.249098, 0, 0, 8.41e-07, -0.0951249, -0.000639856, 8.841e-06, 0, 0, -0.249684, 0
33121, -0.25, 0.249098, 0, 0, 8.41e-07, -0.0951249, -0.000585437, 8.841e-06, 0, 0, -0.249636, 0
33131, -0.25, 0.251411, 0, 0, 8.41e-07, -0.0951249, -0.000537187, 8.841e-06, 0, 0, -0.249593, 0
33141, -0.25, 0.251411, 0, 0, 8.41e-07, -0.0951249, 0.00181788, 8.841e-06, 0, 0, -0.24977, 0
33150, -0.25, 0.249098, 0, 0, 8.41e-07, -0.0951249, 0.00164028, 8.841e-06, 0, 0, -0.249928, 0
33161, -0.25, 0.249098, 0, 0, 8.41e-07, -0.0951249, -0.000829518, 8.841e-06, 0, 0, -0.249852, 0
33171, -0.25, 0.249098, 0, 0, 8.41e-07, -0.0951249, -0.000753641, 8.841e-06, 0, 0, -0.249785, 0
33181, -0.25, 0.249098, 0, 0, 8.41e-07, -0.0951249, -0.000686347, 8.841e-06, 0, 0, -0.249725, 0
33190, -0.25, 0.24683, 0, 0, 8.41e-07, -0.0951249, -0.000626683, 8.841e-06, 0, 0, -0.249672, 0
33201, -0.25, 0.249098, 0, 0, 8.41e-07, -0.0951249, -0.00284201, 8.841e-06, 0, 0, -0.249414, 0
33211, -0.25, 0.251411, 0, 0, 8.41e-07, -0.0951249, -0.000315368, 8.841e-06, 0, 0, -0.249396, 0
33221, -0.25, 0.251411, 0, 0, 8.41e-07, -0.0951249, 0.00201459, 8.841e-06, 0, 0, -0.249596, 0
33230, -0.25, 0.249098, 0, 0, 8.41e-07, -0.0951249, 0.00181471, 8.841e-06, 0, 0, -0.249773, 0
33241, -0.25, 0.249098, 0, 0, 8.41e-07, -0.0951249, -0.000674844, 8.841e-06, 0, 0, -0.249715, 0
33251, -0.25, 0.249098, 0, 0, 8.41e-07, -0.0951249, -0.000616476, 8.841e-06, 0, 0, -0.249663, 0
33261, -0.25, 0.249098, 0, 0, 8.41e-07, -0.0951249, -0.000564709, 8.841e-06, 0, 0, -0.249617, 0
33271, -0.25, 0.251411, 0, 0, 8.41e-07, -0.0951249, -0.000518799, 8.841e-06, 0, 0, -0.249576, 0
33281, -0.25, 0.249098, 0, 0, 8.41e-07, -0.0951249, 0.0018342, 8.841e-06, 0, 0, -0.249756, 0
33291, -0.25, 0.251411, 0, 0, 8.41e-07, -0.0951249, -0.000657544, 8.841e-06, 0, 0, -0.2497, 0
33301, -0.25, 0.249098, 0, 0, 8.41e-07, -0.0951249, 0.00171116, 8.841e-06, 0, 0, -0.249865, 0
33311, -0.25, 0.249098, 0, 0, 8.41e-07, -0.0951249, -0.000766665, 8.841e-06, 0, 0, -0.249796, 0
33320, -0.25, 0.251411, 0, 0, 8.41e-07, -0.0951249, -0.000697896, 8.841e-06, 0, 0, -0.249735, 0
33331, -0.25, 0.251411, 0, 0, 8.41e-07, -0.0951249, 0.00167537, 8.841e-06, 0, 0, -0.249897, 0
33341, -0.25, 0.249098, 0, 0, 8.41e-07, -0.0951249, 0.0015139, 8.841e-06, 0, 0, -0.25004, 0
33351, -0.25, 0.251411, 0, 0, 8.41e-07, -0.0951249, -0.000941589, 8.841e-06, 0, 0, -0.249951, 0
33360, -0.25, 0.249098, 0, 0, 8.41e-07, -0.0951249, 0.00145927, 8.841e-06, 0, 0, -0.250088, 0
33371, -0.25, 0.249098, 0, 0, 8.41e-07, -0.0951249, -0.000990018, 8.841e-06, 0, 0, -0.249994, 0
33381, -0.25, 0.249098, 0, 0, 8.41e-07, -0.0951249, -0.000895962, 8.841e-06, 0, 0, -0.249911, 0
33391, -0.25, 0.249098, 0, 0, 8.41e-07, -0.0951249, -0.000812545, 8.841e-06, 0, 0, -0.249837, 0
33400, -0.25, 0.251411, 0, 0, 8.41e-07, -0.0951249, -0.000738576, 8.841e-06, 0, 0, -0.249771, 0
33411, -0.25, 0.24683, 0, 0, 8.41e-07, -0.0951249, 0.00163931, 8.841e-06, 0, 0, -0.249929, 0
33421, -0.25, 0.249098, 0, 0, 8.41e-07, -0.0951249, -0.00309864, 8.841e-06, 0, 0, -0.249641, 0
33431, -0.25, 0.251411, 0, 0, 8.41e-07, -0.0951249, -0.000542939, 8.841e-06, 0, 0, -0.249598, 0
33441, -0.25, 0.249098, 0, 0, 8.41e-07, -0.0951249, 0.00181279, 8.841e-06, 0, 0, -0.249775, 0
33451, -0.25, 0.249098, 0, 0, 8.41e-07, -0.0951249, -0.000676528, 8.841e-06, 0, 0, -0.249716, 0
33461, -0.25, 0.251411, 0, 0, 8.41e-07, -0.0951249, -0.000617951, 8.841e-06, 0, 0, -0.249664, 0
33471, -0.25, 0.249098, 0, 0, 8.41e-07, -0.0951249, 0.00174627, 8.841e-06, 0, 0, -0.249834, 0
33481, -0.25, 0.249098, 0, 0, 8.41e-07, -0.0951249, -0.000735521, 8.841e-06, 0, 0, -0.249769, 0
33490, -0.25, 0.253768, 0, 0, 8.41e-07, -0.0951249, -0.000670284, 8.841e-06, 0, 0, -0.249711, 0
33501, -0.25, 0.249098, 0, 0, 8.41e-07, -0.0951249, 0.00405753, 8.841e-06, 0, 0, -0.250095, 0
33511, -0.25, 0.251411, 0, 0, 8.41e-07, -0.0951249, -0.000996456, 8.841e-06, 0, 0, -0.25, 0
33521, -0.25, 0.249098, 0, 0, 8.41e-07, -0.0951249, 0.00141063, 8.841e-06, 0, 0, -0.250132, 0
33530, -0.25, 0.249098, 0, 0, 8.41e-07, -0.0951249, -0.00103317, 8.841e-06, 0, 0, -0.250033, 0
33541, -0.25, 0.249098, 0, 0, 8.41e-07, -0.0951249, -0.000934228, 8.841e-06, 0, 0, -0.249945, 0
33551, -0.25, 0.249098, 0, 0, 8.41e-07, -0.0951249, -0.000846475, 8.841e-06, 0, 0, -0.249867, 0
33561, -0.25, 0.249098, 0, 0, 8.41e-07, -0.0951249, -0.000768661, 8.841e-06, 0, 0, -0.249798, 0
33570, -0.25, 0.251411, 0, 0, 8.41e-07, -0.0951249, -0.000699669, 8.841e-06, 0, 0, -0.249737, 0
33581, -0.25, 0.249098, 0, 0, 8.41e-07, -0.0951249, 0.0016738, 8.841e-06, 0, 0, -0.249898, 0
33591, -0.25, 0.249098, 0, 0, 8.41e-07, -0.0951249, -0.000799775, 8.841e-06, 0, 0, -0.249826, 0
33601, -0.25, 0.251411, 0, 0, 8.41e-07, -0.0951249, -0.000727251, 8.841e-06, 0, 0, -0.249761, 0
33611, -0.25, 0.249098, 0, 0, 8.41e-07, -0.0951249, 0.00164935, 8.841e-06, 0, 0, -0.24992, 0
33620, -0.25, 0.249098, 0, 0, 8.41e-07, -0.0951249, -0.000821471, 8.841e-06, 0, 0, -0.249845, 0
33631, -0.25, 0.24683, 0, 0, 8.41e-07, -0.0951249, -0.000746489, 8.841e-06, 0, 0, -0.249778, 0
33641, -0.25, 0.249098, 0, 0, 8.41e-07, -0.0951249, -0.00294825, 8.841e-06, 0, 0, -0.249508, 0
33651, -0.25, 0.251411, 0, 0, 8.41e-07, -0.0951249, -0.000409588, 8.841e-06, 0, 0, -0.24948, 0
33660, -0.25, 0.249098, 0, 0, 8.41e-07, -0.0951249, 0.00193104, 8.841e-06, 0, 0, -0.24967, 0
33671, -0.25, 0.249098, 0, 0, 8.41e-07, -0.0951249, -0.000571668, 8.841e-06, 0, 0, -0.249623, 0
33681, -0.25, 0.251411, 0, 0, 8.41e-07, -0.0951249, -0.000524983, 8.841e-06, 0, 0, -0.249582, 0
33691, -0.25, 0.249098, 0, 0, 8.41e-07, -0.0951249, 0.0018287, 8.841e-06, 0, 0, -0.249761, 0
33700, -0.25, 0.251411, 0, 0, 8.41e-07, -0.0951249, -0.000662431, 8.841e-06, 0, 0, -0.249704, 0
33711, -0.25, 0.24683, 0, 0, 8.41e-07, -0.0951249, 0.00170682, 8.841e-06, 0, 0, -0.249869, 0
33721, -0.25, 0.249098, 0, 0, 8.41e-07, -0.0951249, -0.00303876, 8.841e-06, 0, 0, -0.249588, 0
33731, -0.25, 0.251411, 0, 0, 8.41e-07, -0.0951249, -0.000489846, 8.841e-06, 0, 0, -0.249551, 0
33740, -0.25, 0.249098, 0, 0, 8.41e-07, -0.0951249, 0.00185987, 8.841e-06, 0, 0, -0.249733, 0
33751, -0.25, 0.249098, 0, 0, 8.41e-07, -0.0951249, -0.000634775, 8.841e-06, 0, 0, -0.249679, 0
33761, -0.25, 0.249098, 0, 0, 8.41e-07, -0.0951249, -0.000580937, 8.841e-06, 0, 0, -0.249632, 0
33771, -0.25, 0.249098, 0, 0, 8.41e-07, -0.0951249, -0.000533193, 8.841e-06, 0, 0, -0.249589, 0
33781, -0.25, 0.249098, 0, 0, 8.41e-07, -0.0951249, -0.000490859, 8.841e-06, 0, 0, -0.249552, 0
33790, -0.25, 0.251411, 0, 0, 8.41e-07, -0.0951249, -0.000453308, 8.841e-06, 0, 0, -0.249518, 0
33801, -0.25, 0.249098, 0, 0, 8.41e-07, -0.0951249, 0.00189227, 8.841e-06, 0, 0, -0.249704, 0
33811, -0.25, 0.251411, 0, 0, 8.41e-07, -0.0951249, -0.00060606, 8.841e-06, 0, 0, -0.249654, 0
33821, -0.25, 0.249098, 0, 0, 8.41e-07, -0.0951249, 0.00175682, 8.841e-06, 0, 0, -0.249825, 0
33830, -0.25, 0.249098, 0, 0, 8.41e-07, -0.0951249, -0.000726163, 8.841e-06, 0, 0, -0.24976, 0
33841, -0.25, 0.249098, 0, 0, 8.41e-07, -0.0951249, -0.000661969, 8.841e-06, 0, 0, -0.249703, 0
33851, -0.25, 0.24683, 0, 0, 8.41e-07, -0.0951249, -0.000605047, 8.841e-06, 0, 0, -0.249653, 0
33861, -0.25, 0.249098, 0, 0, 8.41e-07, -0.0951249, -0.00282283, 8.841e-06, 0, 0, -0.249397, 0
33870, -0.25, 0.251411, 0, 0, 8.41e-07, -0.0951249, -0.000298366, 8.841e-06, 0, 0, -0.249381, 0
33881, -0.25, 0.249098, 0, 0, 8.41e-07, -0.0951249, 0.00202967, 8.841e-06, 0, 0, -0.249583, 0
33891, -0.25, 0.249098, 0, 0, 8.41e-07, -0.0951249, -0.000484213, 8.841e-06, 0, 0, -0.249546, 0
33901, -0.25, 0.251411, 0, 0, 8.41e-07, -0.0951249, -0.000447422, 8.841e-06, 0, 0, -0.249513, 0
33911, -0.25, 0.249098, 0, 0, 8.41e-07, -0.0951249, 0.00189748, 8.841e-06, 0, 0, -0.2497, 0
33921, -0.25, 0.251411, 0, 0, 8.41e-07, -0.0951249, -0.000601426, 8.841e-06, 0, 0, -0.24965, 0
33931, -0.25, 0.24683, 0, 0, 8.41e-07, -0.0951249, 0.00176091, 8.841e-06, 0, 0, -0.249821, 0
33941, -0.25, 0.249098, 0, 0, 8.41e-07, -0.0951249, -0.00299078, 8.841e-06, 0, 0, -0.249546, 0
33951, -0.25, 0.251411, 0, 0, 8.41e-07, -0.0951249, -0.000447303, 8.841e-06, 0, 0, -0.249513, 0
33960, -0.25, 0.249098, 0, 0, 8.41e-07, -0.0951249, 0.00189759, 8.841e-06, 0, 0, -0.2497, 0
33971, -0.25, 0.249098, 0, 0, 8.41e-07, -0.0951249, -0.000601336, 8.841e-06, 0, 0, -0.24965, 0
33981, -0.25, 0.249098, 0, 0, 8.41e-07, -0.0951249, -0.000551283, 8.841e-06, 0, 0, -0.249605, 0
33991, -0.25, 0.249098, 0, 0, 8.41e-07, -0.0951249, -0.000506908, 8.841e-06, 0, 0, -0.249566, 0
34000, -0.25, 0.249098, 0, 0, 8.41e-07, -0.0951249, -0.000467539, 8.841e-06, 0, 0, -0.249531, 0
34011, -0.25, 0.251411, 0, 0, 8.41e-07, -0.0951249, -0.000432625, 8.841e-06, 0, 0, -0.2495, 0
34021, -0.25, 0.249098, 0, 0, 8.41e-07, -0.0951249, 0.00191061, 8.841e-06, 0, 0, -0.249688, 0
34031, -0.25, 0.251411, 0, 0, 8.41e-07, -0.0951249, -0.000589788, 8.841e-06, 0, 0, -0.249639, 0
34041, -0.25, 0.249098, 0, 0, 8.41e-07, -0.0951249, 0.00177124, 8.841e-06, 0, 0, -0.249812, 0
34051, -0.25, 0.249098, 0, 0, 8.41e-07, -0.0951249, -0.000713378, 8.841e-06, 0, 0, -0.249749, 0
34061, -0.25, 0.251411, 0, 0, 8.41e-07, -0.0951249, -0.000650644, 8.841e-06, 0, 0, -0.249693, 0
34071, -0.25, 0.249098, 0, 0, 8.41e-07, -0.0951249, 0.00171728, 8.841e-06, 0, 0, -0.24986, 0
34081, -0.25, 0.249098, 0, 0, 8.41e-07, -0.0951249, -0.000761226, 8.841e-06, 0, 0, -0.249791, 0
34091, -0.25, 0.251411, 0, 0, 8.41e-07, -0.0951249, -0.000693083, 8.841e-06, 0, 0, -0.249731, 0
34101, -0.25, 0.249098, 0, 0, 8.41e-07, -0.0951249, 0.00167964, 8.841e-06, 0, 0, -0.249893, 0
34111, -0.25, 0.251411, 0, 0, 8.41e-07, -0.0951249, -0.000794604, 8.841e-06, 0, 0, -0.249821, 0
34121, -0.25, 0.249098, 0, 0, 8.41e-07, -0.0951249, 0.00158963, 8.841e-06, 0, 0, -0.249973, 0
34130, -0.25, 0.249098, 0, 0, 8.41e-07, -0.0951249, -0.00087443, 8.841e-06, 0, 0, -0.249892, 0
34141, -0.25, 0.251411, 0, 0, 8.41e-07, -0.0951249, -0.000793457, 8.841e-06, 0, 0, -0.24982, 0
34151, -0.25, 0.24683, 0, 0, 8.41e-07, -0.0951249, 0.00159064, 8.841e-06, 0, 0, -0.249972, 0
34161, -0.25, 0.249098, 0, 0, 8.41e-07, -0.0951249, -0.00314178, 8.841e-06, 0, 0, -0.24968, 0
34170, -0.25, 0.251411, 0, 0, 8.41e-07, -0.0951249, -0.000581205, 8.841e-06, 0, 0, -0.249632, 0
34181, -0.25, 0.249098, 0, 0, 8.41e-07, -0.0951249, 0.00177886, 8.841e-06, 0, 0, -0.249805, 0
34191, -0.25, 0.249098, 0, 0, 8.41e-07, -0.0951249, -0.000706628, 8.841e-06, 0, 0, -0.249743, 0
34201, -0.25, 0.249098, 0, 0, 8.41e-07, -0.0951249, -0.000644654, 8.841e-06, 0, 0, -0.249688, 0
34210, -0.25, 0.249098, 0, 0, 8.41e-07, -0.0951249, -0.000589699, 8.841e-06, 0, 0, -0.249639, 0
34221, -0.25, 0.24683, 0, 0, 8.41e-07, -0.0951249, -0.000540972, 8.841e-06, 0, 0, -0.249596, 0
34231, -0.25, 0.251411, 0, 0, 8.41e-07, -0.0951249, -0.00276601, 8.841e-06, 0, 0, -0.249346, 0
34241, -0.25, 0.249098, 0, 0, 8.41e-07, -0.0951249, 0.0020643, 8.841e-06, 0, 0, -0.249552, 0
34251, -0.25, 0.251411, 0, 0, 8.41e-07, -0.0951249, -0.000453502, 8.841e-06, 0, 0, -0.249519, 0
34260, -0.25, 0.249098, 0, 0, 8.41e-07, -0.0951249, 0.0018921, 8.841e-06, 0, 0, -0.249705, 0
34271, -0.25, 0.249098, 0, 0, 8.41e-07, -0.0951249, -0.000606209, 8.841e-06, 0, 0, -0.249654, 0
34281, -0.25, 0.249098, 0, 0, 8.41e-07, -0.0951249, -0.000555605, 8.841e-06, 0, 0, -0.249609, 0
34291, -0.25, 0.249098, 0, 0, 8.41e-07, -0.0951249, -0.000510722, 8.841e-06, 0, 0, -0.249569, 0
34300, -0.25, 0.249098, 0, 0, 8.41e-07, -0.0951249, -0.000470936, 8.841e-06, 0, 0, -0.249534, 0
34311, -0.25, 0.251411, 0, 0, 8.41e-07, -0.0951249, -0.00043565, 8.841e-06, 0, 0, -0.249503, 0
34321, -0.25, 0.249098, 0, 0, 8.41e-07, -0.0951249, 0.00190793, 8.841e-06, 0, 0, -0.249691, 0
34331, -0.25, 0.251411, 0, 0, 8.41e-07, -0.0951249, -0.000592172, 8.841e-06, 0, 0, -0.249642, 0
34340, -0.25, 0.249098, 0, 0, 8.41e-07, -0.0951249, 0.00176913, 8.841e-06, 0, 0, -0.249814, 0
34351, -0.25, 0.249098, 0, 0, 8.41e-07, -0.0951249, -0.000715256, 8.841e-06, 0, 0, -0.249751, 0
34361, -0.25, 0.251411, 0, 0, 8.41e-07, -0.0951249, -0.000652298, 8.841e-06, 0, 0, -0.249695, 0
34371, -0.25, 0.249098, 0, 0, 8.41e-07, -0.0951249, 0.00171581, 8.841e-06, 0, 0, -0.249861, 0
34380, -0.25, 0.249098, 0, 0, 8.41e-07, -0.0951249, -0.000762522, 8.841e-06, 0, 0, -0.249793, 0
34391, -0.25, 0.251411, 0, 0, 8.41e-07, -0.0951249, -0.000694215, 8.841e-06, 0, 0, -0.249732, 0
34401, -0.25, 0.249098, 0, 0, 8.41e-07, -0.0951249, 0.00167865, 8.841e-06, 0, 0, -0.249894, 0
34411, -0.25, 0.251411, 0, 0, 8.41e-07, -0.0951249, -0.000795484, 8.841e-06, 0, 0, -0.249822, 0
34421, -0.25, 0.249098, 0, 0, 8.41e-07, -0.0951249, 0.00158884, 8.841e-06, 0, 0, -0.249974, 0
34430, -0.25, 0.249098, 0, 0, 8.41e-07, -0.0951249, -0.00087513, 8.841e-06, 0, 0, -0.249892, 0
34441, -0.25, 0.24683, 0, 0, 8.41e-07, -0.0951249, -0.000794068, 8.841e-06, 0, 0, -0.249821, 0
34451, -0.25, 0.251411, 0, 0, 8.41e-07, -0.0951249, -0.00299045, 8.841e-06, 0, 0, -0.249545, 0
34461, -0.25, 0.249098, 0, 0, 8.41e-07, -0.0951249, 0.00186527, 8.841e-06, 0, 0, -0.249728, 0
34470, -0.25, 0.251411, 0, 0, 8.41e-07, -0.0951249, -0.000629991, 8.841e-06, 0, 0, -0.249675, 0
34481, -0.25, 0.249098, 0, 0, 8.41e-07, -0.0951249, 0.0017356, 8.841e-06, 0, 0, -0.249843, 0
34491, -0.25, 0.249098, 0, 0, 8.41e-07, -0.0951249, -0.000744984, 8.841e-06, 0, 0, -0.249777, 0
34501, -0.25, 0.249098, 0, 0, 8.41e-07, -0.0951249, -0.000678658, 8.841e-06, 0, 0, -0.249718, 0
34510, -0.25, 0.249098, 0, 0, 8.41e-07, -0.0951249, -0.000619859, 8.841e-06, 0, 0, -0.249666, 0
34521, -0.25, 0.24683, 0, 0, 8.41e-07, -0.0951249, -0.000567704, 8.841e-06, 0, 0, -0.24962, 0
34531, -0.25, 0.251411, 0, 0, 8.41e-07, -0.0951249, -0.00278972, 8.841e-06, 0, 0, -0.249367, 0
34541, -0.25, 0.249098, 0, 0, 8.41e-07, -0.0951249, 0.00204329, 8.841e-06, 0, 0, -0.249571, 0
34551, -0.25, 0.251411, 0, 0, 8.41e-07, -0.0951249, -0.000472128, 8.841e-06, 0, 0, -0.249535, 0
34561, -0.25, 0.249098, 0, 0, 8.41e-07, -0.0951249, 0.00187558, 8.841e-06, 0, 0, -0.249719, 0
34571, -0.25, 0.249098, 0, 0, 8.41e-07, -0.0951249, -0.000620857, 8.841e-06, 0, 0, -0.249667, 0
34581, -0.25, 0.249098, 0, 0, 8.41e-07, -0.0951249, -0.000568599, 8.841e-06, 0, 0, -0.249621, 0
34591, -0.25, 0.249098, 0, 0, 8.41e-07, -0.0951249, -0.000522256, 8.841e-06, 0, 0, -0.24958, 0
34600, -0.25, 0.249098, 0, 0, 8.41e-07, -0.0951249, -0.000481158, 8.841e-06, 0, 0, -0.249543, 0
34611, -0.25, 0.251411, 0, 0, 8.41e-07, -0.0951249, -0.00044471, 8.841e-06, 0, 0, -0.249511, 0
34621, -0.25, 0.249098, 0, 0, 8.41e-07, -0.0951249, 0.0018999, 8.841e-06, 0, 0, -0.249698, 0
34631, -0.25, 0.251411, 0, 0, 8.41e-07, -0.0951249, -0.00059928, 8.841e-06, 0, 0, -0.249648, 0
34640, -0.25, 0.249098, 0, 0, 8.41e-07, -0.0951249, 0.00176284, 8.841e-06, 0, 0, -0.249819, 0
34651, -0.25, 0.249098, 0, 0, 8.41e-07, -0.0951249, -0.000720829, 8.841e-06, 0, 0, -0.249756, 0
34661, -0.25, 0.24683, 0, 0, 8.41e-07, -0.0951249, -0.000657246, 8.841e-06, 0, 0, -0.249699, 0
34671, -0.25, 0.249098, 0, 0, 8.41e-07, -0.0951249, -0.00286911, 8.841e-06, 0, 0, -0.249438, 0
34680, -0.25, 0.249098, 0, 0, 8.41e-07, -0.0951249, -0.000339404, 8.841e-06, 0, 0, -0.249417, 0
34691, -0.25, 0.251411, 0, 0, 8.41e-07, -0.0951249, -0.000319004, 8.841e-06, 0, 0, -0.249399, 0
34701, -0.25, 0.249098, 0, 0, 8.41e-07, -0.0951249, 0.00201136, 8.841e-06, 0, 0, -0.249599, 0
34711, -0.25, 0.249098, 0, 0, 8.41e-07, -0.0951249, -0.000500441, 8.841e-06, 0, 0, -0.24956, 0
34721, -0.25, 0.249098, 0, 0, 8.41e-07, -0.0951249, -0.000461802, 8.841e-06, 0, 0, -0.249526, 0
34731, -0.25, 0.249098, 0, 0, 8.41e-07, -0.0951249, -0.000427544, 8.841e-06, 0, 0, -0.249496, 0
34741, -0.25, 0.24683, 0, 0, 8.41e-07, -0.0951249, -0.000397176, 8.841e-06, 0, 0, -0.249469, 0
34751, -0.25, 0.251411, 0, 0, 8.41e-07, -0.0951249, -0.0026385, 8.841e-06, 0, 0, -0.249233, 0
34761, -0.25, 0.249098, 0, 0, 8.41e-07, -0.0951249, 0.00217737, 8.841e-06, 0, 0, -0.249452, 0
34770, -0.25, 0.251411, 0, 0, 8.41e-07, -0.0951249, -0.000353232, 8.841e-06, 0, 0, -0.24943, 0
34781, -0.25, 0.249098, 0, 0, 8.41e-07, -0.0951249, 0.00198102, 8.841e-06, 0, 0, -0.249626, 0
34791, -0.25, 0.249098, 0, 0, 8.41e-07, -0.0951249, -0.000527352, 8.841e-06, 0, 0, -0.249584, 0
34801, -0.25, 0.249098, 0, 0, 8.41e-07, -0.0951249, -0.000485688, 8.841e-06, 0, 0, -0.249547, 0
34810, -0.25, 0.249098, 0, 0, 8.41e-07, -0.0951249, -0.000448719, 8.841e-06, 0, 0, -0.249514, 0
34821, -0.25, 0.251411, 0, 0, 8.41e-07, -0.0951249, -0.000415951, 8.841e-06, 0, 0, -0.249485, 0
34831, -0.25, 0.251411, 0, 0, 8.41e-07, -0.0951249, 0.00192539, 8.841e-06, 0, 0, -0.249675, 0
34841, -0.25, 0.249098, 0, 0, 8.41e-07, -0.0951249, 0.00173561, 8.841e-06, 0, 0, -0.249843, 0
34850, -0.25, 0.249098, 0, 0, 8.41e-07, -0.0951249, -0.000744984, 8.841e-06, 0, 0, -0.249777, 0
34861, -0.25, 0.249098, 0, 0, 8.41e-07, -0.0951249, -0.000678658, 8.841e-06, 0, 0, -0.249718, 0
34871, -0.25, 0.249098, 0, 0, 8.41e-07, -0.0951249, -0.000619859, 8.841e-06, 0, 0, -0.249666, 0
34881, -0.25, 0.24683, 0, 0, 8.41e-07, -0.0951249, -0.000567704, 8.841e-06, 0, 0, -0.24962, 0
34891, -0.25, 0.249098, 0, 0, 8.41e-07, -0.0951249, -0.00278972, 8.841e-06, 0, 0, -0.249367, 0
34900, -0.25, 0.249098, 0, 0, 8.41e-07, -0.0951249, -0.000268996, 8.841e-06, 0, 0, -0.249355, 0
34911, -0.25, 0.251411, 0, 0, 8.41e-07, -0.0951249, -0.000256568, 8.841e-06, 0, 0, -0.249344, 0
34921, -0.25, 0.249098, 0, 0, 8.41e-07, -0.0951249, 0.00206673, 8.841e-06, 0, 0, -0.24955, 0
34931, -0.25, 0.251411, 0, 0, 8.41e-07, -0.0951249, -0.000451341, 8.841e-06, 0, 0, -0.249517, 0
34940, -0.25, 0.249098, 0, 0, 8.41e-07, -0.0951249, 0.00189401, 8.841e-06, 0, 0, -0.249703, 0
34951, -0.25, 0.249098, 0, 0, 8.41e-07, -0.0951249, -0.00060451, 8.841e-06, 0, 0, -0.249653, 0
34961, -0.25, 0.251411, 0, 0, 8.41e-07, -0.0951249, -0.0005541, 8.841e-06, 0, 0, -0.249608, 0
34971, -0.25, 0.249098, 0, 0, 8.41e-07, -0.0951249, 0.00180289, 8.841e-06, 0, 0, -0.249784, 0
34980, -0.25, 0.249098, 0, 0, 8.41e-07, -0.0951249, -0.000685304, 8.841e-06, 0, 0, -0.249724, 0
34991, -0.25, 0.251411, 0, 0, 8.41e-07, -0.0951249, -0.000625744, 8.841e-06, 0, 0, -0.249671, 0
35001, -0.25, 0.249098, 0, 0, 8.41e-07, -0.0951249, 0.00173937, 8.841e-06, 0, 0, -0.24984, 0
35011, -0.25, 0.249098, 0, 0, 8.41e-07, -0.0951249, -0.000741646, 8.841e-06, 0, 0, -0.249774, 0
35020, -0.25, 0.249098, 0, 0, 8.41e-07, -0.0951249, -0.000675708, 8.841e-06, 0, 0, -0.249716, 0
35031, -0.25, 0.249098, 0, 0, 8.41e-07, -0.0951249, -0.000617221, 8.841e-06, 0, 0, -0.249664, 0
35041, -0.25, 0.251411, 0, 0, 8.41e-07, -0.0951249, -0.000565365, 8.841e-06, 0, 0, -0.249618, 0
35051, -0.25, 0.251411, 0, 0, 8.41e-07, -0.0951249, 0.00179291, 8.841e-06, 0, 0, -0.249793, 0
35061, -0.25, 0.258625, 0, 0, 8.41e-07, -0.0951249, 0.00161813, 8.841e-06, 0, 0, -0.249948, 0
35070, -0.25, 0.261127, 0, 0, 8.41e-07, -0.0951249, 0.00867753, 8.841e-06, 0, 0, -0.250758, 0
35081, -0.25, 0.249098, 0, 0, 8.41e-07, -0.0951249, 0.0103695, 8.841e-06, 0, 0, -0.251709, 0
35091, -0.25, 0.249098, 0, 0, 8.41e-07, -0.0951249, -0.00261067, 8.841e-06, 0, 0, -0.251432, 0
35101, -0.25, 0.249098, 0, 0, 8.41e-07, -0.0951249, -0.00233312, 8.841e-06, 0, 0, -0.251185, 0
35110, -0.25, 0.249098, 0, 0, 8.41e-07, -0.0951249, -0.00208698, 8.841e-06, 0, 0, -0.250967, 0
35121, -0.25, 0.251411, 0, 0, 8.41e-07, -0.0951249, -0.00186874, 8.841e-06, 0, 0, -0.250774, 0
35131, -0.25, 0.251411, 0, 0, 8.41e-07, -0.0951249, 0.000637114, 8.841e-06, 0, 0, -0.250818, 0
35141, -0.25, 0.249098, 0, 0, 8.41e-07, -0.0951249, 0.000593185, 8.841e-06, 0, 0, -0.250856, 0
35150, -0.25, 0.251411, 0, 0, 8.41e-07, -0.0951249, -0.00175805, 8.841e-06, 0, 0, -0.250675, 0
35161, -0.25, 0.249098, 0, 0, 8.41e-07, -0.0951249, 0.000735253, 8.841e-06, 0, 0, -0.25073, 0
35171, -0.25, 0.249098, 0, 0, 8.41e-07, -0.0951249, -0.00163208, 8.841e-06, 0, 0, -0.250564, 0
35181, -0.25, 0.24683, 0, 0, 8.41e-07, -0.0951249, -0.00146534, 8.841e-06, 0, 0, -0.250416, 0
35190, -0.25, 0.249098, 0, 0, 8.41e-07, -0.0951249, -0.00358571, 8.841e-06, 0, 0, -0.250073, 0
35201, -0.25, 0.249098, 0, 0, 8.41e-07, -0.0951249, -0.000974879, 8.841e-06, 0, 0, -0.249981, 0
35211, -0.25, 0.249098, 0, 0, 8.41e-07, -0.0951249, -0.000882536, 8.841e-06, 0, 0, -0.249899, 0
35221, -0.25, 0.249098, 0, 0, 8.41e-07, -0.0951249, -0.000800639, 8.841e-06, 0, 0, -0.249826, 0
35231, -0.25, 0.249098, 0, 0, 8.41e-07, -0.0951249, -0.000728026, 8.841e-06, 0, 0, -0.249762, 0
35240, -0.25, 0.249098, 0, 0, 8.41e-07, -0.0951249, -0.000663623, 8.841e-06, 0, 0, -0.249705, 0
35251, -0.25, 0.249098, 0, 0, 8.41e-07, -0.0951249, -0.000606522, 8.841e-06, 0, 0, -0.249654, 0
35261, -0.25, 0.251411, 0, 0, 8.41e-07, -0.0951249, -0.000555873, 8.841e-06, 0, 0, -0.249609, 0
35271, -0.25, 0.249098, 0, 0, 8.41e-07, -0.0951249, 0.00180133, 8.841e-06, 0, 0, -0.249785, 0
35280, -0.25, 0.249098, 0, 0, 8.41e-07, -0.0951249, -0.00068669, 8.841e-06, 0, 0, -0.249725, 0
35291, -0.25, 0.249098, 0, 0, 8.41e-07, -0.0951249, -0.000626966, 8.841e-06, 0, 0, -0.249672, 0
35301, -0.25, 0.249098, 0, 0, 8.41e-07, -0.0951249, -0.000574023, 8.841e-06, 0, 0, -0.249625, 0
35311, -0.25, 0.251411, 0, 0, 8.41e-07, -0.0951249, -0.000527069, 8.841e-06, 0, 0, -0.249584, 0
35320, -0.25, 0.251411, 0, 0, 8.41e-07, -0.0951249, 0.00182687, 8.841e-06, 0, 0, -0.249762, 0
35331, -0.25, 0.249098, 0, 0, 8.41e-07, -0.0951249, 0.00164825, 8.841e-06, 0, 0, -0.249921, 0
35341, -0.25, 0.251411, 0, 0, 8.41e-07, -0.0951249, -0.00082244, 8.841e-06, 0, 0, -0.249846, 0
35351, -0.25, 0.251411, 0, 0, 8.41e-07, -0.0951249, 0.00156493, 8.841e-06, 0, 0, -0.249995, 0
35361, -0.25, 0.249098, 0, 0, 8.41e-07, -0.0951249, 0.00141597, 8.841e-06, 0, 0, -0.250127, 0
35371, -0.25, 0.251411, 0, 0, 8.41e-07, -0.0951249, -0.00102843, 8.841e-06, 0, 0, -0.250028, 0
35381, -0.25, 0.249098, 0, 0, 8.41e-07, -0.0951249, 0.00138226, 8.841e-06, 0, 0, -0.250157, 0
