QGPIORecord, QRC v6.1.0, 20-12-2023 @ 21:04:17, Windows 10 Version 2009, 10.0.22621, x86_64,,,,,,,
Time, ValueIn0, y, x, P, L , nu, S, ValueIn7, ValueIn8, ValueIn9, ValueIn10, ValueIn11
26550,0,0.100675,0,0,0,0,0,0,0,0,0,0
26560,0,0.10133,0,0,0,0,0,0,0,0,0,0
26571,0,0.0993932,0,0,0,0,0,0,0,0,0,0
26580,0,0.0993932,0,0,0,0,0,0,0,0,0,0
26590,0,0.0997103,0,0,0,0,0,0,0,0,0,0
26600,0,0.0993932,0,0,0,0,0,0,0,0,0,0
26610,0,0.0990784,0,0,0,0,0,0,0,0,0,0
26620,0,0.0993932,0,0,0,0,0,0,0,0,0,0
26630,0,0.0993932,0,0,0,0,0,0,0,0,0,0
26640,0,0.0997103,0,0,0,0,0,0,0,0,0,0
26650,0,0.0997103,0,0,0,0,0,0,0,0,0,0
26660,0,0.100675,0,0,0,0,0,0,0,0,0,0
26670,0,0.101002,0,0,0,0,0,0,0,0,0,0
26680,0,0.0993932,0,0,0,0,0,0,0,0,0,0
26690,0,0.100351,0,0,0,0,0,0,0,0,0,0
26700,0,0.100351,0,0,0,0,0,0,0,0,0,0
26711,0,0.0990784,0,0,0,0,0,0,0,0,0,0
26720,0,0.0997103,0,0,0,0,0,0,0,0,0,0
26730,0,0.0997103,0,0,0,0,0,0,0,0,0,0
26740,0,0.0990784,0,0,0,0,0,0,0,0,0,0
26750,0,0.0997103,0,0,0,0,0,0,0,0,0,0
26760,0,0.100351,0,0,0,0,0,0,0,0,0,0
26770,0,0.0997103,0,0,0,0,0,0,0,0,0,0
26780,0,0.0993932,0,0,0,0,0,0,0,0,0,0
26790,0,0.0990784,0,0,0,0,0,0,0,0,0,0
26800,0,0.10003,0,0,0,0,0,0,0,0,0,0
26810,0,0.101002,0,0,0,0,0,0,0,0,0,0
26820,0,0.0993932,0,0,0,0,0,0,0,0,0,0
26830,0,0.0993932,0,0,0,0,0,0,0,0,0,0
26841,0,0.0997103,0,0,0,0,0,0,0,0,0,0
26850,0,0.0997103,0,0,0,0,0,0,0,0,0,0
26860,0,0.0997103,0,0,0,0,0,0,0,0,0,0
26870,0,0.0997103,0,0,0,0,0,0,0,0,0,0
26881,0,0.0993932,0,0,0,0,0,0,0,0,0,0
26890,0,0.0993932,0,0,0,0,0,0,0,0,0,0
26900,0,0.0993932,0,0,0,0,0,0,0,0,0,0
26910,0,0.0997103,0,0,0,0,0,0,0,0,0,0
26920,0,0.0990784,0,0,0,0,0,0,0,0,0,0
26930,0,0.100675,0,0,0,0,0,0,0,0,0,0
26940,0,0.101002,0,0,0,0,0,0,0,0,0,0
26950,0,0.101002,0,0,0,0,0,0,0,0,0,0
26960,0,0.101002,0,0,0,0,0,0,0,0,0,0
26970,0,0.101002,0,0,0,0,0,0,0,0,0,0
26980,0,0.101002,0,0,0,0,0,0,0,0,0,0
26990,0,0.0987659,0,0,0,0,0,0,0,0,0,0
27000,0,0.0990784,0,0,0,0,0,0,0,0,0,0
27011,0,0.0993932,0,0,0,0,0,0,0,0,0,0
27020,0,0.0997103,0,0,0,0,0,0,0,0,0,0
27030,0,0.0993932,0,0,0,0,0,0,0,0,0,0
27040,0,0.0993932,0,0,0,0,0,0,0,0,0,0
27051,0,0.0997103,0,0,0,0,0,0,0,0,0,0
27060,0,0.0990784,0,0,0,0,0,0,0,0,0,0
27070,0,0.0993932,0,0,0,0,0,0,0,0,0,0
27080,0,0.0993932,0,0,0,0,0,0,0,0,0,0
27090,0,0.100675,0,0,0,0,0,0,0,0,0,0
27100,0,0.100675,0,0,0,0,0,0,0,0,0,0
27110,0,0.101002,0,0,0,0,0,0,0,0,0,0
27120,0,0.0993932,0,0,0,0,0,0,0,0,0,0
27130,0,0.0997103,0,0,0,0,0,0,0,0,0,0
27140,0,0.100351,0,0,0,0,0,0,0,0,0,0
27150,0,0.100675,0,0,0,0,0,0,0,0,0,0
27160,0,0.10133,0,0,0,0,0,0,0,0,0,0
27170,0,0.0993932,0,0,0,0,0,0,0,0,0,0
27181,0,0.0993932,0,0,0,0,0,0,0,0,0,0
27190,0,0.0993932,0,0,0,0,0,0,0,0,0,0
27200,0,0.0993932,0,0,0,0,0,0,0,0,0,0
27210,0,0.0997103,0,0,0,0,0,0,0,0,0,0
27220,0,0.0993932,0,0,0,0,0,0,0,0,0,0
27230,0,0.100351,0,0,0,0,0,0,0,0,0,0
27240,0,0.100675,0,0,0,0,0,0,0,0,0,0
27250,0,0.0997103,0,0,0,0,0,0,0,0,0,0
27260,0,0.0993932,0,0,0,0,0,0,0,0,0,0
27270,0,0.0997103,0,0,0,0,0,0,0,0,0,0
27280,0,0.0997103,0,0,0,0,0,0,0,0,0,0
27290,0,0.0993932,0,0,0,0,0,0,0,0,0,0
27300,0,0.0997103,0,0,0,0,0,0,0,0,0,0
27311,0,0.0990784,0,0,0,0,0,0,0,0,0,0
27320,0,0.0993932,0,0,0,0,0,0,0,0,0,0
27330,0,0.0997103,0,0,0,0,0,0,0,0,0,0
27340,0,0.100675,0,0,0,0,0,0,0,0,0,0
27351,0,0.100675,0,0,0,0,0,0,0,0,0,0
27360,0,0.0993932,0,0,0,0,0,0,0,0,0,0
27370,0,0.100675,0,0,0,0,0,0,0,0,0,0
27380,0,0.100351,0,0,0,0,0,0,0,0,0,0
27390,0,0.0993932,0,0,0,0,0,0,0,0,0,0
27400,0,0.0993932,0,0,0,0,0,0,0,0,0,0
27410,0,0.101002,0,0,0,0,0,0,0,0,0,0
27420,0,0.0997103,0,0,0,0,0,0,0,0,0,0
27430,0,0.0993932,0,0,0,0,0,0,0,0,0,0
27440,0,0.100351,0,0,0,0,0,0,0,0,0,0
27450,0,0.100675,0,0,0,0,0,0,0,0,0,0
27460,0,0.100675,0,0,0,0,0,0,0,0,0,0
27470,0,0.101002,0,0,0,0,0,0,0,0,0,0
27481,0,0.0993932,0,0,0,0,0,0,0,0,0,0
27490,0,0.0993932,0,0,0,0,0,0,0,0,0,0
27500,0,0.100675,0,0,0,0,0,0,0,0,0,0
27510,0,0.101002,0,0,0,0,0,0,0,0,0,0
27521,0,0.0997103,0,0,0,0,0,0,0,0,0,0
27530,0,0.100675,0,0,0,0,0,0,0,0,0,0
27540,0,0.10133,0,0,0,0,0,0,0,0,0,0
27550,0,0.0997103,0,0,0,0,0,0,0,0,0,0
27560,0,0.0993932,0,0,0,0,0,0,0,0,0,0
27570,0,0.0997103,0,0,0,0,0,0,0,0,0,0
27580,0,0.0993932,0,0,0,0,0,0,0,0,0,0
27590,0,0.0997103,0,0,0,0,0,0,0,0,0,0
27600,0,0.0997103,0,0,0,0,0,0,0,0,0,0
27610,0,0.0993932,0,0,0,0,0,0,0,0,0,0
27620,0,0.0997103,0,0,0,0,0,0,0,0,0,0
27630,0,0.0993932,0,0,0,0,0,0,0,0,0,0
27640,0,0.100675,0,0,0,0,0,0,0,0,0,0
27651,0,0.101002,0,0,0,0,0,0,0,0,0,0
27660,0,0.100675,0,0,0,0,0,0,0,0,0,0
27670,0,0.0993932,0,0,0,0,0,0,0,0,0,0
27680,0,0.0990784,0,0,0,0,0,0,0,0,0,0
27691,0,0.100675,0,0,0,0,0,0,0,0,0,0
27700,0,0.100675,0,0,0,0,0,0,0,0,0,0
27710,0,0.0997103,0,0,0,0,0,0,0,0,0,0
27720,0,0.100675,0,0,0,0,0,0,0,0,0,0
27730,0,0.100675,0,0,0,0,0,0,0,0,0,0
27740,0,0.100675,0,0,0,0,0,0,0,0,0,0
27750,0,0.0997103,0,0,0,0,0,0,0,0,0,0
27760,0,0.0993932,0,0,0,0,0,0,0,0,0,0
27770,0,0.101002,0,0,0,0,0,0,0,0,0,0
27780,0,0.0993932,0,0,0,0,0,0,0,0,0,0
27790,0,0.0993932,0,0,0,0,0,0,0,0,0,0
27800,0,0.0993932,0,0,0,0,0,0,0,0,0,0
27810,0,0.0990784,0,0,0,0,0,0,0,0,0,0
27821,0,0.100675,0,0,0,0,0,0,0,0,0,0
27830,0,0.0990784,0,0,0,0,0,0,0,0,0,0
27840,0,0.10003,0,0,0,0,0,0,0,0,0,0
27850,0,0.0993932,0,0,0,0,0,0,0,0,0,0
27860,0,0.100675,0,0,0,0,0,0,0,0,0,0
27870,0,0.100675,0,0,0,0,0,0,0,0,0,0
27880,0,0.0993932,0,0,0,0,0,0,0,0,0,0
27890,0,0.100675,0,0,0,0,0,0,0,0,0,0
27900,0,0.100351,0,0,0,0,0,0,0,0,0,0
27910,0,0.0990784,0,0,0,0,0,0,0,0,0,0
27920,0,0.0990784,0,0,0,0,0,0,0,0,0,0
27930,0,0.0997103,0,0,0,0,0,0,0,0,0,0
27940,0,0.0997103,0,0,0,0,0,0,0,0,0,0
27950,0,0.0993932,0,0,0,0,0,0,0,0,0,0
27960,0,0.0997103,0,0,0,0,0,0,0,0,0,0
27970,0,0.0993932,0,0,0,0,0,0,0,0,0,0
27980,0,0.0997103,0,0,0,0,0,0,0,0,0,0
27991,0,0.0993932,0,0,0,0,0,0,0,0,0,0
28000,0,0.0993932,0,0,0,0,0,0,0,0,0,0
28010,0,0.101002,0,0,0,0,0,0,0,0,0,0
28020,0,0.0993932,0,0,0,0,0,0,0,0,0,0
28030,0,0.0997103,0,0,0,0,0,0,0,0,0,0
28040,0,0.100675,0,0,0,0,0,0,0,0,0,0
28050,0,0.0993932,0,0,0,0,0,0,0,0,0,0
28060,0,0.0990784,0,0,0,0,0,0,0,0,0,0
28070,0,0.101002,0,0,0,0,0,0,0,0,0,0
28080,0,0.0997103,0,0,0,0,0,0,0,0,0,0
28090,0,0.0997103,0,0,0,0,0,0,0,0,0,0
28100,0,0.0997103,0,0,0,0,0,0,0,0,0,0
28110,0,0.0993932,0,0,0,0,0,0,0,0,0,0
28121,0,0.0993932,0,0,0,0,0,0,0,0,0,0
28130,0,0.0993932,0,0,0,0,0,0,0,0,0,0
28140,0,0.0990784,0,0,0,0,0,0,0,0,0,0
28150,0,0.100675,0,0,0,0,0,0,0,0,0,0
28161,0,0.0993932,0,0,0,0,0,0,0,0,0,0
28170,0,0.0997103,0,0,0,0,0,0,0,0,0,0
28180,0,0.0993932,0,0,0,0,0,0,0,0,0,0
28190,0,0.100675,0,0,0,0,0,0,0,0,0,0
28200,0,0.100675,0,0,0,0,0,0,0,0,0,0
28210,0,0.0993932,0,0,0,0,0,0,0,0,0,0
28220,0,0.0993932,0,0,0,0,0,0,0,0,0,0
28230,0,0.0993932,0,0,0,0,0,0,0,0,0,0
28240,0,0.0993932,0,0,0,0,0,0,0,0,0,0
28250,0,0.0993932,0,0,0,0,0,0,0,0,0,0
28260,0,0.0997103,0,0,0,0,0,0,0,0,0,0
28270,0,0.0993932,0,0,0,0,0,0,0,0,0,0
28280,0,0.0997103,0,0,0,0,0,0,0,0,0,0
28291,0,0.0990784,0,0,0,0,0,0,0,0,0,0
28300,0,0.0997103,0,0,0,0,0,0,0,0,0,0
28310,0,0.101002,0,0,0,0,0,0,0,0,0,0
28320,0,0.0993932,0,0,0,0,0,0,0,0,0,0
28331,0,0.0997103,0,0,0,0,0,0,0,0,0,0
28340,0,0.100675,0,0,0,0,0,0,0,0,0,0
28350,0,0.0993932,0,0,0,0,0,0,0,0,0,0
28360,0,0.0990784,0,0,0,0,0,0,0,0,0,0
28370,0,0.10003,0,0,0,0,0,0,0,0,0,0
28380,0,0.100351,0,0,0,0,0,0,0,0,0,0
28390,0,0.100675,0,0,0,0,0,0,0,0,0,0
28400,0,0.0993932,0,0,0,0,0,0,0,0,0,0
28410,0,0.0997103,0,0,0,0,0,0,0,0,0,0
28420,0,0.0997103,0,0,0,0,0,0,0,0,0,0
28430,0,0.0997103,0,0,0,0,0,0,0,0,0,0
28440,0,0.0990784,0,0,0,0,0,0,0,0,0,0
28450,0,0.0997103,0,0,0,0,0,0,0,0,0,0
28461,0,0.0993932,0,0,0,0,0,0,0,0,0,0
28470,0,0.0997103,0,0,0,0,0,0,0,0,0,0
28480,0,0.100351,0,0,0,0,0,0,0,0,0,0
28490,0,0.0997103,0,0,0,0,0,0,0,0,0,0
28500,0,0.0997103,0,0,0,0,0,0,0,0,0,0
28510,0,0.0993932,0,0,0,0,0,0,0,0,0,0
28520,0,0.0990784,0,0,0,0,0,0,0,0,0,0
28530,0,0.10003,0,0,0,0,0,0,0,0,0,0
28540,0,0.0993932,0,0,0,0,0,0,0,0,0,0
28550,0,0.0993932,0,0,0,0,0,0,0,0,0,0
28560,0,0.0997103,0,0,0,0,0,0,0,0,0,0
28570,0,0.0993932,0,0,0,0,0,0,0,0,0,0
28580,0,0.0993932,0,0,0,0,0,0,0,0,0,0
28590,0,0.100675,0,0,0,0,0,0,0,0,0,0
28600,0,0.100675,0,0,0,0,0,0,0,0,0,0
28610,0,0.100675,0,0,0,0,0,0,0,0,0,0
28620,0,0.0993932,0,0,0,0,0,0,0,0,0,0
28631,0,0.0993932,0,0,0,0,0,0,0,0,0,0
28640,0,0.0997103,0,0,0,0,0,0,0,0,0,0
28650,0,0.101002,0,0,0,0,0,0,0,0,0,0
28660,0,0.100675,0,0,0,0,0,0,0,0,0,0
28670,0,0.0993932,0,0,0,0,0,0,0,0,0,0
28680,0,0.100351,0,0,0,0,0,0,0,0,0,0
28690,0,0.101002,0,0,0,0,0,0,0,0,0,0
28700,0,0.0993932,0,0,0,0,0,0,0,0,0,0
28710,0,0.0993932,0,0,0,0,0,0,0,0,0,0
28720,0,0.0997103,0,0,0,0,0,0,0,0,0,0
28730,0,0.10003,0,0,0,0,0,0,0,0,0,0
28740,0,0.100351,0,0,0,0,0,0,0,0,0,0
28750,0,0.10003,0,0,0,0,0,0,0,0,0,0
28761,0,0.0997103,0,0,0,0,0,0,0,0,0,0
28770,0,0.0990784,0,0,0,0,0,0,0,0,0,0
28780,0,0.100675,0,0,0,0,0,0,0,0,0,0
28790,0,0.100675,0,0,0,0,0,0,0,0,0,0
28801,0,0.100675,0,0,0,0,0,0,0,0,0,0
28811,0,0.100675,-0.100675,8.00E-06,0,0,0,0,0,0,0,0
28821,-0.25,0.100675,-0.103662,4.80E-06,-0.5,0,1.60E-05,0,0,0,0,0
28831,-0.25,0.0997103,-0.105491,3.80E-06,-0.375,-0.00298649,1.28E-05,0,0,0,0,0
28840,-0.25,0.101002,-0.106557,3.38E-01,-0.322034,-0.00578071,1.18E-05,0,0,0,0,0
28851,-0.25,0.101002,-0.10781,3.17E-01,-0.296782,-0.0055552,1.14E+00,0,0,0,0,0
28861,-0.25,0.100351,-0.108758,3.07E-01,-0.284069,-0.00680836,1.12E+00,0,0,0,0,0
28871,-0.25,0.101661,-0.109297,3.02E-01,-0.277492,-0.00840713,1.11E+00,0,0,0,0,0
28881,-0.25,0.10133,-0.11006,2.99E-01,-0.274043,-0.00763552,1.10E+00,0,0,0,0,0
28891,-0.25,0.104755,-0.11053,2.98E-01,-0.272221,-0.00873011,1.10E+00,0,0,0,0,0
28901,-0.25,0.107687,-0.111784,2.97E-01,-0.271254,-0.00577569,1.10E+00,0,0,0,0,0
28911,-0.25,0.107687,-0.113461,2.97E-01,-0.270741,-0.00409776,1.10E-02,0,0,0,0,0
28921,-0.25,0.110407,-0.114662,2.96E-01,-0.270467,-0.00577483,1.10E+00,0,0,0,0,0
28931,-0.25,0.110407,-0.116241,2.96E-01,-0.270322,-0.00425491,1.10E+00,0,0,0,0,0
28941,-0.25,0.113709,-0.117371,2.96E-01,-0.270245,-0.00583448,1.10E+00,0,0,0,0,0
28951,-0.25,0.116783,-0.119054,2.96E-01,-0.270203,-0.00366237,1.10E-01,0,0,0,0,0
28961,-0.25,0.117696,-0.121072,2.96E-01,-0.270181,-0.00227061,1.10E+00,0,0,0,0,0
28971,-0.25,0.122505,-0.122756,2.96E-01,-0.27017,-0.00337581,1.10E+00,0,0,0,0,0
28981,-0.25,0.125076,-0.125235,2.96E-01,-0.270163,-0.00025136,1.10E+00,0,0,0,0,0
28991,-0.25,0.126138,-0.127688,2.96E-01,-0.27016,-0.000158861,1.10E+00,0,0,0,0,0
29001,-0.25,0.127219,-0.129724,2.96E-01,-0.270158,-0.0015503,1.10E+00,0,0,0,0,0
29010,-0.25,0.127768,-0.131466,2.96E-01,-0.270157,-0.00250435,1.10E+00,0,0,0,0,0
29021,-0.25,0.13235,-0.132858,2.96E-01,-0.270157,-0.0036983,1.10E+00,0,0,0,0,0
29031,-0.25,0.136664,-0.135066,2.96E-01,-0.270157,-0.000507995,1.10E+00,0,0,0,0,0
29041,-0.25,0.137306,-0.137788,2.96E-01,-0.270156,0.00159802,1.10E+00,0,0,0,0,0
29051,-0.25,0.139938,-0.139904,2.96E-01,-0.270156,-0.000482246,1.10E+00,0,0,0,0,0
29061,-0.25,0.14482,-0.142115,2.96E-01,-0.270156,3.40E+00,1.10E+00,0,0,0,0,0
29071,-0.25,0.14482,-0.144989,2.96E-01,-0.270156,0.00270446,1.10E+00,0,0,0,0,0
29081,-0.25,0.147779,-0.147044,2.96E-01,-0.270156,-0.000169247,1.10E+00,0,0,0,0,0
29091,-0.25,0.150871,-0.149298,2.96E-01,-0.270156,0.000734195,1.10E+00,0,0,0,0,0
29101,-0.25,0.151666,-0.151728,2.96E-01,-0.270156,0.00157331,1.10E+00,0,0,0,0,0
29111,-0.25,0.154107,-0.153677,2.96E-01,-0.270156,-6.22E+00,1.10E+00,0,0,0,0,0
29121,-0.25,0.153284,-0.155718,2.96E-01,-0.270156,0.000429362,1.10E+00,0,0,0,0,0
29131,-0.25,0.156633,-0.156959,2.96E-01,-0.270156,-0.00243361,1.10E+00,0,0,0,0,0
29140,-0.25,0.159251,-0.158734,2.96E-01,-0.270156,-0.000325471,1.10E+00,0,0,0,0,0
29151,-0.25,0.160144,-0.160696,2.96E-01,-0.270156,0.000517279,1.10E+00,0,0,0,0,0
29161,-0.25,0.164778,-0.162336,2.96E-01,-0.270156,-0.000551492,1.10E+00,0,0,0,0,0
29171,-0.25,0.169709,-0.164736,2.96E-01,-0.270156,0.00244237,1.10E+00,0,0,0,0,0
29180,-0.25,0.168698,-0.167758,2.96E-01,-0.270156,0.00497347,1.10E+00,0,0,0,0,0
29191,-0.25,0.173888,-0.169652,2.96E-01,-0.270156,0.000940129,1.10E+00,0,0,0,0,0
29201,-0.25,0.178292,-0.17238,2.96E-01,-0.270156,0.00423609,1.10E+00,0,0,0,0,0
29211,-0.25,0.17943,-0.175498,2.96E-01,-0.270156,0.00591183,1.10E+00,0,0,0,0,0
29221,-0.25,0.180585,-0.178029,2.96E-01,-0.270156,0.00393276,1.10E+00,0,0,0,0,0
29231,-0.25,0.181755,-0.180145,2.96E-01,-0.270156,0.00255561,1.10E+00,0,0,0,0,0
29241,-0.25,0.182941,-0.181968,2.96E-01,-0.270156,0.00160961,1.10E+00,0,0,0,0,0
29251,-0.25,0.186601,-0.183586,2.96E-01,-0.270156,0.000972643,1.10E+00,0,0,0,0,0
29261,-0.25,0.185364,-0.185713,2.96E-01,-0.270156,0.00301428,1.10E+00,0,0,0,0,0
29271,-0.25,0.187855,-0.186906,2.96E-01,-0.270156,-0.000349149,1.10E+00,0,0,0,0,0
29281,-0.25,0.19173,-0.188419,2.96E-01,-0.270156,0.000949427,1.10E+00,0,0,0,0,0
29291,-0.25,0.193059,-0.190527,2.96E-01,-0.270156,0.00331043,1.10E+00,0,0,0,0,0
29301,-0.25,0.193059,-0.192387,2.96E-01,-0.270156,0.00253177,1.10E+00,0,0,0,0,0
29310,-0.25,0.193059,-0.193717,2.96E-01,-0.270156,0.000672013,1.10E+00,0,0,0,0,0
29321,-0.25,0.198578,-0.194669,2.96E-01,-0.270156,-0.000658169,1.10E+00,0,0,0,0,0
29331,-0.25,0.198578,-0.19681,2.96E-01,-0.270156,0.00390947,1.10E+00,0,0,0,0,0
29341,-0.25,0.20001,-0.198342,2.96E-01,-0.270156,0.0017678,1.10E+00,0,0,0,0,0
29350,-0.25,0.204442,-0.199817,2.96E-01,-0.270156,0.00166839,1.10E+00,0,0,0,0,0
29361,-0.25,0.204442,-0.202045,2.96E-01,-0.270156,0.00462507,1.10E+00,0,0,0,0,0
29371,-0.25,0.204442,-0.203639,2.96E-01,-0.270156,0.00239691,1.10E+00,0,0,0,0,0
29381,-0.25,0.210684,-0.204779,2.96E-01,-0.270156,0.000803217,1.10E+00,0,0,0,0,0
29391,-0.25,0.209086,-0.207247,2.96E-01,-0.270156,0.00590563,1.10E+00,0,0,0,0,0
29401,-0.25,0.212308,-0.208589,2.96E-01,-0.270156,0.00183964,1.10E+00,0,0,0,0,0
29411,-0.25,0.209086,-0.210402,2.96E-01,-0.270156,0.00371955,1.10E+00,0,0,0,0,0
29421,-0.25,0.209086,-0.210845,2.96E-01,-0.270156,-0.00131547,1.10E+00,0,0,0,0,0
29431,-0.25,0.209086,-0.211163,2.96E-01,-0.270156,-0.00175917,1.10E+00,0,0,0,0,0
29441,-0.25,0.215637,-0.21139,2.96E-01,-0.270156,-0.00207651,1.10E+00,0,0,0,0,0
29451,-0.25,0.217343,-0.213286,2.96E-01,-0.270156,0.0042471,1.10E+00,0,0,0,0,0
29461,-0.25,0.217343,-0.215095,2.96E-01,-0.270156,0.00405635,1.10E+00,0,0,0,0,0
29471,-0.25,0.215637,-0.216388,2.96E-01,-0.270156,0.00224815,1.10E+00,0,0,0,0,0
29480,-0.25,0.217343,-0.216861,2.96E-01,-0.270156,-0.000751048,1.10E+00,0,0,0,0,0
29491,-0.25,0.220841,-0.217652,2.96E-01,-0.270156,0.000481427,1.10E+00,0,0,0,0,0
29501,-0.25,0.22446,-0.219143,2.96E-01,-0.270156,0.00318971,1.10E+00,0,0,0,0,0
29511,-0.25,0.22446,-0.221168,2.96E-01,-0.270156,0.00531739,1.10E+00,0,0,0,0,0
29520,-0.25,0.222635,-0.222616,2.96E-01,-0.270156,0.00329246,1.10E+00,0,0,0,0,0
29531,-0.25,0.22446,-0.223169,2.96E-01,-0.270156,1.91E+00,1.10E+00,0,0,0,0,0
29541,-0.25,0.222635,-0.224048,2.96E-01,-0.270156,0.00129139,1.10E+00,0,0,0,0,0
29551,-0.25,0.222635,-0.224193,2.96E-01,-0.270156,-0.00141217,1.10E+00,0,0,0,0,0
29561,-0.25,0.220841,-0.224297,2.96E-01,-0.270156,-0.00155735,1.10E+00,0,0,0,0,0
29571,-0.25,0.232086,-0.223896,2.96E-01,-0.270156,-0.00345528,1.10E+00,0,0,0,0,0
29581,-0.25,0.230129,-0.226586,2.96E-01,-0.270156,0.00819065,1.10E+00,0,0,0,0,0
29591,-0.25,0.232086,-0.227993,2.96E-01,-0.270156,0.00354293,1.10E+00,0,0,0,0,0
29601,-0.25,0.230129,-0.229517,2.96E-01,-0.270156,0.00409378,1.10E+00,0,0,0,0,0
29611,-0.25,0.230129,-0.230089,2.96E-01,-0.270156,0.000612661,1.10E+00,0,0,0,0,0
29621,-0.25,0.230129,-0.230498,2.96E-01,-0.270156,4.08E+00,1.10E+00,0,0,0,0,0
29631,-0.25,0.232086,-0.23079,2.96E-01,-0.270156,-0.000368237,1.10E+00,0,0,0,0,0
29641,-0.25,0.228207,-0.231518,2.96E-01,-0.270156,0.00129634,1.10E+00,0,0,0,0,0
29650,-0.25,0.232086,-0.231011,2.96E-01,-0.270156,-0.00331099,1.10E+00,0,0,0,0,0
29661,-0.25,0.232086,-0.231675,2.96E-01,-0.270156,0.00107588,1.10E+00,0,0,0,0,0
29671,-0.25,0.230129,-0.232151,2.96E-01,-0.270156,0.000411242,1.10E+00,0,0,0,0,0
29681,-0.25,0.236107,-0.231972,2.96E-01,-0.270156,-0.00202127,1.10E+00,0,0,0,0,0
29691,-0.25,0.238173,-0.233428,2.96E-01,-0.270156,0.00413501,1.10E+00,0,0,0,0,0
29701,-0.25,0.240277,-0.235016,2.96E-01,-0.270156,0.00474554,1.10E+00,0,0,0,0,0
29711,-0.25,0.238173,-0.236708,2.96E-01,-0.270156,0.00526179,1.10E+00,0,0,0,0,0
29721,-0.25,0.238173,-0.237362,2.96E-01,-0.270156,0.00146493,1.10E+00,0,0,0,0,0
29731,-0.25,0.240277,-0.23783,2.96E-01,-0.270156,0.000811249,1.10E+00,0,0,0,0,0
29741,-0.25,0.238173,-0.238721,2.96E-01,-0.270156,0.0024478,1.10E+00,0,0,0,0,0
29751,-0.25,0.236107,-0.238802,2.96E-01,-0.270156,-0.000547752,1.10E+00,0,0,0,0,0
29761,-0.25,0.236107,-0.238312,2.96E-01,-0.270156,-0.00269414,1.10E+00,0,0,0,0,0
29771,-0.25,0.238173,-0.237962,2.96E-01,-0.270156,-0.00220482,1.10E+00,0,0,0,0,0
29780,-0.25,0.238173,-0.238259,2.96E-01,-0.270156,0.000211,1.10E+00,0,0,0,0,0
29791,-0.25,0.238173,-0.238471,2.96E-01,-0.270156,-8.56E+00,1.10E+00,0,0,0,0,0
29801,-0.25,0.238173,-0.238623,2.96E-01,-0.270156,-0.00029777,1.10E+00,0,0,0,0,0
29811,-0.25,0.240277,-0.238731,2.96E-01,-0.270156,-0.000449508,1.10E+00,0,0,0,0,0
29820,-0.25,0.238173,-0.239366,2.96E-01,-0.270156,0.00154606,1.10E+00,0,0,0,0,0
29831,-0.25,0.240277,-0.239263,2.96E-01,-0.270156,-0.00119273,1.10E+00,0,0,0,0,0
29841,-0.25,0.238173,-0.239746,2.96E-01,-0.270156,0.00101446,1.10E+00,0,0,0,0,0
29851,-0.25,0.24683,-0.239535,2.96E-01,-0.270156,-0.00157295,1.10E+00,0,0,0,0,0
29861,-0.25,0.244605,-0.241676,2.96E-01,-0.270156,0.00729525,1.10E+00,0,0,0,0,0
29871,-0.25,0.240277,-0.242618,2.96E-01,-0.270156,0.00292905,1.10E+00,0,0,0,0,0
29881,-0.25,0.24683,-0.242146,2.96E-01,-0.270156,-0.00234021,1.10E+00,0,0,0,0,0
29891,-0.25,0.24683,-0.243543,2.96E-01,-0.270156,0.00468448,1.10E+00,0,0,0,0,0
29901,-0.25,0.249098,-0.244542,2.96E-01,-0.270156,0.00328717,1.10E+00,0,0,0,0,0
29911,-0.25,0.244605,-0.245858,2.96E-01,-0.270156,0.00455599,1.10E+00,0,0,0,0,0
29921,-0.25,0.249098,-0.245609,2.96E-01,-0.270156,-0.00125308,1.10E+00,0,0,0,0,0
29931,-0.25,0.24683,-0.246621,2.96E-01,-0.270156,0.00348954,1.10E+00,0,0,0,0,0
29941,-0.25,0.244605,-0.246744,2.96E-01,-0.270156,0.0002096,1.10E+00,0,0,0,0,0
29950,-0.25,0.249098,-0.246242,2.96E-01,-0.270156,-0.00213894,1.10E+00,0,0,0,0,0
29961,-0.25,0.249098,-0.247074,2.96E-01,-0.270156,0.00285594,1.10E+00,0,0,0,0,0
29971,-0.25,0.24683,-0.247668,2.96E-01,-0.270156,0.00202467,1.10E+00,0,0,0,0,0
29981,-0.25,0.244605,-0.247493,2.96E-01,-0.270156,-0.000838146,1.10E+00,0,0,0,0,0
29990,-0.25,0.24683,-0.246778,2.96E-01,-0.270156,-0.00288834,1.10E+00,0,0,0,0,0
30001,-0.25,0.24683,-0.246857,2.96E-01,-0.270156,5.17E+00,1.10E+00,0,0,0,0,0
30011,-0.25,0.24683,-0.246912,2.96E-01,-0.270156,-2.64E+00,1.10E+00,0,0,0,0,0
30021,-0.25,0.249098,-0.246952,2.96E-01,-0.270156,-8.23E-01,1.10E+00,0,0,0,0,0
30031,-0.25,0.24683,-0.247582,2.96E-01,-0.270156,0.00214598,1.10E+00,0,0,0,0,0
30041,-0.25,0.24683,-0.247431,2.96E-01,-0.270156,-0.000751376,1.10E+00,0,0,0,0,0
30051,-0.25,0.249098,-0.247323,2.96E-01,-0.270156,-0.000600815,1.10E+00,0,0,0,0,0
30061,-0.25,0.249098,-0.247847,2.96E-01,-0.270156,0.00177513,1.10E+00,0,0,0,0,0
30071,-0.25,0.24683,-0.248221,2.96E-01,-0.270156,0.00125162,1.10E+00,0,0,0,0,0
30081,-0.25,0.249098,-0.247889,2.96E-01,-0.270156,-0.00139107,1.10E+00,0,0,0,0,0
30091,-0.25,0.24683,-0.248251,2.96E-01,-0.270156,0.0012099,1.10E+00,0,0,0,0,0
30101,-0.25,0.24683,-0.24791,2.96E-01,-0.270156,-0.0014209,1.10E+00,0,0,0,0,0
30111,-0.25,0.249098,-0.247666,2.96E-01,-0.270156,-0.00107969,1.10E+00,0,0,0,0,0
30120,-0.25,0.249098,-0.248092,2.96E-01,-0.270156,0.00143261,1.10E+00,0,0,0,0,0
30131,-0.25,0.249098,-0.248396,2.96E-01,-0.270156,0.00100665,1.10E+00,0,0,0,0,0
30141,-0.25,0.24683,-0.248614,2.96E-01,-0.270156,0.000701979,1.10E+00,0,0,0,0,0
30151,-0.25,0.249098,-0.24817,2.96E-01,-0.270156,-0.00178421,1.10E+00,0,0,0,0,0
30160,-0.25,0.24683,-0.248452,2.96E-01,-0.270156,0.0009287,1.10E+00,0,0,0,0,0
30171,-0.25,0.242421,-0.248054,2.96E-01,-0.270156,-0.00162204,1.10E+00,0,0,0,0,0
30181,-0.25,0.249098,-0.246601,2.96E-01,-0.270156,-0.00563289,1.10E+00,0,0,0,0,0
30191,-0.25,0.249098,-0.24733,2.96E-01,-0.270156,0.00249709,1.10E+00,0,0,0,0,0
30201,-0.25,0.249098,-0.247852,2.96E-01,-0.270156,0.00176801,1.10E+00,0,0,0,0,0
30211,-0.25,0.249098,-0.248225,2.96E-01,-0.270156,0.00124653,1.10E+00,0,0,0,0,0
30221,-0.25,0.24683,-0.248492,2.96E-01,-0.270156,0.000873551,1.10E+00,0,0,0,0,0
30231,-0.25,0.24683,-0.248082,2.96E-01,-0.270156,-0.00166148,1.10E+00,0,0,0,0,0
30241,-0.25,0.242421,-0.247789,2.96E-01,-0.270156,-0.00125177,1.10E+00,0,0,0,0,0
30251,-0.25,0.244605,-0.246412,2.96E-01,-0.270156,-0.00536805,1.10E+00,0,0,0,0,0
30261,-0.25,0.24683,-0.246005,2.96E-01,-0.270156,-0.0018072,1.10E+00,0,0,0,0,0
30271,-0.25,0.249098,-0.246303,2.96E-01,-0.270156,0.000824958,1.10E+00,0,0,0,0,0
30281,-0.25,0.24683,-0.247117,2.96E-01,-0.270156,0.00279491,1.10E+00,0,0,0,0,0
30290,-0.25,0.24683,-0.247099,2.96E-01,-0.270156,-0.000287235,1.10E+00,0,0,0,0,0
30301,-0.25,0.24683,-0.247086,2.96E-01,-0.270156,-0.000268832,1.10E+00,0,0,0,0,0
30311,-0.25,0.24683,-0.247076,2.96E-01,-0.270156,-0.000255674,1.10E+00,0,0,0,0,0
30321,-0.25,0.24683,-0.24707,2.96E-01,-0.270156,-0.000246271,1.10E+00,0,0,0,0,0
30330,-0.25,0.251411,-0.247065,2.96E-01,-0.270156,-0.000239536,1.10E+00,0,0,0,0,0
30341,-0.25,0.24683,-0.248274,2.96E-01,-0.270156,0.00434582,1.10E+00,0,0,0,0,0
30351,-0.25,0.249098,-0.247926,2.96E-01,-0.270156,-0.001444,1.10E+00,0,0,0,0,0
30361,-0.25,0.24683,-0.248278,2.96E-01,-0.270156,0.00117204,1.10E+00,0,0,0,0,0
30370,-0.25,0.24683,-0.247929,2.96E-01,-0.270156,-0.00144799,1.10E+00,0,0,0,0,0
30381,-0.25,0.244605,-0.24768,2.96E-01,-0.270156,-0.00109906,1.10E+00,0,0,0,0,0
30391,-0.25,0.249098,-0.246912,2.96E-01,-0.270156,-0.00307496,1.10E+00,0,0,0,0,0
30401,-0.25,0.24683,-0.247553,2.96E-01,-0.270156,0.00218646,1.10E+00,0,0,0,0,0
30411,-0.25,0.244605,-0.24741,2.96E-01,-0.270156,-0.000722423,1.10E+00,0,0,0,0,0
30420,-0.25,0.244605,-0.246719,2.96E-01,-0.270156,-0.00280558,1.10E+00,0,0,0,0,0
30431,-0.25,0.24683,-0.246225,2.96E-01,-0.270156,-0.00211458,1.10E+00,0,0,0,0,0
30441,-0.25,0.249098,-0.246461,2.96E-01,-0.270156,0.000605106,1.10E+00,0,0,0,0,0
30451,-0.25,0.244605,-0.24723,2.96E-01,-0.270156,0.00263765,1.10E+00,0,0,0,0,0
30460,-0.25,0.24683,-0.24659,2.96E-01,-0.270156,-0.00262517,1.10E+00,0,0,0,0,0
30471,-0.25,0.244605,-0.246722,2.96E-01,-0.270156,0.000239909,1.10E+00,0,0,0,0,0
30481,-0.25,0.24683,-0.246227,2.96E-01,-0.270156,-0.00211726,1.10E+00,0,0,0,0,0
30491,-0.25,0.249098,-0.246462,2.96E-01,-0.270156,0.000603199,1.10E+00,0,0,0,0,0
30501,-0.25,0.24683,-0.247231,2.96E-01,-0.270156,0.0026363,1.10E+00,0,0,0,0,0
30511,-0.25,0.249098,-0.24718,2.96E-01,-0.270156,-0.000400692,1.10E+00,0,0,0,0,0
30521,-0.25,0.249098,-0.247744,2.96E-01,-0.270156,0.00191827,1.10E+00,0,0,0,0,0
30531,-0.25,0.24683,-0.248148,2.96E-01,-0.270156,0.00135401,1.10E+00,0,0,0,0,0
30541,-0.25,0.244605,-0.247836,2.96E-01,-0.270156,-0.00131783,1.10E+00,0,0,0,0,0
30551,-0.25,0.244605,-0.247024,2.96E-01,-0.270156,-0.00323144,1.10E+00,0,0,0,0,0
30561,-0.25,0.242421,-0.246443,2.96E-01,-0.270156,-0.00241917,1.10E+00,0,0,0,0,0
30571,-0.25,0.244605,-0.245449,2.96E-01,-0.270156,-0.00402209,1.10E+00,0,0,0,0,0
30581,-0.25,0.24683,-0.245317,2.96E-01,-0.270156,-0.000844508,1.10E+00,0,0,0,0,0
30590,-0.25,0.24683,-0.245811,2.96E-01,-0.270156,0.00151353,1.10E+00,0,0,0,0,0
30601,-0.25,0.249098,-0.246165,2.96E-01,-0.270156,0.00101915,1.10E+00,0,0,0,0,0
30611,-0.25,0.24683,-0.247018,2.96E-01,-0.270156,0.0029338,1.10E+00,0,0,0,0,0
30621,-0.25,0.249098,-0.247028,2.96E-01,-0.270156,-0.000187889,1.10E+00,0,0,0,0,0
30630,-0.25,0.253768,-0.247636,2.96E-01,-0.270156,0.00207047,1.10E+00,0,0,0,0,0
30641,-0.25,0.24683,-0.249306,2.96E-01,-0.270156,0.00613283,1.10E+00,0,0,0,0,0
30651,-0.25,0.249098,-0.248665,2.96E-01,-0.270156,-0.00247635,1.10E+00,0,0,0,0,0
30661,-0.25,0.24683,-0.248806,2.96E-01,-0.270156,0.000433654,1.10E+00,0,0,0,0,0
30670,-0.25,0.249098,-0.248307,2.96E-01,-0.270156,-0.00197612,1.10E+00,0,0,0,0,0
30681,-0.25,0.24683,-0.24855,2.96E-01,-0.270156,0.000791445,1.10E+00,0,0,0,0,0
30691,-0.25,0.24683,-0.248124,2.96E-01,-0.270156,-0.0017202,1.10E+00,0,0,0,0,0
30701,-0.25,0.24683,-0.247819,2.96E-01,-0.270156,-0.00129376,1.10E+00,0,0,0,0,0
30711,-0.25,0.249098,-0.247601,2.96E-01,-0.270156,-0.000988752,1.10E+00,0,0,0,0,0
30721,-0.25,0.256173,-0.248045,2.96E-01,-0.270156,0.00149766,1.10E+00,0,0,0,0,0
30731,-0.25,0.258625,-0.250236,2.96E-01,-0.270156,0.00812745,1.10E+00,0,0,0,0,0
30741,-0.25,0.258625,-0.252452,2.96E-01,-0.270156,0.008389,1.10E+00,0,0,0,0,0
30751,-0.25,0.258625,-0.254038,2.96E-01,-0.270156,0.00617269,1.10E+00,0,0,0,0,0
30760,-0.25,0.258625,-0.255171,2.96E-01,-0.270156,0.0045875,1.10E+00,0,0,0,0,0
30771,-0.25,0.258625,-0.255982,2.96E-01,-0.270156,0.0034537,1.10E+00,0,0,0,0,0
30781,-0.25,0.256173,-0.256562,2.96E-01,-0.270156,0.00264275,1.10E+00,0,0,0,0,0
30791,-0.25,0.256173,-0.256328,2.96E-01,-0.270156,-0.000389665,1.10E+00,0,0,0,0,0
30800,-0.25,0.256173,-0.25616,2.96E-01,-0.270156,-0.00015527,1.10E+00,0,0,0,0,0
30811,-0.25,0.258625,-0.25604,2.96E-01,-0.270156,1.24E+00,1.10E+00,0,0,0,0,0
30821,-0.25,0.256173,-0.256604,2.96E-01,-0.270156,0.00258473,1.10E+00,0,0,0,0,0
30831,-0.25,0.256173,-0.256358,2.96E-01,-0.270156,-0.00043118,1.10E+00,0,0,0,0,0
30840,-0.25,0.258625,-0.256182,2.96E-01,-0.270156,-0.000184923,1.10E+00,0,0,0,0,0
30851,-0.25,0.24683,-0.256705,2.96E-01,-0.270156,0.00244358,1.10E+00,0,0,0,0,0
30861,-0.25,0.256173,-0.253956,2.96E-01,-0.270156,-0.00987469,1.10E+00,0,0,0,0,0
30871,-0.25,0.253768,-0.254464,2.96E-01,-0.270156,0.00221628,1.10E+00,0,0,0,0,0
30881,-0.25,0.256173,-0.254191,2.96E-01,-0.270156,-0.000695676,1.10E+00,0,0,0,0,0
30891,-0.25,0.256173,-0.254632,2.96E-01,-0.270156,0.00198212,1.10E+00,0,0,0,0,0
30901,-0.25,0.258625,-0.254947,2.96E-01,-0.270156,0.00154117,1.10E+00,0,0,0,0,0
30911,-0.25,0.256173,-0.255822,2.96E-01,-0.270156,0.00367817,1.10E+00,0,0,0,0,0
30921,-0.25,0.258625,-0.255798,2.96E-01,-0.270156,0.000350922,1.10E+00,0,0,0,0,0
30930,-0.25,0.256173,-0.256431,2.96E-01,-0.270156,0.00282687,1.10E+00,0,0,0,0,0
30941,-0.25,0.256173,-0.256234,2.96E-01,-0.270156,-0.000257969,1.10E+00,0,0,0,0,0
30951,-0.25,0.258625,-0.256093,2.96E-01,-0.270156,-6.11E-01,1.10E+00,0,0,0,0,0
30961,-0.25,0.258625,-0.256641,2.96E-01,-0.270156,0.00253218,1.10E+00,0,0,0,0,0
30970,-0.25,0.249098,-0.257034,2.96E-01,-0.270156,0.00198364,1.10E+00,0,0,0,0,0
30981,-0.25,0.249098,-0.254792,2.96E-01,-0.270156,-0.00793539,1.10E+00,0,0,0,0,0
30991,-0.25,0.24683,-0.253189,2.96E-01,-0.270156,-0.00569378,1.10E+00,0,0,0,0,0
31001,-0.25,0.258625,-0.251442,2.96E-01,-0.270156,-0.00635873,1.10E+00,0,0,0,0,0
31010,-0.25,0.261127,-0.253315,2.96E-01,-0.270156,0.00718346,1.10E+00,0,0,0,0,0
31021,-0.25,0.256173,-0.255317,2.96E-01,-0.270156,0.00781241,1.10E+00,0,0,0,0,0
31031,-0.25,0.256173,-0.255437,2.96E-01,-0.270156,0.000855982,1.10E+00,0,0,0,0,0
31041,-0.25,0.24683,-0.255523,2.96E-01,-0.270156,0.0007357,1.10E+00,0,0,0,0,0
31051,-0.25,0.24683,-0.253111,2.96E-01,-0.270156,-0.00869288,1.10E+00,0,0,0,0,0
31060,-0.25,0.24683,-0.251386,2.96E-01,-0.270156,-0.00628097,1.10E+00,0,0,0,0,0
31071,-0.25,0.249098,-0.250152,2.96E-01,-0.270156,-0.00455584,1.10E+00,0,0,0,0,0
31081,-0.25,0.24683,-0.24987,2.96E-01,-0.270156,-0.00105371,1.10E+00,0,0,0,0,0
31091,-0.25,0.24683,-0.249068,2.96E-01,-0.270156,-0.00303994,1.10E+00,0,0,0,0,0
31100,-0.25,0.24683,-0.248494,2.96E-01,-0.270156,-0.00223771,1.10E+00,0,0,0,0,0
31111,-0.25,0.249098,-0.248084,2.96E-01,-0.270156,-0.00166391,1.10E+00,0,0,0,0,0
31121,-0.25,0.249098,-0.248391,2.96E-01,-0.270156,0.00101474,1.10E+00,0,0,0,0,0
31131,-0.25,0.249098,-0.24861,2.96E-01,-0.270156,0.00070776,1.10E+00,0,0,0,0,0
31140,-0.25,0.24683,-0.248767,2.96E-01,-0.270156,0.000488192,1.10E+00,0,0,0,0,0
31151,-0.25,0.244605,-0.248279,2.96E-01,-0.270156,-0.00193711,1.10E+00,0,0,0,0,0
31161,-0.25,0.244605,-0.247341,2.96E-01,-0.270156,-0.00367437,1.10E+00,0,0,0,0,0
31171,-0.25,0.249098,-0.24667,2.96E-01,-0.270156,-0.00273599,1.10E+00,0,0,0,0,0
31180,-0.25,0.249098,-0.247379,2.96E-01,-0.270156,0.0024289,1.10E+00,0,0,0,0,0
31191,-0.25,0.24683,-0.247887,2.96E-01,-0.270156,0.00171924,1.10E+00,0,0,0,0,0
31201,-0.25,0.24683,-0.247649,2.96E-01,-0.270156,-0.00105661,1.10E+00,0,0,0,0,0
31211,-0.25,0.24683,-0.247479,2.96E-01,-0.270156,-0.000819132,1.10E+00,0,0,0,0,0
31221,-0.25,0.249098,-0.247358,2.96E-01,-0.270156,-0.000649273,1.10E+00,0,0,0,0,0
31230,-0.25,0.244605,-0.247872,2.96E-01,-0.270156,0.00174047,1.10E+00,0,0,0,0,0
31241,-0.25,0.24683,-0.247049,2.96E-01,-0.270156,-0.00326689,1.10E+00,0,0,0,0,0
31251,-0.25,0.249098,-0.24705,2.96E-01,-0.270156,-0.000219077,1.10E+00,0,0,0,0,0
31261,-0.25,0.24683,-0.247651,2.96E-01,-0.270156,0.00204816,1.10E+00,0,0,0,0,0
31270,-0.25,0.24683,-0.247481,2.96E-01,-0.270156,-0.000821337,1.10E+00,0,0,0,0,0
31281,-0.25,0.249098,-0.247359,2.96E-01,-0.270156,-0.000650853,1.10E+00,0,0,0,0,0
31291,-0.25,0.24683,-0.247872,2.96E-01,-0.270156,0.00173934,1.10E+00,0,0,0,0,0
31301,-0.25,0.256173,-0.247639,2.96E-01,-0.270156,-0.00104223,1.10E+00,0,0,0,0,0
31310,-0.25,0.256173,-0.249946,2.96E-01,-0.270156,0.00853369,1.10E+00,0,0,0,0,0
31321,-0.25,0.244605,-0.251595,2.96E-01,-0.270156,0.00622714,1.10E+00,0,0,0,0,0
31331,-0.25,0.249098,-0.249713,2.96E-01,-0.270156,-0.00699063,1.10E+00,0,0,0,0,0
31341,-0.25,0.24683,-0.249556,2.96E-01,-0.270156,-0.000614226,1.10E+00,0,0,0,0,0
31350,-0.25,0.249098,-0.248843,2.96E-01,-0.270156,-0.0027256,1.10E+00,0,0,0,0,0
31361,-0.25,0.249098,-0.248934,2.96E-01,-0.270156,0.000255376,1.10E+00,0,0,0,0,0
31371,-0.25,0.256173,-0.248999,2.96E-01,-0.270156,0.000164628,1.10E+00,0,0,0,0,0
31381,-0.25,0.244605,-0.250918,2.96E-01,-0.270156,0.007174,1.10E+00,0,0,0,0,0
31391,-0.25,0.251411,-0.249228,2.96E-01,-0.270156,-0.00631334,1.10E+00,0,0,0,0,0
31400,-0.25,0.256173,-0.249821,2.96E-01,-0.270156,0.0021825,1.10E+00,0,0,0,0,0
31411,-0.25,0.256173,-0.251507,2.96E-01,-0.270156,0.00635123,1.10E+00,0,0,0,0,0
31421,-0.25,0.249098,-0.252712,2.96E-01,-0.270156,0.00466615,1.10E+00,0,0,0,0,0
31431,-0.25,0.249098,-0.251701,2.96E-01,-0.270156,-0.00361337,1.10E+00,0,0,0,0,0
31440,-0.25,0.249098,-0.250978,2.96E-01,-0.270156,-0.00260247,1.10E+00,0,0,0,0,0
31451,-0.25,0.24683,-0.250461,2.96E-01,-0.270156,-0.00187944,1.10E+00,0,0,0,0,0
31461,-0.25,0.244605,-0.24949,2.96E-01,-0.270156,-0.00363056,1.10E+00,0,0,0,0,0
31471,-0.25,0.249098,-0.248207,2.96E-01,-0.270156,-0.0048856,1.10E+00,0,0,0,0,0
31480,-0.25,0.249098,-0.248479,2.96E-01,-0.270156,0.000891387,1.10E+00,0,0,0,0,0
31491,-0.25,0.244605,-0.248673,2.96E-01,-0.270156,0.000619531,1.10E+00,0,0,0,0,0
31501,-0.25,0.249098,-0.247623,2.96E-01,-0.270156,-0.00406863,1.10E+00,0,0,0,0,0
31511,-0.25,0.244605,-0.248061,2.96E-01,-0.270156,0.00147574,1.10E+00,0,0,0,0,0
31521,-0.25,0.24683,-0.247185,2.96E-01,-0.270156,-0.00345623,1.10E+00,0,0,0,0,0
31531,-0.25,0.244605,-0.247147,2.96E-01,-0.270156,-0.000354514,1.10E+00,0,0,0,0,0
31541,-0.25,0.258625,-0.246531,2.96E-01,-0.270156,-0.00254242,1.10E+00,0,0,0,0,0
31551,-0.25,0.258625,-0.249802,2.96E-01,-0.270156,0.012094,1.10E+00,0,0,0,0,0
31561,-0.25,0.256173,-0.252142,2.96E-01,-0.270156,0.00882272,1.10E+00,0,0,0,0,0
31570,-0.25,0.24683,-0.253166,2.96E-01,-0.270156,0.00403053,1.10E+00,0,0,0,0,0
31581,-0.25,0.249098,-0.251426,2.96E-01,-0.270156,-0.00633626,1.10E+00,0,0,0,0,0
31591,-0.25,0.258625,-0.250781,2.96E-01,-0.270156,-0.00232713,1.10E+00,0,0,0,0,0
31601,-0.25,0.24683,-0.252842,2.96E-01,-0.270156,0.00784418,1.10E+00,0,0,0,0,0
31610,-0.25,0.242421,-0.251194,2.96E-01,-0.270156,-0.00601192,1.10E+00,0,0,0,0,0
31621,-0.25,0.24683,-0.248847,2.96E-01,-0.270156,-0.00877273,1.10E+00,0,0,0,0,0
31631,-0.25,0.249098,-0.248336,2.96E-01,-0.270156,-0.00201692,1.10E+00,0,0,0,0,0
31641,-0.25,0.249098,-0.248571,2.96E-01,-0.270156,0.000762254,1.10E+00,0,0,0,0,0
31650,-0.25,0.249098,-0.248739,2.96E-01,-0.270156,0.000527158,1.10E+00,0,0,0,0,0
31661,-0.25,0.249098,-0.24886,2.96E-01,-0.270156,0.000359014,1.10E+00,0,0,0,0,0
31671,-0.25,0.249098,-0.248946,2.96E-01,-0.270156,0.000238746,1.10E+00,0,0,0,0,0
31681,-0.25,0.24683,-0.249007,2.96E-01,-0.270156,0.000152737,1.10E+00,0,0,0,0,0
31691,-0.25,0.249098,-0.248451,2.96E-01,-0.270156,-0.00217704,1.10E+00,0,0,0,0,0
31700,-0.25,0.242421,-0.248653,2.96E-01,-0.270156,0.000647739,1.10E+00,0,0,0,0,0
31711,-0.25,0.249098,-0.24703,2.96E-01,-0.270156,-0.00623232,1.10E+00,0,0,0,0,0
31721,-0.25,0.249098,-0.247637,2.96E-01,-0.270156,0.00206834,1.10E+00,0,0,0,0,0
31731,-0.25,0.24683,-0.248071,2.96E-01,-0.270156,0.00146134,1.10E+00,0,0,0,0,0
31740,-0.25,0.24683,-0.247781,2.96E-01,-0.270156,-0.00124107,1.10E+00,0,0,0,0,0
31751,-0.25,0.256173,-0.247574,2.96E-01,-0.270156,-0.000951082,1.10E+00,0,0,0,0,0
31761,-0.25,0.256173,-0.249899,2.96E-01,-0.270156,0.00859888,1.10E+00,0,0,0,0,0
31771,-0.25,0.261127,-0.251562,2.96E-01,-0.270156,0.00627378,1.10E+00,0,0,0,0,0
31780,-0.25,0.244605,-0.254063,2.96E-01,-0.270156,0.00956514,1.10E+00,0,0,0,0,0
31791,-0.25,0.24683,-0.251478,2.96E-01,-0.270156,-0.00945838,1.10E+00,0,0,0,0,0
31801,-0.25,0.242421,-0.250218,2.96E-01,-0.270156,-0.00464751,1.10E+00,0,0,0,0,0
31811,-0.25,0.256173,-0.248149,2.96E-01,-0.270156,-0.00779685,1.10E+00,0,0,0,0,0
31820,-0.25,0.256173,-0.25031,2.96E-01,-0.270156,0.0080236,1.10E+00,0,0,0,0,0
31831,-0.25,0.249098,-0.251856,2.96E-01,-0.270156,0.00586233,1.10E+00,0,0,0,0,0
31841,-0.25,0.24683,-0.251089,2.96E-01,-0.270156,-0.00275783,1.10E+00,0,0,0,0,0
31851,-0.25,0.249098,-0.24994,2.96E-01,-0.270156,-0.0042588,1.10E+00,0,0,0,0,0
31861,-0.25,0.24683,-0.249718,2.96E-01,-0.270156,-0.000841245,1.10E+00,0,0,0,0,0
31870,-0.25,0.24683,-0.248959,2.96E-01,-0.270156,-0.00288798,1.10E+00,0,0,0,0,0
31881,-0.25,0.249098,-0.248416,2.96E-01,-0.270156,-0.002129,1.10E+00,0,0,0,0,0
31891,-0.25,0.244605,-0.248629,2.96E-01,-0.270156,0.000682101,1.10E+00,0,0,0,0,0
31901,-0.25,0.24683,-0.247591,2.96E-01,-0.270156,-0.00402386,1.10E+00,0,0,0,0,0
31910,-0.25,0.244605,-0.247438,2.96E-01,-0.270156,-0.000760511,1.10E+00,0,0,0,0,0
31921,-0.25,0.249098,-0.246739,2.96E-01,-0.270156,-0.00283282,1.10E+00,0,0,0,0,0
31931,-0.25,0.249098,-0.247429,2.96E-01,-0.270156,0.00235964,1.10E+00,0,0,0,0,0
31941,-0.25,0.249098,-0.247922,2.96E-01,-0.270156,0.00166969,1.10E+00,0,0,0,0,0
31950,-0.25,0.24683,-0.248275,2.96E-01,-0.270156,0.00117621,1.10E+00,0,0,0,0,0
31961,-0.25,0.249098,-0.247927,2.96E-01,-0.270156,-0.00144501,1.10E+00,0,0,0,0,0
31971,-0.25,0.24683,-0.248279,2.96E-01,-0.270156,0.00117132,1.10E+00,0,0,0,0,0
31981,-0.25,0.249098,-0.24793,2.96E-01,-0.270156,-0.0014485,1.10E+00,0,0,0,0,0
31990,-0.25,0.249098,-0.24828,2.96E-01,-0.270156,0.00116882,1.10E+00,0,0,0,0,0
32001,-0.25,0.249098,-0.248531,2.96E-01,-0.270156,0.000817955,1.10E+00,0,0,0,0,0
32011,-0.25,0.249098,-0.248711,2.96E-01,-0.270156,0.000567019,1.10E+00,0,0,0,0,0
32021,-0.25,0.249098,-0.248839,2.96E-01,-0.270156,0.00038752,1.10E+00,0,0,0,0,0
32031,-0.25,0.24683,-0.248931,2.96E-01,-0.270156,0.000259131,1.10E+00,0,0,0,0,0
32040,-0.25,0.244605,-0.248396,2.96E-01,-0.270156,-0.00210094,1.10E+00,0,0,0,0,0
32051,-0.25,0.249098,-0.247424,2.96E-01,-0.270156,-0.00379154,1.10E+00,0,0,0,0,0
32061,-0.25,0.244605,-0.247919,2.96E-01,-0.270156,0.00167392,1.10E+00,0,0,0,0,0
32071,-0.25,0.251411,-0.247083,2.96E-01,-0.270156,-0.00331448,1.10E+00,0,0,0,0,0
32080,-0.25,0.249098,-0.248287,2.96E-01,-0.270156,0.00432742,1.10E+00,0,0,0,0,0
32091,-0.25,0.249098,-0.248536,2.96E-01,-0.270156,0.000811085,1.10E+00,0,0,0,0,0
32101,-0.25,0.249098,-0.248714,2.96E-01,-0.270156,0.000562087,1.10E+00,0,0,0,0,0
32111,-0.25,0.24683,-0.248842,2.96E-01,-0.270156,0.000383988,1.10E+00,0,0,0,0,0
32120,-0.25,0.24683,-0.248332,2.96E-01,-0.270156,-0.00201164,1.10E+00,0,0,0,0,0
32131,-0.25,0.244605,-0.247968,2.96E-01,-0.270156,-0.00150222,1.10E+00,0,0,0,0,0
32141,-0.25,0.24683,-0.247118,2.96E-01,-0.270156,-0.00336331,1.10E+00,0,0,0,0,0
32151,-0.25,0.249098,-0.2471,2.96E-01,-0.270156,-0.000288054,1.10E+00,0,0,0,0,0
32161,-0.25,0.253768,-0.247687,2.96E-01,-0.270156,0.00199883,1.10E+00,0,0,0,0,0
32171,-0.25,0.249098,-0.249343,2.96E-01,-0.270156,0.00608158,1.10E+00,0,0,0,0,0
32181,-0.25,0.244605,-0.249291,2.96E-01,-0.270156,-0.000244752,1.10E+00,0,0,0,0,0
32191,-0.25,0.249098,-0.248065,2.96E-01,-0.270156,-0.0046868,1.10E+00,0,0,0,0,0
32201,-0.25,0.24683,-0.248377,2.96E-01,-0.270156,0.00103359,1.10E+00,0,0,0,0,0
32210,-0.25,0.24683,-0.248,2.96E-01,-0.270156,-0.00154702,1.10E+00,0,0,0,0,0
32221,-0.25,0.24683,-0.24773,2.96E-01,-0.270156,-0.00116991,1.10E+00,0,0,0,0,0
32231,-0.25,0.244605,-0.247537,2.96E-01,-0.270156,-0.000900164,1.10E+00,0,0,0,0,0
32241,-0.25,0.249098,-0.24681,2.96E-01,-0.270156,-0.0029327,1.10E+00,0,0,0,0,0
32250,-0.25,0.253768,-0.24748,2.96E-01,-0.270156,0.00228819,1.10E+00,0,0,0,0,0
32261,-0.25,0.258625,-0.249195,2.96E-01,-0.270156,0.00628853,1.10E+00,0,0,0,0,0
32271,-0.25,0.253768,-0.251708,2.96E-01,-0.270156,0.00942996,1.10E+00,0,0,0,0,0
32281,-0.25,0.244605,-0.252219,2.96E-01,-0.270156,0.0020605,1.10E+00,0,0,0,0,0
32290,-0.25,0.244605,-0.250159,2.96E-01,-0.270156,-0.00761451,1.10E+00,0,0,0,0,0
32301,-0.25,0.256173,-0.248685,2.96E-01,-0.270156,-0.00555415,1.10E+00,0,0,0,0,0
32311,-0.25,0.256173,-0.250694,2.96E-01,-0.270156,0.00748749,1.10E+00,0,0,0,0,0
32321,-0.25,0.24683,-0.252131,2.96E-01,-0.270156,0.00547886,1.10E+00,0,0,0,0,0
32331,-0.25,0.24683,-0.250685,2.96E-01,-0.270156,-0.00530036,1.10E+00,0,0,0,0,0
32340,-0.25,0.24683,-0.24965,2.96E-01,-0.270156,-0.00385447,1.10E+00,0,0,0,0,0
32351,-0.25,0.256173,-0.248911,2.96E-01,-0.270156,-0.0028203,1.10E+00,0,0,0,0,0
32361,-0.25,0.256173,-0.250855,2.96E-01,-0.270156,0.00726193,1.10E+00,0,0,0,0,0
32371,-0.25,0.261127,-0.252246,2.96E-01,-0.270156,0.00531754,1.10E+00,0,0,0,0,0
32380,-0.25,0.256173,-0.254552,2.96E-01,-0.270156,0.00888118,1.10E+00,0,0,0,0,0
32391,-0.25,0.256173,-0.25489,2.96E-01,-0.270156,0.00162041,1.10E+00,0,0,0,0,0
32401,-0.25,0.256173,-0.255132,2.96E-01,-0.270156,0.00128245,1.10E+00,0,0,0,0,0
32411,-0.25,0.24683,-0.255305,2.96E-01,-0.270156,0.00104073,1.10E+00,0,0,0,0,0
32420,-0.25,0.24683,-0.252955,2.96E-01,-0.270156,-0.00847469,1.10E+00,0,0,0,0,0
32431,-0.25,0.249098,-0.251274,2.96E-01,-0.270156,-0.00612487,1.10E+00,0,0,0,0,0
32441,-0.25,0.244605,-0.250673,2.96E-01,-0.270156,-0.00217591,1.10E+00,0,0,0,0,0
32451,-0.25,0.249098,-0.249053,2.96E-01,-0.270156,-0.00606804,1.10E+00,0,0,0,0,0
32460,-0.25,0.256173,-0.249084,2.96E-01,-0.270156,4.57E+00,1.10E+00,0,0,0,0,0
32471,-0.25,0.24683,-0.250979,2.96E-01,-0.270156,0.00708891,1.10E+00,0,0,0,0,0
32481,-0.25,0.24683,-0.249861,2.96E-01,-0.270156,-0.00414877,1.10E+00,0,0,0,0,0
32491,-0.25,0.24683,-0.249061,2.96E-01,-0.270156,-0.00303078,1.10E+00,0,0,0,0,0
32501,-0.25,0.256173,-0.248489,2.96E-01,-0.270156,-0.00223115,1.10E+00,0,0,0,0,0
32510,-0.25,0.253768,-0.250554,2.96E-01,-0.270156,0.00768331,1.10E+00,0,0,0,0,0
32521,-0.25,0.24683,-0.251394,2.96E-01,-0.270156,0.00321457,1.10E+00,0,0,0,0,0
32531,-0.25,0.249098,-0.250158,2.96E-01,-0.270156,-0.00456364,1.10E+00,0,0,0,0,0
32541,-0.25,0.249098,-0.249874,2.96E-01,-0.270156,-0.00105928,1.10E+00,0,0,0,0,0
32550,-0.25,0.249098,-0.249671,2.96E-01,-0.270156,-0.000775665,1.10E+00,0,0,0,0,0
32561,-0.25,0.24683,-0.249526,2.96E-01,-0.270156,-0.000572816,1.10E+00,0,0,0,0,0
32571,-0.25,0.258625,-0.248822,2.96E-01,-0.270156,-0.00269599,1.10E+00,0,0,0,0,0
32581,-0.25,0.258625,-0.251441,2.96E-01,-0.270156,0.00980324,1.10E+00,0,0,0,0,0
32590,-0.25,0.251411,-0.253314,2.96E-01,-0.270156,0.00718424,1.10E+00,0,0,0,0,0
32601,-0.25,0.253768,-0.252744,2.96E-01,-0.270156,-0.00190341,1.10E+00,0,0,0,0,0
32611,-0.25,0.258625,-0.25296,2.96E-01,-0.270156,0.00102445,1.10E+00,0,0,0,0,0
32621,-0.25,0.258625,-0.254401,2.96E-01,-0.270156,0.00566483,1.10E+00,0,0,0,0,0
32630,-0.25,0.24683,-0.255431,2.96E-01,-0.270156,0.00422427,1.10E+00,0,0,0,0,0
32641,-0.25,0.24683,-0.253045,2.96E-01,-0.270156,-0.00860105,1.10E+00,0,0,0,0,0
32651,-0.25,0.256173,-0.251339,2.96E-01,-0.270156,-0.00621529,1.10E+00,0,0,0,0,0
32661,-0.25,0.256173,-0.252592,2.96E-01,-0.270156,0.00483367,1.10E+00,0,0,0,0,0
32671,-0.25,0.261127,-0.253488,2.96E-01,-0.270156,0.00358072,1.10E+00,0,0,0,0,0
32680,-0.25,0.253768,-0.255441,2.96E-01,-0.270156,0.00763893,1.10E+00,0,0,0,0,0
32691,-0.25,0.256173,-0.254889,2.96E-01,-0.270156,-0.00167242,1.10E+00,0,0,0,0,0
32701,-0.25,0.256173,-0.255131,2.96E-01,-0.270156,0.0012835,1.10E+00,0,0,0,0,0
32711,-0.25,0.258625,-0.255304,2.96E-01,-0.270156,0.00104147,1.10E+00,0,0,0,0,0
32720,-0.25,0.258625,-0.256077,2.96E-01,-0.270156,0.00332075,1.10E+00,0,0,0,0,0
32731,-0.25,0.249098,-0.25663,2.96E-01,-0.270156,0.00254768,1.10E+00,0,0,0,0,0
32741,-0.25,0.258625,-0.254504,2.96E-01,-0.270156,-0.00753199,1.10E+00,0,0,0,0,0
32751,-0.25,0.258625,-0.255505,2.96E-01,-0.270156,0.00412142,1.10E+00,0,0,0,0,0
32761,-0.25,0.256173,-0.256221,2.96E-01,-0.270156,0.00312036,1.10E+00,0,0,0,0,0
32771,-0.25,0.256173,-0.256084,2.96E-01,-0.270156,-4.81E+00,1.10E+00,0,0,0,0,0
32781,-0.25,0.256173,-0.255985,2.96E-01,-0.270156,8.91E+00,1.10E+00,0,0,0,0,0
32791,-0.25,0.24683,-0.255915,2.96E-01,-0.270156,0.000187188,1.10E+00,0,0,0,0,0
32801,-0.25,0.249098,-0.253392,2.96E-01,-0.270156,-0.00908519,1.10E+00,0,0,0,0,0
32811,-0.25,0.24683,-0.252187,2.96E-01,-0.270156,-0.00429328,1.10E+00,0,0,0,0,0
32821,-0.25,0.258625,-0.250725,2.96E-01,-0.270156,-0.00535704,1.10E+00,0,0,0,0,0
32831,-0.25,0.258625,-0.252802,2.96E-01,-0.270156,0.00789994,1.10E+00,0,0,0,0,0
32841,-0.25,0.249098,-0.254288,2.96E-01,-0.270156,0.00582293,1.10E+00,0,0,0,0,0
32850,-0.25,0.249098,-0.252828,2.96E-01,-0.270156,-0.00518934,1.10E+00,0,0,0,0,0
32861,-0.25,0.249098,-0.251784,2.96E-01,-0.270156,-0.00372969,1.10E+00,0,0,0,0,0
32871,-0.25,0.244605,-0.251037,2.96E-01,-0.270156,-0.00268568,1.10E+00,0,0,0,0,0
32881,-0.25,0.24683,-0.249314,2.96E-01,-0.270156,-0.00643267,1.10E+00,0,0,0,0,0
32890,-0.25,0.244605,-0.24867,2.96E-01,-0.270156,-0.0024834,1.10E+00,0,0,0,0,0
32901,-0.25,0.258625,-0.24762,2.96E-01,-0.270156,-0.0040651,1.10E+00,0,0,0,0,0
32911,-0.25,0.256173,-0.250581,2.96E-01,-0.270156,0.011005,1.10E+00,0,0,0,0,0
32921,-0.25,0.249098,-0.25205,2.96E-01,-0.270156,0.00559136,1.10E+00,0,0,0,0,0
32930,-0.25,0.249098,-0.251228,2.96E-01,-0.270156,-0.00295161,1.10E+00,0,0,0,0,0
32941,-0.25,0.249098,-0.250639,2.96E-01,-0.270156,-0.00212915,1.10E+00,0,0,0,0,0
32951,-0.25,0.24683,-0.250219,2.96E-01,-0.270156,-0.00154088,1.10E+00,0,0,0,0,0
32961,-0.25,0.242421,-0.249317,2.96E-01,-0.270156,-0.00338839,1.10E+00,0,0,0,0,0
32971,-0.25,0.24683,-0.247505,2.96E-01,-0.270156,-0.00689626,1.10E+00,0,0,0,0,0
32980,-0.25,0.24683,-0.247376,2.96E-01,-0.270156,-0.000674784,1.10E+00,0,0,0,0,0
32991,-0.25,0.24683,-0.247284,2.96E-01,-0.270156,-0.000546023,1.10E+00,0,0,0,0,0
33001,-0.25,0.24683,-0.247218,2.96E-01,-0.270156,-0.000453949,1.10E+00,0,0,0,0,0
33011,-0.25,0.24683,-0.247171,2.96E-01,-0.270156,-0.000388086,1.10E+00,0,0,0,0,0
33020,-0.25,0.24683,-0.247137,2.96E-01,-0.270156,-0.000340968,1.10E+00,0,0,0,0,0
33031,-0.25,0.249098,-0.247113,2.96E-01,-0.270156,-0.000307277,1.10E+00,0,0,0,0,0
33041,-0.25,0.24683,-0.247697,2.96E-01,-0.270156,0.00198509,1.10E+00,0,0,0,0,0
33051,-0.25,0.251411,-0.247513,2.96E-01,-0.270156,-0.000866458,1.10E+00,0,0,0,0,0
33060,-0.25,0.249098,-0.248595,2.96E-01,-0.270156,0.00389741,1.10E+00,0,0,0,0,0
33071,-0.25,0.242421,-0.248756,2.96E-01,-0.270156,0.00050354,1.10E+00,0,0,0,0,0
33081,-0.25,0.249098,-0.247104,2.96E-01,-0.270156,-0.00633545,1.10E+00,0,0,0,0,0
33091,-0.25,0.249098,-0.24769,2.96E-01,-0.270156,0.00199458,1.10E+00,0,0,0,0,0
33100,-0.25,0.249098,-0.248109,2.96E-01,-0.270156,0.00140859,1.10E+00,0,0,0,0,0
33111,-0.25,0.24683,-0.248409,2.96E-01,-0.270156,0.000989452,1.10E+00,0,0,0,0,0
33121,-0.25,0.249098,-0.248023,2.96E-01,-0.270156,-0.00157858,1.10E+00,0,0,0,0,0
33131,-0.25,0.251411,-0.248347,2.96E-01,-0.270156,0.00107579,1.10E+00,0,0,0,0,0
33141,-0.25,0.249098,-0.249191,2.96E-01,-0.270156,0.00306371,1.10E+00,0,0,0,0,0
33150,-0.25,0.24683,-0.249183,2.96E-01,-0.270156,-9.28E+00,1.10E+00,0,0,0,0,0
33161,-0.25,0.249098,-0.248576,2.96E-01,-0.270156,-0.00235264,1.10E+00,0,0,0,0,0
33171,-0.25,0.258625,-0.248743,2.96E-01,-0.270156,0.000522137,1.10E+00,0,0,0,0,0
33181,-0.25,0.258625,-0.251384,2.96E-01,-0.270156,0.00988211,1.10E+00,0,0,0,0,0
33190,-0.25,0.251411,-0.253274,2.96E-01,-0.270156,0.00724065,1.10E+00,0,0,0,0,0
33201,-0.25,0.24683,-0.252715,2.96E-01,-0.270156,-0.00186303,1.10E+00,0,0,0,0,0
33211,-0.25,0.249098,-0.251103,2.96E-01,-0.270156,-0.00588487,1.10E+00,0,0,0,0,0
33221,-0.25,0.24683,-0.25055,2.96E-01,-0.270156,-0.00200428,1.10E+00,0,0,0,0,0
33230,-0.25,0.24683,-0.249554,2.96E-01,-0.270156,-0.00371982,1.10E+00,0,0,0,0,0
33241,-0.25,0.249098,-0.248842,2.96E-01,-0.270156,-0.00272399,1.10E+00,0,0,0,0,0
33251,-0.25,0.24683,-0.248933,2.96E-01,-0.270156,0.000256538,1.10E+00,0,0,0,0,0
33261,-0.25,0.24683,-0.248398,2.96E-01,-0.270156,-0.00210279,1.10E+00,0,0,0,0,0
33270,-0.25,0.244605,-0.248015,2.96E-01,-0.270156,-0.00156742,1.10E+00,0,0,0,0,0
33281,-0.25,0.256173,-0.247152,2.96E-01,-0.270156,-0.00340995,1.10E+00,0,0,0,0,0
33291,-0.25,0.24683,-0.249597,2.96E-01,-0.270156,0.00902113,1.10E+00,0,0,0,0,0
33301,-0.25,0.249098,-0.248872,2.96E-01,-0.270156,-0.00276674,1.10E+00,0,0,0,0,0
33311,-0.25,0.24683,-0.248955,2.96E-01,-0.270156,0.000225961,1.10E+00,0,0,0,0,0
33320,-0.25,0.24683,-0.248413,2.96E-01,-0.270156,-0.00212467,1.10E+00,0,0,0,0,0
33331,-0.25,0.244605,-0.248026,2.96E-01,-0.270156,-0.00158305,1.10E+00,0,0,0,0,0
33341,-0.25,0.249098,-0.24716,2.96E-01,-0.270156,-0.00342113,1.10E+00,0,0,0,0,0
33351,-0.25,0.251411,-0.24773,2.96E-01,-0.270156,0.00193886,1.10E+00,0,0,0,0,0
33360,-0.25,0.249098,-0.24875,2.96E-01,-0.270156,0.00368103,1.10E+00,0,0,0,0,0
33371,-0.25,0.256173,-0.248867,2.96E-01,-0.270156,0.000348777,1.10E+00,0,0,0,0,0
33381,-0.25,0.258625,-0.250824,2.96E-01,-0.270156,0.00730571,1.10E+00,0,0,0,0,0
33391,-0.25,0.253768,-0.252873,2.96E-01,-0.270156,0.00780123,1.10E+00,0,0,0,0,0
33400,-0.25,0.244605,-0.253052,2.96E-01,-0.270156,0.00089556,1.10E+00,0,0,0,0,0
33411,-0.25,0.249098,-0.250755,2.96E-01,-0.270156,-0.00844775,1.10E+00,0,0,0,0,0
33421,-0.25,0.24683,-0.250301,2.96E-01,-0.270156,-0.00165643,1.10E+00,0,0,0,0,0
33431,-0.25,0.249098,-0.249376,2.96E-01,-0.270156,-0.00347106,1.10E+00,0,0,0,0,0
33440,-0.25,0.24683,-0.249315,2.96E-01,-0.270156,-0.000277802,1.10E+00,0,0,0,0,0
33451,-0.25,0.24683,-0.248671,2.96E-01,-0.270156,-0.00248498,1.10E+00,0,0,0,0,0
33461,-0.25,0.24683,-0.24821,2.96E-01,-0.270156,-0.00184077,1.10E+00,0,0,0,0,0
33471,-0.25,0.244605,-0.247881,2.96E-01,-0.270156,-0.00138,1.10E+00,0,0,0,0,0
33481,-0.25,0.24683,-0.247056,2.96E-01,-0.270156,-0.0032759,1.10E+00,0,0,0,0,0
33490,-0.25,0.249098,-0.247055,2.96E-01,-0.270156,-0.000225514,1.10E+00,0,0,0,0,0
33501,-0.25,0.256173,-0.247655,2.96E-01,-0.270156,0.00204356,1.10E+00,0,0,0,0,0
33511,-0.25,0.258625,-0.249957,2.96E-01,-0.270156,0.00851791,1.10E+00,0,0,0,0,0
33521,-0.25,0.24683,-0.252253,2.96E-01,-0.270156,0.00866826,1.10E+00,0,0,0,0,0
33530,-0.25,0.24683,-0.250772,2.96E-01,-0.270156,-0.00542249,1.10E+00,0,0,0,0,0
33541,-0.25,0.24683,-0.249713,2.96E-01,-0.270156,-0.00394179,1.10E+00,0,0,0,0,0
33551,-0.25,0.24683,-0.248955,2.96E-01,-0.270156,-0.00288275,1.10E+00,0,0,0,0,0
33561,-0.25,0.24683,-0.248414,2.96E-01,-0.270156,-0.00212528,1.10E+00,0,0,0,0,0
33570,-0.25,0.242421,-0.248026,2.96E-01,-0.270156,-0.0015835,1.10E+00,0,0,0,0,0
33581,-0.25,0.249098,-0.246582,2.96E-01,-0.270156,-0.00560531,1.10E+00,0,0,0,0,0
33591,-0.25,0.24683,-0.247316,2.96E-01,-0.270156,0.00251682,1.10E+00,0,0,0,0,0
33601,-0.25,0.249098,-0.247241,2.96E-01,-0.270156,-0.00048615,1.10E+00,0,0,0,0,0
33611,-0.25,0.258625,-0.247788,2.96E-01,-0.270156,0.00185715,1.10E+00,0,0,0,0,0
33620,-0.25,0.253768,-0.250701,2.96E-01,-0.270156,0.010837,1.10E+00,0,0,0,0,0
33631,-0.25,0.249098,-0.251499,2.96E-01,-0.270156,0.00306687,1.10E+00,0,0,0,0,0
33641,-0.25,0.244605,-0.250834,2.96E-01,-0.270156,-0.00240101,1.10E+00,0,0,0,0,0
33651,-0.25,0.24683,-0.249168,2.96E-01,-0.270156,-0.00622906,1.10E+00,0,0,0,0,0
33660,-0.25,0.242421,-0.248566,2.96E-01,-0.270156,-0.00233777,1.10E+00,0,0,0,0,0
33671,-0.25,0.24683,-0.246967,2.96E-01,-0.270156,-0.00614481,1.10E+00,0,0,0,0,0
33681,-0.25,0.249098,-0.246992,2.96E-01,-0.270156,-0.000137299,1.10E+00,0,0,0,0,0
33691,-0.25,0.244605,-0.24761,2.96E-01,-0.270156,0.00210665,1.10E+00,0,0,0,0,0
33700,-0.25,0.249098,-0.246862,2.96E-01,-0.270156,-0.00300497,1.10E+00,0,0,0,0,0
33711,-0.25,0.244605,-0.247517,2.96E-01,-0.270156,0.00223652,1.10E+00,0,0,0,0,0
33721,-0.25,0.249098,-0.246795,2.96E-01,-0.270156,-0.00291209,1.10E+00,0,0,0,0,0
33731,-0.25,0.249098,-0.247469,2.96E-01,-0.270156,0.00230294,1.10E+00,0,0,0,0,0
33741,-0.25,0.249098,-0.247951,2.96E-01,-0.270156,0.00162914,1.10E+00,0,0,0,0,0
33751,-0.25,0.249098,-0.248296,2.96E-01,-0.270156,0.00114721,1.10E+00,0,0,0,0,0
33761,-0.25,0.249098,-0.248542,2.96E-01,-0.270156,0.000802502,1.10E+00,0,0,0,0,0
33771,-0.25,0.253768,-0.248719,2.96E-01,-0.270156,0.000555962,1.10E+00,0,0,0,0,0
33781,-0.25,0.24683,-0.250081,2.96E-01,-0.270156,0.00504956,1.10E+00,0,0,0,0,0
33790,-0.25,0.24683,-0.249219,2.96E-01,-0.270156,-0.00325115,1.10E+00,0,0,0,0,0
33801,-0.25,0.258625,-0.248602,2.96E-01,-0.270156,-0.00238878,1.10E+00,0,0,0,0,0
33811,-0.25,0.256173,-0.251284,2.96E-01,-0.270156,0.010023,1.10E+00,0,0,0,0,0
33821,-0.25,0.24683,-0.252552,2.96E-01,-0.270156,0.00488898,1.10E+00,0,0,0,0,0
33830,-0.25,0.24683,-0.250986,2.96E-01,-0.270156,-0.00572224,1.10E+00,0,0,0,0,0
33841,-0.25,0.249098,-0.249866,2.96E-01,-0.270156,-0.00415622,1.10E+00,0,0,0,0,0
33851,-0.25,0.24683,-0.249666,2.96E-01,-0.270156,-0.000767857,1.10E+00,0,0,0,0,0
33861,-0.25,0.244605,-0.248922,2.96E-01,-0.270156,-0.0028355,1.10E+00,0,0,0,0,0
33870,-0.25,0.244605,-0.2478,2.96E-01,-0.270156,-0.00431694,1.10E+00,0,0,0,0,0
33881,-0.25,0.24683,-0.246998,2.96E-01,-0.270156,-0.00319558,1.10E+00,0,0,0,0,0
33891,-0.25,0.24683,-0.247014,2.96E-01,-0.270156,-0.00016807,1.10E+00,0,0,0,0,0
33901,-0.25,0.24683,-0.247025,2.96E-01,-0.270156,-0.000183612,1.10E+00,0,0,0,0,0
33911,-0.25,0.24683,-0.247033,2.96E-01,-0.270156,-0.000194728,1.10E+00,0,0,0,0,0
33921,-0.25,0.24683,-0.247039,2.96E-01,-0.270156,-0.000202686,1.10E+00,0,0,0,0,0
33931,-0.25,0.258625,-0.247043,2.96E-01,-0.270156,-0.000208363,1.10E+00,0,0,0,0,0
33941,-0.25,0.24683,-0.250168,2.96E-01,-0.270156,0.0115825,1.10E+00,0,0,0,0,0
33951,-0.25,0.249098,-0.249281,2.96E-01,-0.270156,-0.00333808,1.10E+00,0,0,0,0,0
33960,-0.25,0.24683,-0.249247,2.96E-01,-0.270156,-0.000182703,1.10E+00,0,0,0,0,0
33971,-0.25,0.258625,-0.248622,2.96E-01,-0.270156,-0.00241697,1.10E+00,0,0,0,0,0
33981,-0.25,0.258625,-0.251298,2.96E-01,-0.270156,0.0100028,1.10E+00,0,0,0,0,0
