QGPIORecord, QRC v6.1.0, 14-12-2023 @ 12:59:56, Windows 10 Version 2009, 10.0.22621, x86_64
Time, ValueIn0, ValueIn1, ValueIn2, ValueIn3, ValueIn4, ValueIn5, ValueIn6, ValueIn7, ValueIn8, ValueIn9, ValueIn10, ValueIn11
427270, 0.249098, 0, 0, 0, 0, 0, 0, 0, 0, 0, 0, 0
427281, 0.251411, 0, 0, 0, 0, 0, 0, 0, 0, 0, 0, 0
427290, 0.251411, 0, 0, 0, 0, 0, 0, 0, 0, 0, 0, 0
427300, 0.251411, 0, 0, 0, 0, 0, 0, 0, 0, 0, 0, 0
427310, 0.251411, 0, 0, 0, 0, 0, 0, 0, 0, 0, 0, 0
427320, 0.240277, 0, 0, 0, 0, 0, 0, 0, 0, 0, 0, 0
427330, 0.249098, 0, 0, 0, 0, 0, 0, 0, 0, 0, 0, 0
427340, 0.251411, 0, 0, 0, 0, 0, 0, 0, 0, 0, 0, 0
427351, 0.242421, 0, 0, 0, 0, 0, 0, 0, 0, 0, 0, 0
427360, 0.251411, 0, 0, 0, 0, 0, 0, 0, 0, 0, 0, 0
427370, 0.244605, 0, 0, 0, 0, 0, 0, 0, 0, 0, 0, 0
427380, 0.240277, 0, 0, 0, 0, 0, 0, 0, 0, 0, 0, 0
427390, 0.242421, 0, 0, 0, 0, 0, 0, 0, 0, 0, 0, 0
427400, 0.240277, 0, 0, 0, 0, 0, 0, 0, 0, 0, 0, 0
427410, 0.240277, 0, 0, 0, 0, 0, 0, 0, 0, 0, 0, 0
427420, 0.242421, 0, 0, 0, 0, 0, 0, 0, 0, 0, 0, 0
427430, 0.251411, 0, 0, 0, 0, 0, 0, 0, 0, 0, 0, 0
427440, 0.240277, 0, 0, 0, 0, 0, 0, 0, 0, 0, 0, 0
427450, 0.236107, 0, 0, 0, 0, 0, 0, 0, 0, 0, 0, 0
427460, 0.249098, 0, 0, 0, 0, 0, 0, 0, 0, 0, 0, 0
427470, 0.240277, 0, 0, 0, 0, 0, 0, 0, 0, 0, 0, 0
427481, 0.240277, 0, 0, 0, 0, 0, 0, 0, 0, 0, 0, 0
427490, 0.24683, 0, 0, 0, 0, 0, 0, 0, 0, 0, 0, 0
427500, 0.251411, 0, 0, 0, 0, 0, 0, 0, 0, 0, 0, 0
427510, 0.240277, 0, 0, 0, 0, 0, 0, 0, 0, 0, 0, 0
427521, 0.249098, 0, 0, 0, 0, 0, 0, 0, 0, 0, 0, 0
427530, 0.253768, 0, 0, 0, 0, 0, 0, 0, 0, 0, 0, 0
427540, 0.242421, 0, 0, 0, 0, 0, 0, 0, 0, 0, 0, 0
427550, 0.24683, 0, 0, 0, 0, 0, 0, 0, 0, 0, 0, 0
427560, 0.251411, 0, 0, 0, 0, 0, 0, 0, 0, 0, 0, 0
427570, 0.240277, 0, 0, 0, 0, 0, 0, 0, 0, 0, 0, 0
427580, 0.238173, 0, 0, 0, 0, 0, 0, 0, 0, 0, 0, 0
427590, 0.240277, 0, 0, 0, 0, 0, 0, 0, 0, 0, 0, 0
427600, 0.251411, 0, 0, 0, 0, 0, 0, 0, 0, 0, 0, 0
427610, 0.251411, 0, 0, 0, 0, 0, 0, 0, 0, 0, 0, 0
427620, 0.240277, 0, 0, 0, 0, 0, 0, 0, 0, 0, 0, 0
427630, 0.249098, 0, 0, 0, 0, 0, 0, 0, 0, 0, 0, 0
427640, 0.249098, 0, 0, 0, 0, 0, 0, 0, 0, 0, 0, 0
427651, 0.249098, 0, 0, 0, 0, 0, 0, 0, 0, 0, 0, 0
427660, 0.251411, 0, 0, 0, 0, 0, 0, 0, 0, 0, 0, 0
427670, 0.242421, 0, 0, 0, 0, 0, 0, 0, 0, 0, 0, 0
427680, 0.242421, 0, 0, 0, 0, 0, 0, 0, 0, 0, 0, 0
427691, 0.240277, 0, 0, 0, 0, 0, 0, 0, 0, 0, 0, 0
427700, 0.249098, 0, 0, 0, 0, 0, 0, 0, 0, 0, 0, 0
427710, 0.251411, 0, 0, 0, 0, 0, 0, 0, 0, 0, 0, 0
427720, 0.251411, 0, 0, 0, 0, 0, 0, 0, 0, 0, 0, 0
427730, 0.249098, 0, 0, 0, 0, 0, 0, 0, 0, 0, 0, 0
427740, 0.24683, 0, 0, 0, 0, 0, 0, 0, 0, 0, 0, 0
427750, 0.244605, 0, 0, 0, 0, 0, 0, 0, 0, 0, 0, 0
427760, 0.251411, 0, 0, 0, 0, 0, 0, 0, 0, 0, 0, 0
427770, 0.242421, 0, 0, 0, 0, 0, 0, 0, 0, 0, 0, 0
427780, 0.242421, 0, 0, 0, 0, 0, 0, 0, 0, 0, 0, 0
427790, 0.24683, 0, 0, 0, 0, 0, 0, 0, 0, 0, 0, 0
427800, 0.249098, 0, 0, 0, 0, 0, 0, 0, 0, 0, 0, 0
427810, 0.240277, 0, 0, 0, 0, 0, 0, 0, 0, 0, 0, 0
427821, 0.251411, 0, 0, 0, 0, 0, 0, 0, 0, 0, 0, 0
427830, 0.249098, 0, 0, 0, 0, 0, 0, 0, 0, 0, 0, 0
427840, 0.251411, 0, 0, 0, 0, 0, 0, 0, 0, 0, 0, 0
427850, 0.249098, 0, 0, 0, 0, 0, 0, 0, 0, 0, 0, 0
427860, 0.251411, 0, 0, 0, 0, 0, 0, 0, 0, 0, 0, 0
427870, 0.249098, 0, 0, 0, 0, 0, 0, 0, 0, 0, 0, 0
427880, 0.251411, 0, 0, 0, 0, 0, 0, 0, 0, 0, 0, 0
427890, 0.249098, 0, 0, 0, 0, 0, 0, 0, 0, 0, 0, 0
427900, 0.242421, 0, 0, 0, 0, 0, 0, 0, 0, 0, 0, 0
427910, 0.242421, 0, 0, 0, 0, 0, 0, 0, 0, 0, 0, 0
427920, 0.240277, 0, 0, 0, 0, 0, 0, 0, 0, 0, 0, 0
427930, 0.251411, 0, 0, 0, 0, 0, 0, 0, 0, 0, 0, 0
427940, 0.251411, 0, 0, 0, 0, 0, 0, 0, 0, 0, 0, 0
427950, 0.251411, 0, 0, 0, 0, 0, 0, 0, 0, 0, 0, 0
427960, 0.251411, 0, 0, 0, 0, 0, 0, 0, 0, 0, 0, 0
427970, 0.251411, 0, 0, 0, 0, 0, 0, 0, 0, 0, 0, 0
427980, 0.240277, 0, 0, 0, 0, 0, 0, 0, 0, 0, 0, 0
427991, 0.238173, 0, 0, 0, 0, 0, 0, 0, 0, 0, 0, 0
428000, 0.251411, 0, 0, 0, 0, 0, 0, 0, 0, 0, 0, 0
428010, 0.249098, 0, 0, 0, 0, 0, 0, 0, 0, 0, 0, 0
428020, 0.251411, 0, 0, 0, 0, 0, 0, 0, 0, 0, 0, 0
428030, 0.251411, 0, 0, 0, 0, 0, 0, 0, 0, 0, 0, 0
428040, 0.24683, 0, 0, 0, 0, 0, 0, 0, 0, 0, 0, 0
428050, 0.244605, 0, 0, 0, 0, 0, 0, 0, 0, 0, 0, 0
428060, 0.251411, 0, 0, 0, 0, 0, 0, 0, 0, 0, 0, 0
428070, 0.240277, 0, 0, 0, 0, 0, 0, 0, 0, 0, 0, 0
428080, 0.242421, 0, 0, 0, 0, 0, 0, 0, 0, 0, 0, 0
428090, 0.249098, 0, 0, 0, 0, 0, 0, 0, 0, 0, 0, 0
428100, 0.251411, 0, 0, 0, 0, 0, 0, 0, 0, 0, 0, 0
428110, 0.251411, 0, 0, 0, 0, 0, 0, 0, 0, 0, 0, 0
428121, 0.251411, 0, 0, 0, 0, 0, 0, 0, 0, 0, 0, 0
428130, 0.253768, 0, 0, 0, 0, 0, 0, 0, 0, 0, 0, 0
428140, 0.251411, 0, 0, 0, 0, 0, 0, 0, 0, 0, 0, 0
428150, 0.240277, 0, 0, 0, 0, 0, 0, 0, 0, 0, 0, 0
428161, 0.238173, 0, 0, 0, 0, 0, 0, 0, 0, 0, 0, 0
428170, 0.251411, 0, 0, 0, 0, 0, 0, 0, 0, 0, 0, 0
428180, 0.240277, 0, 0, 0, 0, 0, 0, 0, 0, 0, 0, 0
428190, 0.240277, 0, 0, 0, 0, 0, 0, 0, 0, 0, 0, 0
428200, 0.242421, 0, 0, 0, 0, 0, 0, 0, 0, 0, 0, 0
428210, 0.242421, 0, 0, 0, 0, 0, 0, 0, 0, 0, 0, 0
428220, 0.242421, 0, 0, 0, 0, 0, 0, 0, 0, 0, 0, 0
428230, 0.240277, 0, 0, 0, 0, 0, 0, 0, 0, 0, 0, 0
428240, 0.242421, 0, 0, 0, 0, 0, 0, 0, 0, 0, 0, 0
428250, 0.238173, 0, 0, 0, 0, 0, 0, 0, 0, 0, 0, 0
428260, 0.251411, 0, 0, 0, 0, 0, 0, 0, 0, 0, 0, 0
428270, 0.251411, 0, 0, 0, 0, 0, 0, 0, 0, 0, 0, 0
428280, 0.242421, 0, 0, 0, 0, 0, 0, 0, 0, 0, 0, 0
428291, 0.242421, 0, 0, 0, 0, 0, 0, 0, 0, 0, 0, 0
428300, 0.242421, 0, 0, 0, 0, 0, 0, 0, 0, 0, 0, 0
428310, 0.251411, 0, 0, 0, 0, 0, 0, 0, 0, 0, 0, 0
428320, 0.251411, 0, 0, 0, 0, 0, 0, 0, 0, 0, 0, 0
428331, 0.249098, 0, 0, 0, 0, 0, 0, 0, 0, 0, 0, 0
428340, 0.249098, 0, 0, 0, 0, 0, 0, 0, 0, 0, 0, 0
428350, 0.24683, 0, 0, 0, 0, 0, 0, 0, 0, 0, 0, 0
428360, 0.240277, 0, 0, 0, 0, 0, 0, 0, 0, 0, 0, 0
428370, 0.240277, 0, 0, 0, 0, 0, 0, 0, 0, 0, 0, 0
428380, 0.242421, 0, 0, 0, 0, 0, 0, 0, 0, 0, 0, 0
428390, 0.24683, 0, 0, 0, 0, 0, 0, 0, 0, 0, 0, 0
428400, 0.251411, 0, 0, 0, 0, 0, 0, 0, 0, 0, 0, 0
428410, 0.251411, 0, 0, 0, 0, 0, 0, 0, 0, 0, 0, 0
428420, 0.249098, 0, 0, 0, 0, 0, 0, 0, 0, 0, 0, 0
428430, 0.253768, 0, 0, 0, 0, 0, 0, 0, 0, 0, 0, 0
428440, 0.242421, 0, 0, 0, 0, 0, 0, 0, 0, 0, 0, 0
428450, 0.242421, 0, 0, 0, 0, 0, 0, 0, 0, 0, 0, 0
428461, 0.242421, 0, 0, 0, 0, 0, 0, 0, 0, 0, 0, 0
428470, 0.249098, 0, 0, 0, 0, 0, 0, 0, 0, 0, 0, 0
428480, 0.242421, 0, 0, 0, 0, 0, 0, 0, 0, 0, 0, 0
428490, 0.240277, 0, 0, 0, 0, 0, 0, 0, 0, 0, 0, 0
428500, 0.249098, 0, 0, 0, 0, 0, 0, 0, 0, 0, 0, 0
428510, 0.253768, 0, 0, 0, 0, 0, 0, 0, 0, 0, 0, 0
428520, 0.242421, 0, 0, 0, 0, 0, 0, 0, 0, 0, 0, 0
428530, 0.251411, 0, 0, 0, 0, 0, 0, 0, 0, 0, 0, 0
428540, 0.251411, 0, 0, 0, 0, 0, 0, 0, 0, 0, 0, 0
428550, 0.251411, 0, 0, 0, 0, 0, 0, 0, 0, 0, 0, 0
428560, 0.240277, 0, 0, 0, 0, 0, 0, 0, 0, 0, 0, 0
428570, 0.230129, 0, 0, 0, 0, 0, 0, 0, 0, 0, 0, 0
428580, 0.249098, 0, 0, 0, 0, 0, 0, 0, 0, 0, 0, 0
428590, 0.251411, 0, 0, 0, 0, 0, 0, 0, 0, 0, 0, 0
428600, 0.242421, 0, 0, 0, 0, 0, 0, 0, 0, 0, 0, 0
428610, 0.251411, 0, 0, 0, 0, 0, 0, 0, 0, 0, 0, 0
428620, 0.251411, 0, 0, 0, 0, 0, 0, 0, 0, 0, 0, 0
428631, 0.251411, 0, 0, 0, 0, 0, 0, 0, 0, 0, 0, 0
428640, 0.242421, 0, 0, 0, 0, 0, 0, 0, 0, 0, 0, 0
428650, 0.234079, 0, 0, 0, 0, 0, 0, 0, 0, 0, 0, 0
428660, 0.24683, 0, 0, 0, 0, 0, 0, 0, 0, 0, 0, 0
428670, 0.249098, 0, 0, 0, 0, 0, 0, 0, 0, 0, 0, 0
428680, 0.251411, 0, 0, 0, 0, 0, 0, 0, 0, 0, 0, 0
428690, 0.249098, 0, 0, 0, 0, 0, 0, 0, 0, 0, 0, 0
428700, 0.251411, 0, 0, 0, 0, 0, 0, 0, 0, 0, 0, 0
428710, 0.240277, 0, 0, 0, 0, 0, 0, 0, 0, 0, 0, 0
428720, 0.240277, 0, 0, 0, 0, 0, 0, 0, 0, 0, 0, 0
428730, 0.242421, 0, 0, 0, 0, 0, 0, 0, 0, 0, 0, 0
428740, 0.242421, 0, 0, 0, 0, 0, 0, 0, 0, 0, 0, 0
428750, 0.251411, 0, 0, 0, 0, 0, 0, 0, 0, 0, 0, 0
428761, 0.253768, 0, 0, 0, 0, 0, 0, 0, 0, 0, 0, 0
428770, 0.24683, 0, 0, 0, 0, 0, 0, 0, 0, 0, 0, 0
428780, 0.238173, 0, 0, 0, 0, 0, 0, 0, 0, 0, 0, 0
428790, 0.240277, 0, 0, 0, 0, 0, 0, 0, 0, 0, 0, 0
428801, 0.249098, 0, 0, 0, 0, 0, 0, 0, 0, 0, 0, 0
428810, 0.251411, 0, 0, 0, 0, 0, 0, 0, 0, 0, 0, 0
428820, 0.251411, 0, 0, 0, 0, 0, 0, 0, 0, 0, 0, 0
428830, 0.240277, 0, 0, 0, 0, 0, 0, 0, 0, 0, 0, 0
428840, 0.240277, 0, 0, 0, 0, 0, 0, 0, 0, 0, 0, 0
428850, 0.249098, 0, 0, 0, 0, 0, 0, 0, 0, 0, 0, 0
428860, 0.249098, 0, 0, 0, 0, 0, 0, 0, 0, 0, 0, 0
428870, 0.251411, 0, 0, 0, 0, 0, 0, 0, 0, 0, 0, 0
428880, 0.240277, 0, 0, 0, 0, 0, 0, 0, 0, 0, 0, 0
428890, 0.242421, 0, 0, 0, 0, 0, 0, 0, 0, 0, 0, 0
428900, 0.251411, 0, 0, 0, 0, 0, 0, 0, 0, 0, 0, 0
428910, 0.242421, 0, 0, 0, 0, 0, 0, 0, 0, 0, 0, 0
428920, 0.242421, 0, 0, 0, 0, 0, 0, 0, 0, 0, 0, 0
428931, 0.240277, 0, 0, 0, 0, 0, 0, 0, 0, 0, 0, 0
428940, 0.251411, 0, 0, 0, 0, 0, 0, 0, 0, 0, 0, 0
428950, 0.242421, 0, 0, 0, 0, 0, 0, 0, 0, 0, 0, 0
428960, 0.251411, 0, 0, 0, 0, 0, 0, 0, 0, 0, 0, 0
428971, 0.249098, 0, 0, 0, 0, 0, 0, 0, 0, 0, 0, 0
428980, 0.251411, 0, 0, 0, 0, 0, 0, 0, 0, 0, 0, 0
428990, 0.242421, 0, 0, 0, 0, 0, 0, 0, 0, 0, 0, 0
429000, 0.242421, 0, 0, 0, 0, 0, 0, 0, 0, 0, 0, 0
429010, 0.242421, 0, 0, 0, 0, 0, 0, 0, 0, 0, 0, 0
429020, 0.24683, 0, 0, 0, 0, 0, 0, 0, 0, 0, 0, 0
429030, 0.251411, 0, 0, 0, 0, 0, 0, 0, 0, 0, 0, 0
429040, 0.251411, 0, 0, 0, 0, 0, 0, 0, 0, 0, 0, 0
429050, 0.249098, 0, 0, 0, 0, 0, 0, 0, 0, 0, 0, 0
429060, 0.251411, 0, 0, 0, 0, 0, 0, 0, 0, 0, 0, 0
429070, 0.249098, 0, 0, 0, 0, 0, 0, 0, 0, 0, 0, 0
429080, 0.242421, 0, 0, 0, 0, 0, 0, 0, 0, 0, 0, 0
429090, 0.242421, 0, 0, 0, 0, 0, 0, 0, 0, 0, 0, 0
429101, 0.249098, 0, 0, 0, 0, 0, 0, 0, 0, 0, 0, 0
429110, 0.251411, 0, 0, 0, 0, 0, 0, 0, 0, 0, 0, 0
429120, 0.242421, 0, 0, 0, 0, 0, 0, 0, 0, 0, 0, 0
429130, 0.251411, 0, 0, 0, 0, 0, 0, 0, 0, 0, 0, 0
429140, 0.249098, 0, 0, 0, 0, 0, 0, 0, 0, 0, 0, 0
429150, 0.251411, 0, 0, 0, 0, 0, 0, 0, 0, 0, 0, 0
429160, 0.251411, 0, 0, 0, 0, 0, 0, 0, 0, 0, 0, 0
429170, 0.251411, 0, 0, 0, 0, 0, 0, 0, 0, 0, 0, 0
429180, 0.240277, 0, 0, 0, 0, 0, 0, 0, 0, 0, 0, 0
429190, 0.244605, 0, 0, 0, 0, 0, 0, 0, 0, 0, 0, 0
429200, 0.240277, 0, 0, 0, 0, 0, 0, 0, 0, 0, 0, 0
429210, 0.249098, 0, 0, 0, 0, 0, 0, 0, 0, 0, 0, 0
429220, 0.249098, 0, 0, 0, 0, 0, 0, 0, 0, 0, 0, 0
429230, 0.240277, 0, 0, 0, 0, 0, 0, 0, 0, 0, 0, 0
429240, 0.249098, 0, 0, 0, 0, 0, 0, 0, 0, 0, 0, 0
429250, 0.244605, 0, 0, 0, 0, 0, 0, 0, 0, 0, 0, 0
429260, 0.251411, 0, 0, 0, 0, 0, 0, 0, 0, 0, 0, 0
429271, 0.24683, 0, 0, 0, 0, 0, 0, 0, 0, 0, 0, 0
429280, 0.253768, 0, 0, 0, 0, 0, 0, 0, 0, 0, 0, 0
429290, 0.251411, 0, 0, 0, 0, 0, 0, 0, 0, 0, 0, 0
429300, 0.251411, 0, 0, 0, 0, 0, 0, 0, 0, 0, 0, 0
429310, 0.240277, 0, 0, 0, 0, 0, 0, 0, 0, 0, 0, 0
429320, 0.24683, 0, 0, 0, 0, 0, 0, 0, 0, 0, 0, 0
429330, 0.251411, 0, 0, 0, 0, 0, 0, 0, 0, 0, 0, 0
429340, 0.244605, 0, 0, 0, 0, 0, 0, 0, 0, 0, 0, 0
429350, 0.242421, 0, 0, 0, 0, 0, 0, 0, 0, 0, 0, 0
429360, 0.242421, 0, 0, 0, 0, 0, 0, 0, 0, 0, 0, 0
429370, 0.251411, 0, 0, 0, 0, 0, 0, 0, 0, 0, 0, 0
429380, 0.251411, 0, 0, 0, 0, 0, 0, 0, 0, 0, 0, 0
429390, 0.249098, 0, 0, 0, 0, 0, 0, 0, 0, 0, 0, 0
429401, 0.251411, 0, 0, 0, 0, 0, 0, 0, 0, 0, 0, 0
429410, 0.253768, 0, 0, 0, 0, 0, 0, 0, 0, 0, 0, 0
429420, 0.251411, 0, 0, 0, 0, 0, 0, 0, 0, 0, 0, 0
429430, 0.251411, 0, 0, 0, 0, 0, 0, 0, 0, 0, 0, 0
429441, 0.249098, 0, 0, 0, 0, 0, 0, 0, 0, 0, 0, 0
429450, 0.251411, 0, 0, 0, 0, 0, 0, 0, 0, 0, 0, 0
429460, 0.249098, 0, 0, 0, 0, 0, 0, 0, 0, 0, 0, 0
429470, 0.251411, 0, 0, 0, 0, 0, 0, 0, 0, 0, 0, 0
429480, 0.251411, 0, 0, 0, 0, 0, 0, 0, 0, 0, 0, 0
429490, 0.249098, 0, 0, 0, 0, 0, 0, 0, 0, 0, 0, 0
429500, 0.251411, 0, 0, 0, 0, 0, 0, 0, 0, 0, 0, 0
429510, 0.240277, 0, 0, 0, 0, 0, 0, 0, 0, 0, 0, 0
429520, 0.240277, 0, 0, 0, 0, 0, 0, 0, 0, 0, 0, 0
429530, 0.251411, 0, 0, 0, 0, 0, 0, 0, 0, 0, 0, 0
429540, 0.238173, 0, 0, 0, 0, 0, 0, 0, 0, 0, 0, 0
429550, 0.236107, 0, 0, 0, 0, 0, 0, 0, 0, 0, 0, 0
429560, 0.249098, 0, 0, 0, 0, 0, 0, 0, 0, 0, 0, 0
429571, 0.251411, 0, 0, 0, 0, 0, 0, 0, 0, 0, 0, 0
429580, 0.251411, 0, 0, 0, 0, 0, 0, 0, 0, 0, 0, 0
429590, 0.242421, 0, 0, 0, 0, 0, 0, 0, 0, 0, 0, 0
429600, 0.242421, 0, 0, 0, 0, 0, 0, 0, 0, 0, 0, 0
429611, 0.242421, 0, 0, 0, 0, 0, 0, 0, 0, 0, 0, 0
429620, 0.251411, 0, 0, 0, 0, 0, 0, 0, 0, 0, 0, 0
429630, 0.24683, 0, 0, 0, 0, 0, 0, 0, 0, 0, 0, 0
429640, 0.240277, 0, 0, 0, 0, 0, 0, 0, 0, 0, 0, 0
429650, 0.242421, 0, 0, 0, 0, 0, 0, 0, 0, 0, 0, 0
429660, 0.242421, 0, 0, 0, 0, 0, 0, 0, 0, 0, 0, 0
429670, 0.251411, 0, 0, 0, 0, 0, 0, 0, 0, 0, 0, 0
429680, 0.251411, 0, 0, 0, 0, 0, 0, 0, 0, 0, 0, 0
429690, 0.249098, 0, 0, 0, 0, 0, 0, 0, 0, 0, 0, 0
429700, 0.249098, 0, 0, 0, 0, 0, 0, 0, 0, 0, 0, 0
429710, 0.253768, 0, 0, 0, 0, 0, 0, 0, 0, 0, 0, 0
429720, 0.242421, 0, 0, 0, 0, 0, 0, 0, 0, 0, 0, 0
429730, 0.242421, 0, 0, 0, 0, 0, 0, 0, 0, 0, 0, 0
429741, 0.242421, 0, 0, 0, 0, 0, 0, 0, 0, 0, 0, 0
429750, 0.240277, 0, 0, 0, 0, 0, 0, 0, 0, 0, 0, 0
429760, 0.242421, 0, 0, 0, 0, 0, 0, 0, 0, 0, 0, 0
429770, 0.242421, 0, 0, 0, 0, 0, 0, 0, 0, 0, 0, 0
429780, 0.249098, 0, 0, 0, 0, 0, 0, 0, 0, 0, 0, 0
429790, 0.249098, 0, 0, 0, 0, 0, 0, 0, 0, 0, 0, 0
429800, 0.242421, 0, 0, 0, 0, 0, 0, 0, 0, 0, 0, 0
429810, 0.240277, 0, 0, 0, 0, 0, 0, 0, 0, 0, 0, 0
429820, 0.240277, 0, 0, 0, 0, 0, 0, 0, 0, 0, 0, 0
429830, 0.251411, 0, 0, 0, 0, 0, 0, 0, 0, 0, 0, 0
429840, 0.242421, 0, 0, 0, 0, 0, 0, 0, 0, 0, 0, 0
429850, 0.238173, 0, 0, 0, 0, 0, 0, 0, 0, 0, 0, 0
429860, 0.251411, 0, 0, 0, 0, 0, 0, 0, 0, 0, 0, 0
429870, 0.240277, 0, 0, 0, 0, 0, 0, 0, 0, 0, 0, 0
429880, 0.242421, 0, 0, 0, 0, 0, 0, 0, 0, 0, 0, 0
429890, 0.251411, 0, 0, 0, 0, 0, 0, 0, 0, 0, 0, 0
429900, 0.249098, 0, 0, 0, 0, 0, 0, 0, 0, 0, 0, 0
429911, 0.251411, 0, 0, 0, 0, 0, 0, 0, 0, 0, 0, 0
429920, 0.249098, 0, 0, 0, 0, 0, 0, 0, 0, 0, 0, 0
429930, 0.244605, 0, 0, 0, 0, 0, 0, 0, 0, 0, 0, 0
429940, 0.242421, 0, 0, 0, 0, 0, 0, 0, 0, 0, 0, 0
429950, 0.251411, 0, 0, 0, 0, 0, 0, 0, 0, 0, 0, 0
429960, 0.251411, 0, 0, 0, 0, 0, 0, 0, 0, 0, 0, 0
429970, 0.24683, 0, 0, 0, 0, 0, 0, 0, 0, 0, 0, 0
429980, 0.240277, 0, 0, 0, 0, 0, 0, 0, 0, 0, 0, 0
429990, 0.240277, 0, 0, 0, 0, 0, 0, 0, 0, 0, 0, 0
430000, 0.249098, 0, 0, 0, 0, 0, 0, 0, 0, 0, 0, 0
430010, 0.251411, 0, 0, 0, 0, 0, 0, 0, 0, 0, 0, 0
430020, 0.251411, 0, 0, 0, 0, 0, 0, 0, 0, 0, 0, 0
430030, 0.249098, 0, 0, 0, 0, 0, 0, 0, 0, 0, 0, 0
430041, 0.249098, 0, 0, 0, 0, 0, 0, 0, 0, 0, 0, 0
430050, 0.240277, 0, 0, 0, 0, 0, 0, 0, 0, 0, 0, 0
430060, 0.242421, 0, 0, 0, 0, 0, 0, 0, 0, 0, 0, 0
430070, 0.242421, 0, 0, 0, 0, 0, 0, 0, 0, 0, 0, 0
430081, 0.249098, 0, 0, 0, 0, 0, 0, 0, 0, 0, 0, 0
430090, 0.251411, 0, 0, 0, 0, 0, 0, 0, 0, 0, 0, 0
430100, 0.251411, 0, 0, 0, 0, 0, 0, 0, 0, 0, 0, 0
430110, 0.249098, 0, 0, 0, 0, 0, 0, 0, 0, 0, 0, 0
430120, 0.249098, 0, 0, 0, 0, 0, 0, 0, 0, 0, 0, 0
430130, 0.251411, 0, 0, 0, 0, 0, 0, 0, 0, 0, 0, 0
430140, 0.251411, 0, 0, 0, 0, 0, 0, 0, 0, 0, 0, 0
430150, 0.244605, 0, 0, 0, 0, 0, 0, 0, 0, 0, 0, 0
430160, 0.249098, 0, 0, 0, 0, 0, 0, 0, 0, 0, 0, 0
430170, 0.240277, 0, 0, 0, 0, 0, 0, 0, 0, 0, 0, 0
430180, 0.242421, 0, 0, 0, 0, 0, 0, 0, 0, 0, 0, 0
430190, 0.240277, 0, 0, 0, 0, 0, 0, 0, 0, 0, 0, 0
430200, 0.242421, 0, 0, 0, 0, 0, 0, 0, 0, 0, 0, 0
430211, 0.242421, 0, 0, 0, 0, 0, 0, 0, 0, 0, 0, 0
430220, 0.240277, 0, 0, 0, 0, 0, 0, 0, 0, 0, 0, 0
430230, 0.238173, 0, 0, 0, 0, 0, 0, 0, 0, 0, 0, 0
430240, 0.242421, 0, 0, 0, 0, 0, 0, 0, 0, 0, 0, 0
430251, 0.251411, 0, 0, 0, 0, 0, 0, 0, 0, 0, 0, 0
430260, 0.251411, 0, 0, 0, 0, 0, 0, 0, 0, 0, 0, 0
430270, 0.249098, 0, 0, 0, 0, 0, 0, 0, 0, 0, 0, 0
430280, 0.249098, 0, 0, 0, 0, 0, 0, 0, 0, 0, 0, 0
430290, 0.249098, 0, 0, 0, 0, 0, 0, 0, 0, 0, 0, 0
430300, 0.242421, 0, 0, 0, 0, 0, 0, 0, 0, 0, 0, 0
430310, 0.242421, 0, 0, 0, 0, 0, 0, 0, 0, 0, 0, 0
430320, 0.251411, 0, 0, 0, 0, 0, 0, 0, 0, 0, 0, 0
430330, 0.249098, 0, 0, 0, 0, 0, 0, 0, 0, 0, 0, 0
430340, 0.251411, 0, 0, 0, 0, 0, 0, 0, 0, 0, 0, 0
430350, 0.249098, 0, 0, 0, 0, 0, 0, 0, 0, 0, 0, 0
430360, 0.249098, 0, 0, 0, 0, 0, 0, 0, 0, 0, 0, 0
430370, 0.251411, 0, 0, 0, 0, 0, 0, 0, 0, 0, 0, 0
430381, 0.251411, 0, 0, 0, 0, 0, 0, 0, 0, 0, 0, 0
430390, 0.251411, 0, 0, 0, 0, 0, 0, 0, 0, 0, 0, 0
430400, 0.251411, 0, 0, 0, 0, 0, 0, 0, 0, 0, 0, 0
430410, 0.242421, 0, 0, 0, 0, 0, 0, 0, 0, 0, 0, 0
430420, 0.242421, 0, 0, 0, 0, 0, 0, 0, 0, 0, 0, 0
430430, 0.251411, 0, 0, 0, 0, 0, 0, 0, 0, 0, 0, 0
430440, 0.249098, 0, 0, 0, 0, 0, 0, 0, 0, 0, 0, 0
430450, 0.244605, 0, 0, 0, 0, 0, 0, 0, 0, 0, 0, 0
430460, 0.240277, 0, 0, 0, 0, 0, 0, 0, 0, 0, 0, 0
430470, 0.240277, 0, 0, 0, 0, 0, 0, 0, 0, 0, 0, 0
430480, 0.244605, 0, 0, 0, 0, 0, 0, 0, 0, 0, 0, 0
430490, 0.249098, 0, 0, 0, 0, 0, 0, 0, 0, 0, 0, 0
430500, 0.251411, 0, 0, 0, 0, 0, 0, 0, 0, 0, 0, 0
430510, 0.242421, 0, 0, 0, 0, 0, 0, 0, 0, 0, 0, 0
430520, 0.251411, 0, 0, 0, 0, 0, 0, 0, 0, 0, 0, 0
430530, 0.244605, 0, 0, 0, 0, 0, 0, 0, 0, 0, 0, 0
430540, 0.242421, 0, 0, 0, 0, 0, 0, 0, 0, 0, 0, 0
430551, 0.251411, 0, 0, 0, 0, 0, 0, 0, 0, 0, 0, 0
430560, 0.249098, 0, 0, 0, 0, 0, 0, 0, 0, 0, 0, 0
430570, 0.240277, 0, 0, 0, 0, 0, 0, 0, 0, 0, 0, 0
430580, 0.251411, 0, 0, 0, 0, 0, 0, 0, 0, 0, 0, 0
430590, 0.24683, 0, 0, 0, 0, 0, 0, 0, 0, 0, 0, 0
430600, 0.249098, 0, 0, 0, 0, 0, 0, 0, 0, 0, 0, 0
430610, 0.251411, 0, 0, 0, 0, 0, 0, 0, 0, 0, 0, 0
430620, 0.251411, 0, 0, 0, 0, 0, 0, 0, 0, 0, 0, 0
430630, 0.249098, 0, 0, 0, 0, 0, 0, 0, 0, 0, 0, 0
430640, 0.249098, 0, 0, 0, 0, 0, 0, 0, 0, 0, 0, 0
430650, 0.249098, 0, 0, 0, 0, 0, 0, 0, 0, 0, 0, 0
430660, 0.249098, 0, 0, 0, 0, 0, 0, 0, 0, 0, 0, 0
430670, 0.251411, 0, 0, 0, 0, 0, 0, 0, 0, 0, 0, 0
430681, 0.249098, 0, 0, 0, 0, 0, 0, 0, 0, 0, 0, 0
430690, 0.251411, 0, 0, 0, 0, 0, 0, 0, 0, 0, 0, 0
430700, 0.251411, 0, 0, 0, 0, 0, 0, 0, 0, 0, 0, 0
430710, 0.242421, 0, 0, 0, 0, 0, 0, 0, 0, 0, 0, 0
430721, 0.242421, 0, 0, 0, 0, 0, 0, 0, 0, 0, 0, 0
430730, 0.251411, 0, 0, 0, 0, 0, 0, 0, 0, 0, 0, 0
430740, 0.238173, 0, 0, 0, 0, 0, 0, 0, 0, 0, 0, 0
430750, 0.236107, 0, 0, 0, 0, 0, 0, 0, 0, 0, 0, 0
430760, 0.238173, 0, 0, 0, 0, 0, 0, 0, 0, 0, 0, 0
430770, 0.240277, 0, 0, 0, 0, 0, 0, 0, 0, 0, 0, 0
430780, 0.240277, 0, 0, 0, 0, 0, 0, 0, 0, 0, 0, 0
430790, 0.242421, 0, 0, 0, 0, 0, 0, 0, 0, 0, 0, 0
430800, 0.242421, 0, 0, 0, 0, 0, 0, 0, 0, 0, 0, 0
430810, 0.253768, 0, 0, 0, 0, 0, 0, 0, 0, 0, 0, 0
430820, 0.242421, 0, 0, 0, 0, 0, 0, 0, 0, 0, 0, 0
430830, 0.238173, 0, 0, 0, 0, 0, 0, 0, 0, 0, 0, 0
430840, 0.251411, 0, 0, 0, 0, 0, 0, 0, 0, 0, 0, 0
430851, 0.242421, 0, 0, 0, 0, 0, 0, 0, 0, 0, 0, 0
430860, 0.242421, 0, 0, 0, 0, 0, 0, 0, 0, 0, 0, 0
430870, 0.249098, 0, 0, 0, 0, 0, 0, 0, 0, 0, 0, 0
430880, 0.240277, 0, 0, 0, 0, 0, 0, 0, 0, 0, 0, 0
430891, 0.242421, 0, 0, 0, 0, 0, 0, 0, 0, 0, 0, 0
430900, 0.251411, 0, 0, 0, 0, 0, 0, 0, 0, 0, 0, 0
430910, 0.251411, 0, 0, 0, 0, 0, 0, 0, 0, 0, 0, 0
430920, 0.240277, 0, 0, 0, 0, 0, 0, 0, 0, 0, 0, 0
430930, 0.251411, 0, 0, 0, 0, 0, 0, 0, 0, 0, 0, 0
430940, 0.251411, 0, 0, 0, 0, 0, 0, 0, 0, 0, 0, 0
430950, 0.240277, 0, 0, 0, 0, 0, 0, 0, 0, 0, 0, 0
430960, 0.249098, 0, 0, 0, 0, 0, 0, 0, 0, 0, 0, 0
430970, 0.251411, 0, 0, 0, 0, 0, 0, 0, 0, 0, 0, 0
430980, 0.251411, 0, 0, 0, 0, 0, 0, 0, 0, 0, 0, 0
430990, 0.251411, 0, 0, 0, 0, 0, 0, 0, 0, 0, 0, 0
431000, 0.253768, 0, 0, 0, 0, 0, 0, 0, 0, 0, 0, 0
431010, 0.251411, 0, 0, 0, 0, 0, 0, 0, 0, 0, 0, 0
431021, 0.249098, 0, 0, 0, 0, 0, 0, 0, 0, 0, 0, 0
431030, 0.249098, 0, 0, 0, 0, 0, 0, 0, 0, 0, 0, 0
431040, 0.242421, 0, 0, 0, 0, 0, 0, 0, 0, 0, 0, 0
431050, 0.234079, 0, 0, 0, 0, 0, 0, 0, 0, 0, 0, 0
431060, 0.24683, 0, 0, 0, 0, 0, 0, 0, 0, 0, 0, 0
431070, 0.240277, 0, 0, 0, 0, 0, 0, 0, 0, 0, 0, 0
431080, 0.242421, 0, 0, 0, 0, 0, 0, 0, 0, 0, 0, 0
431090, 0.249098, 0, 0, 0, 0, 0, 0, 0, 0, 0, 0, 0
431100, 0.249098, 0, 0, 0, 0, 0, 0, 0, 0, 0, 0, 0
431110, 0.238173, 0, 0, 0, 0, 0, 0, 0, 0, 0, 0, 0
431120, 0.242421, 0, 0, 0, 0, 0, 0, 0, 0, 0, 0, 0
431130, 0.236107, 0, 0, 0, 0, 0, 0, 0, 0, 0, 0, 0
431140, 0.251411, 0, 0, 0, 0, 0, 0, 0, 0, 0, 0, 0
431150, 0.249098, 0, 0, 0, 0, 0, 0, 0, 0, 0, 0, 0
431160, 0.251411, 0, 0, 0, 0, 0, 0, 0, 0, 0, 0, 0
431170, 0.238173, 0, 0, 0, 0, 0, 0, 0, 0, 0, 0, 0
431180, 0.251411, 0, 0, 0, 0, 0, 0, 0, 0, 0, 0, 0
431191, 0.251411, 0, 0, 0, 0, 0, 0, 0, 0, 0, 0, 0
431200, 0.242421, 0, 0, 0, 0, 0, 0, 0, 0, 0, 0, 0
431210, 0.240277, 0, 0, 0, 0, 0, 0, 0, 0, 0, 0, 0
431220, 0.253768, 0, 0, 0, 0, 0, 0, 0, 0, 0, 0, 0
431230, 0.240277, 0, 0, 0, 0, 0, 0, 0, 0, 0, 0, 0
431240, 0.240277, 0, 0, 0, 0, 0, 0, 0, 0, 0, 0, 0
431250, 0.24683, 0, 0, 0, 0, 0, 0, 0, 0, 0, 0, 0
431260, 0.240277, 0, 0, 0, 0, 0, 0, 0, 0, 0, 0, 0
431270, 0.242421, 0, 0, 0, 0, 0, 0, 0, 0, 0, 0, 0
431280, 0.251411, 0, 0, 0, 0, 0, 0, 0, 0, 0, 0, 0
431290, 0.251411, 0, 0, 0, 0, 0, 0, 0, 0, 0, 0, 0
431300, 0.251411, 0, 0, 0, 0, 0, 0, 0, 0, 0, 0, 0
431310, 0.249098, 0, 0, 0, 0, 0, 0, 0, 0, 0, 0, 0
431321, 0.251411, 0, 0, 0, 0, 0, 0, 0, 0, 0, 0, 0
431330, 0.251411, 0, 0, 0, 0, 0, 0, 0, 0, 0, 0, 0
431340, 0.251411, 0, 0, 0, 0, 0, 0, 0, 0, 0, 0, 0
431350, 0.244605, 0, 0, 0, 0, 0, 0, 0, 0, 0, 0, 0
431361, 0.242421, 0, 0, 0, 0, 0, 0, 0, 0, 0, 0, 0
431370, 0.251411, 0, 0, 0, 0, 0, 0, 0, 0, 0, 0, 0
431380, 0.253768, 0, 0, 0, 0, 0, 0, 0, 0, 0, 0, 0
431390, 0.242421, 0, 0, 0, 0, 0, 0, 0, 0, 0, 0, 0
431400, 0.242421, 0, 0, 0, 0, 0, 0, 0, 0, 0, 0, 0
431410, 0.240277, 0, 0, 0, 0, 0, 0, 0, 0, 0, 0, 0
431420, 0.251411, 0, 0, 0, 0, 0, 0, 0, 0, 0, 0, 0
431430, 0.244605, 0, 0, 0, 0, 0, 0, 0, 0, 0, 0, 0
431440, 0.251411, 0, 0, 0, 0, 0, 0, 0, 0, 0, 0, 0
431450, 0.251411, 0, 0, 0, 0, 0, 0, 0, 0, 0, 0, 0
431460, 0.253768, 0, 0, 0, 0, 0, 0, 0, 0, 0, 0, 0
431470, 0.251411, 0, 0, 0, 0, 0, 0, 0, 0, 0, 0, 0
431480, 0.251411, 0, 0, 0, 0, 0, 0, 0, 0, 0, 0, 0
431491, 0.251411, 0, 0, 0, 0, 0, 0, 0, 0, 0, 0, 0
431500, 0.240277, 0, 0, 0, 0, 0, 0, 0, 0, 0, 0, 0
431510, 0.242421, 0, 0, 0, 0, 0, 0, 0, 0, 0, 0, 0
431520, 0.240277, 0, 0, 0, 0, 0, 0, 0, 0, 0, 0, 0
431531, 0.249098, 0, 0, 0, 0, 0, 0, 0, 0, 0, 0, 0
431540, 0.251411, 0, 0, 0, 0, 0, 0, 0, 0, 0, 0, 0
431550, 0.249098, 0, 0, 0, 0, 0, 0, 0, 0, 0, 0, 0
431560, 0.251411, 0, 0, 0, 0, 0, 0, 0, 0, 0, 0, 0
431570, 0.249098, 0, 0, 0, 0, 0, 0, 0, 0, 0, 0, 0
431580, 0.238173, 0, 0, 0, 0, 0, 0, 0, 0, 0, 0, 0
431590, 0.242421, 0, 0, 0, 0, 0, 0, 0, 0, 0, 0, 0
431600, 0.242421, 0, 0, 0, 0, 0, 0, 0, 0, 0, 0, 0
431610, 0.240277, 0, 0, 0, 0, 0, 0, 0, 0, 0, 0, 0
431620, 0.242421, 0, 0, 0, 0, 0, 0, 0, 0, 0, 0, 0
431630, 0.240277, 0, 0, 0, 0, 0, 0, 0, 0, 0, 0, 0
431640, 0.242421, 0, 0, 0, 0, 0, 0, 0, 0, 0, 0, 0
431650, 0.234079, 0, 0, 0, 0, 0, 0, 0, 0, 0, 0, 0
431661, 0.251411, 0, 0, 0, 0, 0, 0, 0, 0, 0, 0, 0
431670, 0.249098, 0, 0, 0, 0, 0, 0, 0, 0, 0, 0, 0
431680, 0.251411, 0, 0, 0, 0, 0, 0, 0, 0, 0, 0, 0
431690, 0.251411, 0, 0, 0, 0, 0, 0, 0, 0, 0, 0, 0
431700, 0.251411, 0, 0, 0, 0, 0, 0, 0, 0, 0, 0, 0
431710, 0.253768, 0, 0, 0, 0, 0, 0, 0, 0, 0, 0, 0
431720, 0.251411, 0, 0, 0, 0, 0, 0, 0, 0, 0, 0, 0
431730, 0.242421, 0, 0, 0, 0, 0, 0, 0, 0, 0, 0, 0
431740, 0.251411, 0, 0, 0, 0, 0, 0, 0, 0, 0, 0, 0
431750, 0.242421, 0, 0, 0, 0, 0, 0, 0, 0, 0, 0, 0
431760, 0.242421, 0, 0, 0, 0, 0, 0, 0, 0, 0, 0, 0
431770, 0.249098, 0, 0, 0, 0, 0, 0, 0, 0, 0, 0, 0
431780, 0.251411, 0, 0, 0, 0, 0, 0, 0, 0, 0, 0, 0
431790, 0.251411, 0, 0, 0, 0, 0, 0, 0, 0, 0, 0, 0
431800, 0.251411, 0, 0, 0, 0, 0, 0, 0, 0, 0, 0, 0
431810, 0.253768, 0, 0, 0, 0, 0, 0, 0, 0, 0, 0, 0
431820, 0.253768, 0, 0, 0, 0, 0, 0, 0, 0, 0, 0, 0
431831, 0.238173, 0, 0, 0, 0, 0, 0, 0, 0, 0, 0, 0
431840, 0.242421, 0, 0, 0, 0, 0, 0, 0, 0, 0, 0, 0
431850, 0.249098, 0, 0, 0, 0, 0, 0, 0, 0, 0, 0, 0
431860, 0.242421, 0, 0, 0, 0, 0, 0, 0, 0, 0, 0, 0
431870, 0.242421, 0, 0, 0, 0, 0, 0, 0, 0, 0, 0, 0
431880, 0.242421, 0, 0, 0, 0, 0, 0, 0, 0, 0, 0, 0
431890, 0.242421, 0, 0, 0, 0, 0, 0, 0, 0, 0, 0, 0
431900, 0.251411, 0, 0, 0, 0, 0, 0, 0, 0, 0, 0, 0
431910, 0.251411, 0, 0, 0, 0, 0, 0, 0, 0, 0, 0, 0
431920, 0.251411, 0, 0, 0, 0, 0, 0, 0, 0, 0, 0, 0
431930, 0.240277, 0, 0, 0, 0, 0, 0, 0, 0, 0, 0, 0
431940, 0.251411, 0, 0, 0, 0, 0, 0, 0, 0, 0, 0, 0
431950, 0.242421, 0, 0, 0, 0, 0, 0, 0, 0, 0, 0, 0
431961, 0.240277, 0, 0, 0, 0, 0, 0, 0, 0, 0, 0, 0
431970, 0.244605, 0, 0, 0, 0, 0, 0, 0, 0, 0, 0, 0
431980, 0.240277, 0, 0, 0, 0, 0, 0, 0, 0, 0, 0, 0
431990, 0.251411, 0, 0, 0, 0, 0, 0, 0, 0, 0, 0, 0
432001, 0.253768, 0, 0, 0, 0, 0, 0, 0, 0, 0, 0, 0
432010, 0.251411, 0, 0, 0, 0, 0, 0, 0, 0, 0, 0, 0
432020, 0.251411, 0, 0, 0, 0, 0, 0, 0, 0, 0, 0, 0
432030, 0.242421, 0, 0, 0, 0, 0, 0, 0, 0, 0, 0, 0
432040, 0.242421, 0, 0, 0, 0, 0, 0, 0, 0, 0, 0, 0
432050, 0.249098, 0, 0, 0, 0, 0, 0, 0, 0, 0, 0, 0
432060, 0.249098, 0, 0, 0, 0, 0, 0, 0, 0, 0, 0, 0
432070, 0.240277, 0, 0, 0, 0, 0, 0, 0, 0, 0, 0, 0
432080, 0.251411, 0, 0, 0, 0, 0, 0, 0, 0, 0, 0, 0
432090, 0.253768, 0, 0, 0, 0, 0, 0, 0, 0, 0, 0, 0
432100, 0.240277, 0, 0, 0, 0, 0, 0, 0, 0, 0, 0, 0
432110, 0.244605, 0, 0, 0, 0, 0, 0, 0, 0, 0, 0, 0
432120, 0.249098, 0, 0, 0, 0, 0, 0, 0, 0, 0, 0, 0
432131, 0.249098, 0, 0, 0, 0, 0, 0, 0, 0, 0, 0, 0
432140, 0.249098, 0, 0, 0, 0, 0, 0, 0, 0, 0, 0, 0
432150, 0.249098, 0, 0, 0, 0, 0, 0, 0, 0, 0, 0, 0
432160, 0.240277, 0, 0, 0, 0, 0, 0, 0, 0, 0, 0, 0
432171, 0.242421, 0, 0, 0, 0, 0, 0, 0, 0, 0, 0, 0
432180, 0.242421, 0, 0, 0, 0, 0, 0, 0, 0, 0, 0, 0
432190, 0.242421, 0, 0, 0, 0, 0, 0, 0, 0, 0, 0, 0
432200, 0.251411, 0, 0, 0, 0, 0, 0, 0, 0, 0, 0, 0
432210, 0.251411, 0, 0, 0, 0, 0, 0, 0, 0, 0, 0, 0
432220, 0.251411, 0, 0, 0, 0, 0, 0, 0, 0, 0, 0, 0
432230, 0.251411, 0, 0, 0, 0, 0, 0, 0, 0, 0, 0, 0
432240, 0.240277, 0, 0, 0, 0, 0, 0, 0, 0, 0, 0, 0
432250, 0.236107, 0, 0, 0, 0, 0, 0, 0, 0, 0, 0, 0
432260, 0.242421, 0, 0, 0, 0, 0, 0, 0, 0, 0, 0, 0
432270, 0.240277, 0, 0, 0, 0, 0, 0, 0, 0, 0, 0, 0
432280, 0.242421, 0, 0, 0, 0, 0, 0, 0, 0, 0, 0, 0
432290, 0.244605, 0, 0, 0, 0, 0, 0, 0, 0, 0, 0, 0
432301, 0.242421, 0, 0, 0, 0, 0, 0, 0, 0, 0, 0, 0
432310, 0.242421, 0, 0, 0, 0, 0, 0, 0, 0, 0, 0, 0
432320, 0.242421, 0, 0, 0, 0, 0, 0, 0, 0, 0, 0, 0
432330, 0.234079, 0, 0, 0, 0, 0, 0, 0, 0, 0, 0, 0
432340, 0.242421, 0, 0, 0, 0, 0, 0, 0, 0, 0, 0, 0
432350, 0.249098, 0, 0, 0, 0, 0, 0, 0, 0, 0, 0, 0
432360, 0.249098, 0, 0, 0, 0, 0, 0, 0, 0, 0, 0, 0
432370, 0.251411, 0, 0, 0, 0, 0, 0, 0, 0, 0, 0, 0
432380, 0.249098, 0, 0, 0, 0, 0, 0, 0, 0, 0, 0, 0
432390, 0.251411, 0, 0, 0, 0, 0, 0, 0, 0, 0, 0, 0
432400, 0.249098, 0, 0, 0, 0, 0, 0, 0, 0, 0, 0, 0
432410, 0.253768, 0, 0, 0, 0, 0, 0, 0, 0, 0, 0, 0
432420, 0.242421, 0, 0, 0, 0, 0, 0, 0, 0, 0, 0, 0
432430, 0.253768, 0, 0, 0, 0, 0, 0, 0, 0, 0, 0, 0
432440, 0.251411, 0, 0, 0, 0, 0, 0, 0, 0, 0, 0, 0
432450, 0.251411, 0, 0, 0, 0, 0, 0, 0, 0, 0, 0, 0
432460, 0.240277, 0, 0, 0, 0, 0, 0, 0, 0, 0, 0, 0
432471, 0.240277, 0, 0, 0, 0, 0, 0, 0, 0, 0, 0, 0
432480, 0.242421, 0, 0, 0, 0, 0, 0, 0, 0, 0, 0, 0
432490, 0.242421, 0, 0, 0, 0, 0, 0, 0, 0, 0, 0, 0
432500, 0.242421, 0, 0, 0, 0, 0, 0, 0, 0, 0, 0, 0
432510, 0.240277, 0, 0, 0, 0, 0, 0, 0, 0, 0, 0, 0
432520, 0.242421, 0, 0, 0, 0, 0, 0, 0, 0, 0, 0, 0
432530, 0.242421, 0, 0, 0, 0, 0, 0, 0, 0, 0, 0, 0
432540, 0.242421, 0, 0, 0, 0, 0, 0, 0, 0, 0, 0, 0
432550, 0.236107, 0, 0, 0, 0, 0, 0, 0, 0, 0, 0, 0
432560, 0.242421, 0, 0, 0, 0, 0, 0, 0, 0, 0, 0, 0
432570, 0.240277, 0, 0, 0, 0, 0, 0, 0, 0, 0, 0, 0
432580, 0.242421, 0, 0, 0, 0, 0, 0, 0, 0, 0, 0, 0
432590, 0.249098, 0, 0, 0, 0, 0, 0, 0, 0, 0, 0, 0
432601, 0.251411, 0, 0, 0, 0, 0, 0, 0, 0, 0, 0, 0
432610, 0.249098, 0, 0, 0, 0, 0, 0, 0, 0, 0, 0, 0
432620, 0.249098, 0, 0, 0, 0, 0, 0, 0, 0, 0, 0, 0
432630, 0.24683, 0, 0, 0, 0, 0, 0, 0, 0, 0, 0, 0
432641, 0.244605, 0, 0, 0, 0, 0, 0, 0, 0, 0, 0, 0
432650, 0.240277, 0, 0, 0, 0, 0, 0, 0, 0, 0, 0, 0
432660, 0.242421, 0, 0, 0, 0, 0, 0, 0, 0, 0, 0, 0
432670, 0.249098, 0, 0, 0, 0, 0, 0, 0, 0, 0, 0, 0
432680, 0.242421, 0, 0, 0, 0, 0, 0, 0, 0, 0, 0, 0
432690, 0.242421, 0, 0, 0, 0, 0, 0, 0, 0, 0, 0, 0
432700, 0.24683, 0, 0, 0, 0, 0, 0, 0, 0, 0, 0, 0
432710, 0.253768, 0, 0, 0, 0, 0, 0, 0, 0, 0, 0, 0
432720, 0.242421, 0, 0, 0, 0, 0, 0, 0, 0, 0, 0, 0
432730, 0.238173, 0, 0, 0, 0, 0, 0, 0, 0, 0, 0, 0
432740, 0.242421, 0, 0, 0, 0, 0, 0, 0, 0, 0, 0, 0
432750, 0.251411, 0, 0, 0, 0, 0, 0, 0, 0, 0, 0, 0
432760, 0.242421, 0, 0, 0, 0, 0, 0, 0, 0, 0, 0, 0
432771, 0.240277, 0, 0, 0, 0, 0, 0, 0, 0, 0, 0, 0
432780, 0.249098, 0, 0, 0, 0, 0, 0, 0, 0, 0, 0, 0
432790, 0.251411, 0, 0, 0, 0, 0, 0, 0, 0, 0, 0, 0
432800, 0.242421, 0, 0, 0, 0, 0, 0, 0, 0, 0, 0, 0
432811, 0.249098, 0, 0, 0, 0, 0, 0, 0, 0, 0, 0, 0
432820, 0.249098, 0, 0, 0, 0, 0, 0, 0, 0, 0, 0, 0
432830, 0.242421, 0, 0, 0, 0, 0, 0, 0, 0, 0, 0, 0
432840, 0.240277, 0, 0, 0, 0, 0, 0, 0, 0, 0, 0, 0
432850, 0.236107, 0, 0, 0, 0, 0, 0, 0, 0, 0, 0, 0
432860, 0.242421, 0, 0, 0, 0, 0, 0, 0, 0, 0, 0, 0
432870, 0.240277, 0, 0, 0, 0, 0, 0, 0, 0, 0, 0, 0
432880, 0.240277, 0, 0, 0, 0, 0, 0, 0, 0, 0, 0, 0
432890, 0.249098, 0, 0, 0, 0, 0, 0, 0, 0, 0, 0, 0
432900, 0.251411, 0, 0, 0, 0, 0, 0, 0, 0, 0, 0, 0
432910, 0.240277, 0, 0, 0, 0, 0, 0, 0, 0, 0, 0, 0
432920, 0.240277, 0, 0, 0, 0, 0, 0, 0, 0, 0, 0, 0
432930, 0.234079, 0, 0, 0, 0, 0, 0, 0, 0, 0, 0, 0
432941, 0.251411, 0, 0, 0, 0, 0, 0, 0, 0, 0, 0, 0
432950, 0.251411, 0, 0, 0, 0, 0, 0, 0, 0, 0, 0, 0
432960, 0.251411, 0, 0, 0, 0, 0, 0, 0, 0, 0, 0, 0
432970, 0.240277, 0, 0, 0, 0, 0, 0, 0, 0, 0, 0, 0
432980, 0.240277, 0, 0, 0, 0, 0, 0, 0, 0, 0, 0, 0
432990, 0.240277, 0, 0, 0, 0, 0, 0, 0, 0, 0, 0, 0
433000, 0.251411, 0, 0, 0, 0, 0, 0, 0, 0, 0, 0, 0
433010, 0.249098, 0, 0, 0, 0, 0, 0, 0, 0, 0, 0, 0
433020, 0.240277, 0, 0, 0, 0, 0, 0, 0, 0, 0, 0, 0
433030, 0.240277, 0, 0, 0, 0, 0, 0, 0, 0, 0, 0, 0
433040, 0.242421, 0, 0, 0, 0, 0, 0, 0, 0, 0, 0, 0
433050, 0.249098, 0, 0, 0, 0, 0, 0, 0, 0, 0, 0, 0
433060, 0.249098, 0, 0, 0, 0, 0, 0, 0, 0, 0, 0, 0
433070, 0.251411, 0, 0, 0, 0, 0, 0, 0, 0, 0, 0, 0
433080, 0.249098, 0, 0, 0, 0, 0, 0, 0, 0, 0, 0, 0
433090, 0.251411, 0, 0, 0, 0, 0, 0, 0, 0, 0, 0, 0
433100, 0.242421, 0, 0, 0, 0, 0, 0, 0, 0, 0, 0, 0
433111, 0.249098, 0, 0, 0, 0, 0, 0, 0, 0, 0, 0, 0
433120, 0.251411, 0, 0, 0, 0, 0, 0, 0, 0, 0, 0, 0
433130, 0.240277, 0, 0, 0, 0, 0, 0, 0, 0, 0, 0, 0
433140, 0.240277, 0, 0, 0, 0, 0, 0, 0, 0, 0, 0, 0
433150, 0.232086, 0, 0, 0, 0, 0, 0, 0, 0, 0, 0, 0
433160, 0.242421, 0, 0, 0, 0, 0, 0, 0, 0, 0, 0, 0
433170, 0.240277, 0, 0, 0, 0, 0, 0, 0, 0, 0, 0, 0
433180, 0.238173, 0, 0, 0, 0, 0, 0, 0, 0, 0, 0, 0
433190, 0.240277, 0, 0, 0, 0, 0, 0, 0, 0, 0, 0, 0
433200, 0.242421, 0, 0, 0, 0, 0, 0, 0, 0, 0, 0, 0
433210, 0.242421, 0, 0, 0, 0, 0, 0, 0, 0, 0, 0, 0
433220, 0.251411, 0, 0, 0, 0, 0, 0, 0, 0, 0, 0, 0
433230, 0.244605, 0, 0, 0, 0, 0, 0, 0, 0, 0, 0, 0
433241, 0.251411, 0, 0, 0, 0, 0, 0, 0, 0, 0, 0, 0
433250, 0.251411, 0, 0, 0, 0, 0, 0, 0, 0, 0, 0, 0
433260, 0.251411, 0, 0, 0, 0, 0, 0, 0, 0, 0, 0, 0
433270, 0.251411, 0, 0, 0, 0, 0, 0, 0, 0, 0, 0, 0
433281, 0.249098, 0, 0, 0, 0, 0, 0, 0, 0, 0, 0, 0
433290, 0.253768, 0, 0, 0, 0, 0, 0, 0, 0, 0, 0, 0
433300, 0.249098, 0, 0, 0, 0, 0, 0, 0, 0, 0, 0, 0
433310, 0.251411, 0, 0, 0, 0, 0, 0, 0, 0, 0, 0, 0
433320, 0.242421, 0, 0, 0, 0, 0, 0, 0, 0, 0, 0, 0
433330, 0.240277, 0, 0, 0, 0, 0, 0, 0, 0, 0, 0, 0
433340, 0.242421, 0, 0, 0, 0, 0, 0, 0, 0, 0, 0, 0
433350, 0.251411, 0, 0, 0, 0, 0, 0, 0, 0, 0, 0, 0
433360, 0.251411, 0, 0, 0, 0, 0, 0, 0, 0, 0, 0, 0
433370, 0.249098, 0, 0, 0, 0, 0, 0, 0, 0, 0, 0, 0
433380, 0.238173, 0, 0, 0, 0, 0, 0, 0, 0, 0, 0, 0
433390, 0.240277, 0, 0, 0, 0, 0, 0, 0, 0, 0, 0, 0
433400, 0.251411, 0, 0, 0, 0, 0, 0, 0, 0, 0, 0, 0
433411, 0.251411, 0, 0, 0, 0, 0, 0, 0, 0, 0, 0, 0
433420, 0.249098, 0, 0, 0, 0, 0, 0, 0, 0, 0, 0, 0
433430, 0.251411, 0, 0, 0, 0, 0, 0, 0, 0, 0, 0, 0
433440, 0.249098, 0, 0, 0, 0, 0, 0, 0, 0, 0, 0, 0
433451, 0.24683, 0, 0, 0, 0, 0, 0, 0, 0, 0, 0, 0
433460, 0.242421, 0, 0, 0, 0, 0, 0, 0, 0, 0, 0, 0
433470, 0.249098, 0, 0, 0, 0, 0, 0, 0, 0, 0, 0, 0
433480, 0.251411, 0, 0, 0, 0, 0, 0, 0, 0, 0, 0, 0
433490, 0.242421, 0, 0, 0, 0, 0, 0, 0, 0, 0, 0, 0
433500, 0.244605, 0, 0, 0, 0, 0, 0, 0, 0, 0, 0, 0
433510, 0.249098, 0, 0, 0, 0, 0, 0, 0, 0, 0, 0, 0
433520, 0.238173, 0, 0, 0, 0, 0, 0, 0, 0, 0, 0, 0
433530, 0.234079, 0, 0, 0, 0, 0, 0, 0, 0, 0, 0, 0
433540, 0.249098, 0, 0, 0, 0, 0, 0, 0, 0, 0, 0, 0
433550, 0.240277, 0, 0, 0, 0, 0, 0, 0, 0, 0, 0, 0
433560, 0.242421, 0, 0, 0, 0, 0, 0, 0, 0, 0, 0, 0
433570, 0.238173, 0, 0, 0, 0, 0, 0, 0, 0, 0, 0, 0
433581, 0.251411, 0, 0, 0, 0, 0, 0, 0, 0, 0, 0, 0
433590, 0.251411, 0, 0, 0, 0, 0, 0, 0, 0, 0, 0, 0
433600, 0.242421, 0, 0, 0, 0, 0, 0, 0, 0, 0, 0, 0
433610, 0.242421, 0, 0, 0, 0, 0, 0, 0, 0, 0, 0, 0
433620, 0.251411, 0, 0, 0, 0, 0, 0, 0, 0, 0, 0, 0
433630, 0.251411, 0, 0, 0, 0, 0, 0, 0, 0, 0, 0, 0
433640, 0.249098, 0, 0, 0, 0, 0, 0, 0, 0, 0, 0, 0
433650, 0.249098, 0, 0, 0, 0, 0, 0, 0, 0, 0, 0, 0
433660, 0.249098, 0, 0, 0, 0, 0, 0, 0, 0, 0, 0, 0
433670, 0.249098, 0, 0, 0, 0, 0, 0, 0, 0, 0, 0, 0
433680, 0.240277, 0, 0, 0, 0, 0, 0, 0, 0, 0, 0, 0
433690, 0.242421, 0, 0, 0, 0, 0, 0, 0, 0, 0, 0, 0
433700, 0.242421, 0, 0, 0, 0, 0, 0, 0, 0, 0, 0, 0
433710, 0.251411, 0, 0, 0, 0, 0, 0, 0, 0, 0, 0, 0
433720, 0.249098, 0, 0, 0, 0, 0, 0, 0, 0, 0, 0, 0
433730, 0.242421, 0, 0, 0, 0, 0, 0, 0, 0, 0, 0, 0
433740, 0.249098, 0, 0, 0, 0, 0, 0, 0, 0, 0, 0, 0
433751, 0.244605, 0, 0, 0, 0, 0, 0, 0, 0, 0, 0, 0
433760, 0.249098, 0, 0, 0, 0, 0, 0, 0, 0, 0, 0, 0
433770, 0.253768, 0, 0, 0, 0, 0, 0, 0, 0, 0, 0, 0
433780, 0.253768, 0, 0, 0, 0, 0, 0, 0, 0, 0, 0, 0
433790, 0.249098, 0, 0, 0, 0, 0, 0, 0, 0, 0, 0, 0
433800, 0.249098, 0, 0, 0, 0, 0, 0, 0, 0, 0, 0, 0
433810, 0.240277, 0, 0, 0, 0, 0, 0, 0, 0, 0, 0, 0
433820, 0.249098, 0, 0, 0, 0, 0, 0, 0, 0, 0, 0, 0
433830, 0.244605, 0, 0, 0, 0, 0, 0, 0, 0, 0, 0, 0
433840, 0.242421, 0, 0, 0, 0, 0, 0, 0, 0, 0, 0, 0
433850, 0.249098, 0, 0, 0, 0, 0, 0, 0, 0, 0, 0, 0
433860, 0.249098, 0, 0, 0, 0, 0, 0, 0, 0, 0, 0, 0
433870, 0.238173, 0, 0, 0, 0, 0, 0, 0, 0, 0, 0, 0
433881, 0.238173, 0, 0, 0, 0, 0, 0, 0, 0, 0, 0, 0
433890, 0.240277, 0, 0, 0, 0, 0, 0, 0, 0, 0, 0, 0
433900, 0.249098, 0, 0, 0, 0, 0, 0, 0, 0, 0, 0, 0
433910, 0.251411, 0, 0, 0, 0, 0, 0, 0, 0, 0, 0, 0
433921, 0.249098, 0, 0, 0, 0, 0, 0, 0, 0, 0, 0, 0
433930, 0.251411, 0, 0, 0, 0, 0, 0, 0, 0, 0, 0, 0
433940, 0.249098, 0, 0, 0, 0, 0, 0, 0, 0, 0, 0, 0
433950, 0.251411, 0, 0, 0, 0, 0, 0, 0, 0, 0, 0, 0
433960, 0.242421, 0, 0, 0, 0, 0, 0, 0, 0, 0, 0, 0
433970, 0.242421, 0, 0, 0, 0, 0, 0, 0, 0, 0, 0, 0
433980, 0.249098, 0, 0, 0, 0, 0, 0, 0, 0, 0, 0, 0
433990, 0.251411, 0, 0, 0, 0, 0, 0, 0, 0, 0, 0, 0
434000, 0.242421, 0, 0, 0, 0, 0, 0, 0, 0, 0, 0, 0
434010, 0.251411, 0, 0, 0, 0, 0, 0, 0, 0, 0, 0, 0
434020, 0.251411, 0, 0, 0, 0, 0, 0, 0, 0, 0, 0, 0
434030, 0.24683, 0, 0, 0, 0, 0, 0, 0, 0, 0, 0, 0
434040, 0.251411, 0, 0, 0, 0, 0, 0, 0, 0, 0, 0, 0
434051, 0.24683, 0, 0, 0, 0, 0, 0, 0, 0, 0, 0, 0
434060, 0.240277, 0, 0, 0, 0, 0, 0, 0, 0, 0, 0, 0
434070, 0.242421, 0, 0, 0, 0, 0, 0, 0, 0, 0, 0, 0
434080, 0.242421, 0, 0, 0, 0, 0, 0, 0, 0, 0, 0, 0
434091, 0.240277, 0, 0, 0, 0, 0, 0, 0, 0, 0, 0, 0
434100, 0.240277, 0, 0, 0, 0, 0, 0, 0, 0, 0, 0, 0
434110, 0.242421, 0, 0, 0, 0, 0, 0, 0, 0, 0, 0, 0
434120, 0.240277, 0, 0, 0, 0, 0, 0, 0, 0, 0, 0, 0
434130, 0.236107, 0, 0, 0, 0, 0, 0, 0, 0, 0, 0, 0
434140, 0.242421, 0, 0, 0, 0, 0, 0, 0, 0, 0, 0, 0
434150, 0.251411, 0, 0, 0, 0, 0, 0, 0, 0, 0, 0, 0
434160, 0.253768, 0, 0, 0, 0, 0, 0, 0, 0, 0, 0, 0
434170, 0.242421, 0, 0, 0, 0, 0, 0, 0, 0, 0, 0, 0
434180, 0.253768, 0, 0, 0, 0, 0, 0, 0, 0, 0, 0, 0
434190, 0.249098, 0, 0, 0, 0, 0, 0, 0, 0, 0, 0, 0
434200, 0.251411, 0, 0, 0, 0, 0, 0, 0, 0, 0, 0, 0
434210, 0.251411, 0, 0, 0, 0, 0, 0, 0, 0, 0, 0, 0
434221, 0.244605, 0, 0, 0, 0, 0, 0, 0, 0, 0, 0, 0
434230, 0.251411, 0, 0, 0, 0, 0, 0, 0, 0, 0, 0, 0
434240, 0.251411, 0, 0, 0, 0, 0, 0, 0, 0, 0, 0, 0
434250, 0.249098, 0, 0, 0, 0, 0, 0, 0, 0, 0, 0, 0
434260, 0.242421, 0, 0, 0, 0, 0, 0, 0, 0, 0, 0, 0
434270, 0.242421, 0, 0, 0, 0, 0, 0, 0, 0, 0, 0, 0
434280, 0.242421, 0, 0, 0, 0, 0, 0, 0, 0, 0, 0, 0
434290, 0.240277, 0, 0, 0, 0, 0, 0, 0, 0, 0, 0, 0
434300, 0.242421, 0, 0, 0, 0, 0, 0, 0, 0, 0, 0, 0
434310, 0.249098, 0, 0, 0, 0, 0, 0, 0, 0, 0, 0, 0
434320, 0.251411, 0, 0, 0, 0, 0, 0, 0, 0, 0, 0, 0
434330, 0.249098, 0, 0, 0, 0, 0, 0, 0, 0, 0, 0, 0
434340, 0.240277, 0, 0, 0, 0, 0, 0, 0, 0, 0, 0, 0
434350, 0.236107, 0, 0, 0, 0, 0, 0, 0, 0, 0, 0, 0
434360, 0.249098, 0, 0, 0, 0, 0, 0, 0, 0, 0, 0, 0
434370, 0.249098, 0, 0, 0, 0, 0, 0, 0, 0, 0, 0, 0
434380, 0.253768, 0, 0, 0, 0, 0, 0, 0, 0, 0, 0, 0
434391, 0.242421, 0, 0, 0, 0, 0, 0, 0, 0, 0, 0, 0
434400, 0.242421, 0, 0, 0, 0, 0, 0, 0, 0, 0, 0, 0
434410, 0.242421, 0, 0, 0, 0, 0, 0, 0, 0, 0, 0, 0
434420, 0.242421, 0, 0, 0, 0, 0, 0, 0, 0, 0, 0, 0
434430, 0.236107, 0, 0, 0, 0, 0, 0, 0, 0, 0, 0, 0
434440, 0.240277, 0, 0, 0, 0, 0, 0, 0, 0, 0, 0, 0
434450, 0.249098, 0, 0, 0, 0, 0, 0, 0, 0, 0, 0, 0
434460, 0.249098, 0, 0, 0, 0, 0, 0, 0, 0, 0, 0, 0
434470, 0.249098, 0, 0, 0, 0, 0, 0, 0, 0, 0, 0, 0
434480, 0.249098, 0, 0, 0, 0, 0, 0, 0, 0, 0, 0, 0
434490, 0.251411, 0, 0, 0, 0, 0, 0, 0, 0, 0, 0, 0
434500, 0.238173, 0, 0, 0, 0, 0, 0, 0, 0, 0, 0, 0
434510, 0.244605, 0, 0, 0, 0, 0, 0, 0, 0, 0, 0, 0
434521, 0.242421, 0, 0, 0, 0, 0, 0, 0, 0, 0, 0, 0
434530, 0.251411, 0, 0, 0, 0, 0, 0, 0, 0, 0, 0, 0
434540, 0.251411, 0, 0, 0, 0, 0, 0, 0, 0, 0, 0, 0
434550, 0.249098, 0, 0, 0, 0, 0, 0, 0, 0, 0, 0, 0
434561, 0.251411, 0, 0, 0, 0, 0, 0, 0, 0, 0, 0, 0
434570, 0.251411, 0, 0, 0, 0, 0, 0, 0, 0, 0, 0, 0
434580, 0.238173, 0, 0, 0, 0, 0, 0, 0, 0, 0, 0, 0
434590, 0.240277, 0, 0, 0, 0, 0, 0, 0, 0, 0, 0, 0
434600, 0.242421, 0, 0, 0, 0, 0, 0, 0, 0, 0, 0, 0
434610, 0.242421, 0, 0, 0, 0, 0, 0, 0, 0, 0, 0, 0
434620, 0.242421, 0, 0, 0, 0, 0, 0, 0, 0, 0, 0, 0
434630, 0.242421, 0, 0, 0, 0, 0, 0, 0, 0, 0, 0, 0
434640, 0.240277, 0, 0, 0, 0, 0, 0, 0, 0, 0, 0, 0
434650, 0.232086, 0, 0, 0, 0, 0, 0, 0, 0, 0, 0, 0
434660, 0.240277, 0, 0, 0, 0, 0, 0, 0, 0, 0, 0, 0
434670, 0.240277, 0, 0, 0, 0, 0, 0, 0, 0, 0, 0, 0
434680, 0.242421, 0, 0, 0, 0, 0, 0, 0, 0, 0, 0, 0
434691, 0.240277, 0, 0, 0, 0, 0, 0, 0, 0, 0, 0, 0
434700, 0.242421, 0, 0, 0, 0, 0, 0, 0, 0, 0, 0, 0
434710, 0.242421, 0, 0, 0, 0, 0, 0, 0, 0, 0, 0, 0
434720, 0.240277, 0, 0, 0, 0, 0, 0, 0, 0, 0, 0, 0
434731, 0.234079, 0, 0, 0, 0, 0, 0, 0, 0, 0, 0, 0
434740, 0.251411, 0, 0, 0, 0, 0, 0, 0, 0, 0, 0, 0
434750, 0.244605, 0, 0, 0, 0, 0, 0, 0, 0, 0, 0, 0
434760, 0.242421, 0, 0, 0, 0, 0, 0, 0, 0, 0, 0, 0
434770, 0.251411, 0, 0, 0, 0, 0, 0, 0, 0, 0, 0, 0
434780, 0.251411, 0, 0, 0, 0, 0, 0, 0, 0, 0, 0, 0
434790, 0.249098, 0, 0, 0, 0, 0, 0, 0, 0, 0, 0, 0
434800, 0.240277, 0, 0, 0, 0, 0, 0, 0, 0, 0, 0, 0
434810, 0.242421, 0, 0, 0, 0, 0, 0, 0, 0, 0, 0, 0
434820, 0.242421, 0, 0, 0, 0, 0, 0, 0, 0, 0, 0, 0
434830, 0.251411, 0, 0, 0, 0, 0, 0, 0, 0, 0, 0, 0
434840, 0.249098, 0, 0, 0, 0, 0, 0, 0, 0, 0, 0, 0
434850, 0.249098, 0, 0, 0, 0, 0, 0, 0, 0, 0, 0, 0
434861, 0.242421, 0, 0, 0, 0, 0, 0, 0, 0, 0, 0, 0
434870, 0.242421, 0, 0, 0, 0, 0, 0, 0, 0, 0, 0, 0
434880, 0.242421, 0, 0, 0, 0, 0, 0, 0, 0, 0, 0, 0
434890, 0.242421, 0, 0, 0, 0, 0, 0, 0, 0, 0, 0, 0
434900, 0.242421, 0, 0, 0, 0, 0, 0, 0, 0, 0, 0, 0
434910, 0.251411, 0, 0, 0, 0, 0, 0, 0, 0, 0, 0, 0
434920, 0.249098, 0, 0, 0, 0, 0, 0, 0, 0, 0, 0, 0
434930, 0.242421, 0, 0, 0, 0, 0, 0, 0, 0, 0, 0, 0
434940, 0.251411, 0, 0, 0, 0, 0, 0, 0, 0, 0, 0, 0
434950, 0.244605, 0, 0, 0, 0, 0, 0, 0, 0, 0, 0, 0
434960, 0.24683, 0, 0, 0, 0, 0, 0, 0, 0, 0, 0, 0
434970, 0.251411, 0, 0, 0, 0, 0, 0, 0, 0, 0, 0, 0
434980, 0.253768, 0, 0, 0, 0, 0, 0, 0, 0, 0, 0, 0
434990, 0.24683, 0, 0, 0, 0, 0, 0, 0, 0, 0, 0, 0
435000, 0.251411, 0, 0, 0, 0, 0, 0, 0, 0, 0, 0, 0
435010, 0.242421, 0, 0, 0, 0, 0, 0, 0, 0, 0, 0, 0
435020, 0.249098, 0, 0, 0, 0, 0, 0, 0, 0, 0, 0, 0
435031, 0.242421, 0, 0, 0, 0, 0, 0, 0, 0, 0, 0, 0
435040, 0.249098, 0, 0, 0, 0, 0, 0, 0, 0, 0, 0, 0
435050, 0.249098, 0, 0, 0, 0, 0, 0, 0, 0, 0, 0, 0
435060, 0.251411, 0, 0, 0, 0, 0, 0, 0, 0, 0, 0, 0
435070, 0.249098, 0, 0, 0, 0, 0, 0, 0, 0, 0, 0, 0
435080, 0.240277, 0, 0, 0, 0, 0, 0, 0, 0, 0, 0, 0
435090, 0.240277, 0, 0, 0, 0, 0, 0, 0, 0, 0, 0, 0
435100, 0.249098, 0, 0, 0, 0, 0, 0, 0, 0, 0, 0, 0
435110, 0.251411, 0, 0, 0, 0, 0, 0, 0, 0, 0, 0, 0
435120, 0.249098, 0, 0, 0, 0, 0, 0, 0, 0, 0, 0, 0
435130, 0.251411, 0, 0, 0, 0, 0, 0, 0, 0, 0, 0, 0
435140, 0.251411, 0, 0, 0, 0, 0, 0, 0, 0, 0, 0, 0
435150, 0.249098, 0, 0, 0, 0, 0, 0, 0, 0, 0, 0, 0
435161, 0.249098, 0, 0, 0, 0, 0, 0, 0, 0, 0, 0, 0
435170, 0.249098, 0, 0, 0, 0, 0, 0, 0, 0, 0, 0, 0
435180, 0.242421, 0, 0, 0, 0, 0, 0, 0, 0, 0, 0, 0
435190, 0.242421, 0, 0, 0, 0, 0, 0, 0, 0, 0, 0, 0
435201, 0.244605, 0, 0, 0, 0, 0, 0, 0, 0, 0, 0, 0
435210, 0.242421, 0, 0, 0, 0, 0, 0, 0, 0, 0, 0, 0
435220, 0.244605, 0, 0, 0, 0, 0, 0, 0, 0, 0, 0, 0
435230, 0.240277, 0, 0, 0, 0, 0, 0, 0, 0, 0, 0, 0
435240, 0.24683, 0, 0, 0, 0, 0, 0, 0, 0, 0, 0, 0
435250, 0.244605, 0, 0, 0, 0, 0, 0, 0, 0, 0, 0, 0
435260, 0.240277, 0, 0, 0, 0, 0, 0, 0, 0, 0, 0, 0
435270, 0.242421, 0, 0, 0, 0, 0, 0, 0, 0, 0, 0, 0
435280, 0.244605, 0, 0, 0, 0, 0, 0, 0, 0, 0, 0, 0
435290, 0.251411, 0, 0, 0, 0, 0, 0, 0, 0, 0, 0, 0
435300, 0.251411, 0, 0, 0, 0, 0, 0, 0, 0, 0, 0, 0
435310, 0.251411, 0, 0, 0, 0, 0, 0, 0, 0, 0, 0, 0
435320, 0.251411, 0, 0, 0, 0, 0, 0, 0, 0, 0, 0, 0
435331, 0.244605, 0, 0, 0, 0, 0, 0, 0, 0, 0, 0, 0
435340, 0.253768, 0, 0, 0, 0, 0, 0, 0, 0, 0, 0, 0
435350, 0.251411, 0, 0, 0, 0, 0, 0, 0, 0, 0, 0, 0
435360, 0.249098, 0, 0, 0, 0, 0, 0, 0, 0, 0, 0, 0
435371, 0.238173, 0, 0, 0, 0, 0, 0, 0, 0, 0, 0, 0
435380, 0.242421, 0, 0, 0, 0, 0, 0, 0, 0, 0, 0, 0
435390, 0.242421, 0, 0, 0, 0, 0, 0, 0, 0, 0, 0, 0
435400, 0.240277, 0, 0, 0, 0, 0, 0, 0, 0, 0, 0, 0
435410, 0.242421, 0, 0, 0, 0, 0, 0, 0, 0, 0, 0, 0
435420, 0.249098, 0, 0, 0, 0, 0, 0, 0, 0, 0, 0, 0
435430, 0.242421, 0, 0, 0, 0, 0, 0, 0, 0, 0, 0, 0
435440, 0.242421, 0, 0, 0, 0, 0, 0, 0, 0, 0, 0, 0
435450, 0.251411, 0, 0, 0, 0, 0, 0, 0, 0, 0, 0, 0
435460, 0.251411, 0, 0, 0, 0, 0, 0, 0, 0, 0, 0, 0
435470, 0.249098, 0, 0, 0, 0, 0, 0, 0, 0, 0, 0, 0
435480, 0.249098, 0, 0, 0, 0, 0, 0, 0, 0, 0, 0, 0
435490, 0.251411, 0, 0, 0, 0, 0, 0, 0, 0, 0, 0, 0
435501, 0.242421, 0, 0, 0, 0, 0, 0, 0, 0, 0, 0, 0
435510, 0.249098, 0, 0, 0, 0, 0, 0, 0, 0, 0, 0, 0
435520, 0.249098, 0, 0, 0, 0, 0, 0, 0, 0, 0, 0, 0
435530, 0.251411, 0, 0, 0, 0, 0, 0, 0, 0, 0, 0, 0
435540, 0.242421, 0, 0, 0, 0, 0, 0, 0, 0, 0, 0, 0
435550, 0.240277, 0, 0, 0, 0, 0, 0, 0, 0, 0, 0, 0
435560, 0.251411, 0, 0, 0, 0, 0, 0, 0, 0, 0, 0, 0
435570, 0.251411, 0, 0, 0, 0, 0, 0, 0, 0, 0, 0, 0
435580, 0.249098, 0, 0, 0, 0, 0, 0, 0, 0, 0, 0, 0
435590, 0.242421, 0, 0, 0, 0, 0, 0, 0, 0, 0, 0, 0
435600, 0.242421, 0, 0, 0, 0, 0, 0, 0, 0, 0, 0, 0
435610, 0.24683, 0, 0, 0, 0, 0, 0, 0, 0, 0, 0, 0
435620, 0.240277, 0, 0, 0, 0, 0, 0, 0, 0, 0, 0, 0
435630, 0.234079, 0, 0, 0, 0, 0, 0, 0, 0, 0, 0, 0
435640, 0.253768, 0, 0, 0, 0, 0, 0, 0, 0, 0, 0, 0
435650, 0.240277, 0, 0, 0, 0, 0, 0, 0, 0, 0, 0, 0
435660, 0.242421, 0, 0, 0, 0, 0, 0, 0, 0, 0, 0, 0
435671, 0.251411, 0, 0, 0, 0, 0, 0, 0, 0, 0, 0, 0
435680, 0.242421, 0, 0, 0, 0, 0, 0, 0, 0, 0, 0, 0
435690, 0.242421, 0, 0, 0, 0, 0, 0, 0, 0, 0, 0, 0
435700, 0.249098, 0, 0, 0, 0, 0, 0, 0, 0, 0, 0, 0
435710, 0.253768, 0, 0, 0, 0, 0, 0, 0, 0, 0, 0, 0
435720, 0.251411, 0, 0, 0, 0, 0, 0, 0, 0, 0, 0, 0
435730, 0.249098, 0, 0, 0, 0, 0, 0, 0, 0, 0, 0, 0
435740, 0.251411, 0, 0, 0, 0, 0, 0, 0, 0, 0, 0, 0
435750, 0.238173, 0, 0, 0, 0, 0, 0, 0, 0, 0, 0, 0
435760, 0.251411, 0, 0, 0, 0, 0, 0, 0, 0, 0, 0, 0
435770, 0.249098, 0, 0, 0, 0, 0, 0, 0, 0, 0, 0, 0
435780, 0.249098, 0, 0, 0, 0, 0, 0, 0, 0, 0, 0, 0
435790, 0.249098, 0, 0, 0, 0, 0, 0, 0, 0, 0, 0, 0
435801, 0.242421, 0, 0, 0, 0, 0, 0, 0, 0, 0, 0, 0
435810, 0.242421, 0, 0, 0, 0, 0, 0, 0, 0, 0, 0, 0
435820, 0.242421, 0, 0, 0, 0, 0, 0, 0, 0, 0, 0, 0
435830, 0.240277, 0, 0, 0, 0, 0, 0, 0, 0, 0, 0, 0
435841, 0.24683, 0, 0, 0, 0, 0, 0, 0, 0, 0, 0, 0
435850, 0.240277, 0, 0, 0, 0, 0, 0, 0, 0, 0, 0, 0
435860, 0.251411, 0, 0, 0, 0, 0, 0, 0, 0, 0, 0, 0
435870, 0.251411, 0, 0, 0, 0, 0, 0, 0, 0, 0, 0, 0
435880, 0.251411, 0, 0, 0, 0, 0, 0, 0, 0, 0, 0, 0
435890, 0.251411, 0, 0, 0, 0, 0, 0, 0, 0, 0, 0, 0
435900, 0.251411, 0, 0, 0, 0, 0, 0, 0, 0, 0, 0, 0
435910, 0.251411, 0, 0, 0, 0, 0, 0, 0, 0, 0, 0, 0
435920, 0.249098, 0, 0, 0, 0, 0, 0, 0, 0, 0, 0, 0
435930, 0.244605, 0, 0, 0, 0, 0, 0, 0, 0, 0, 0, 0
435940, 0.242421, 0, 0, 0, 0, 0, 0, 0, 0, 0, 0, 0
435950, 0.251411, 0, 0, 0, 0, 0, 0, 0, 0, 0, 0, 0
435960, 0.253768, 0, 0, 0, 0, 0, 0, 0, 0, 0, 0, 0
435971, 0.249098, 0, 0, 0, 0, 0, 0, 0, 0, 0, 0, 0
435980, 0.249098, 0, 0, 0, 0, 0, 0, 0, 0, 0, 0, 0
435990, 0.249098, 0, 0, 0, 0, 0, 0, 0, 0, 0, 0, 0
436000, 0.242421, 0, 0, 0, 0, 0, 0, 0, 0, 0, 0, 0
436011, 0.240277, 0, 0, 0, 0, 0, 0, 0, 0, 0, 0, 0
436020, 0.251411, 0, 0, 0, 0, 0, 0, 0, 0, 0, 0, 0
436030, 0.251411, 0, 0, 0, 0, 0, 0, 0, 0, 0, 0, 0
436040, 0.251411, 0, 0, 0, 0, 0, 0, 0, 0, 0, 0, 0
436050, 0.249098, 0, 0, 0, 0, 0, 0, 0, 0, 0, 0, 0
436060, 0.240277, 0, 0, 0, 0, 0, 0, 0, 0, 0, 0, 0
436070, 0.242421, 0, 0, 0, 0, 0, 0, 0, 0, 0, 0, 0
436080, 0.251411, 0, 0, 0, 0, 0, 0, 0, 0, 0, 0, 0
436090, 0.251411, 0, 0, 0, 0, 0, 0, 0, 0, 0, 0, 0
436100, 0.240277, 0, 0, 0, 0, 0, 0, 0, 0, 0, 0, 0
436110, 0.242421, 0, 0, 0, 0, 0, 0, 0, 0, 0, 0, 0
436120, 0.240277, 0, 0, 0, 0, 0, 0, 0, 0, 0, 0, 0
436130, 0.251411, 0, 0, 0, 0, 0, 0, 0, 0, 0, 0, 0
436141, 0.249098, 0, 0, 0, 0, 0, 0, 0, 0, 0, 0, 0
436150, 0.238173, 0, 0, 0, 0, 0, 0, 0, 0, 0, 0, 0
436160, 0.249098, 0, 0, 0, 0, 0, 0, 0, 0, 0, 0, 0
436170, 0.24683, 0, 0, 0, 0, 0, 0, 0, 0, 0, 0, 0
436180, 0.253768, 0, 0, 0, 0, 0, 0, 0, 0, 0, 0, 0
436190, 0.251411, 0, 0, 0, 0, 0, 0, 0, 0, 0, 0, 0
436200, 0.251411, 0, 0, 0, 0, 0, 0, 0, 0, 0, 0, 0
436210, 0.24683, 0, 0, 0, 0, 0, 0, 0, 0, 0, 0, 0
436220, 0.249098, 0, 0, 0, 0, 0, 0, 0, 0, 0, 0, 0
436230, 0.244605, 0, 0, 0, 0, 0, 0, 0, 0, 0, 0, 0
436240, 0.244605, 0, 0, 0, 0, 0, 0, 0, 0, 0, 0, 0
436250, 0.242421, 0, 0, 0, 0, 0, 0, 0, 0, 0, 0, 0
436260, 0.240277, 0, 0, 0, 0, 0, 0, 0, 0, 0, 0, 0
436270, 0.249098, 0, 0, 0, 0, 0, 0, 0, 0, 0, 0, 0
436280, 0.251411, 0, 0, 0, 0, 0, 0, 0, 0, 0, 0, 0
436290, 0.249098, 0, 0, 0, 0, 0, 0, 0, 0, 0, 0, 0
436300, 0.251411, 0, 0, 0, 0, 0, 0, 0, 0, 0, 0, 0
436311, 0.251411, 0, 0, 0, 0, 0, 0, 0, 0, 0, 0, 0
436320, 0.240277, 0, 0, 0, 0, 0, 0, 0, 0, 0, 0, 0
436330, 0.249098, 0, 0, 0, 0, 0, 0, 0, 0, 0, 0, 0
436340, 0.251411, 0, 0, 0, 0, 0, 0, 0, 0, 0, 0, 0
436350, 0.249098, 0, 0, 0, 0, 0, 0, 0, 0, 0, 0, 0
436360, 0.242421, 0, 0, 0, 0, 0, 0, 0, 0, 0, 0, 0
436370, 0.240277, 0, 0, 0, 0, 0, 0, 0, 0, 0, 0, 0
436380, 0.249098, 0, 0, 0, 0, 0, 0, 0, 0, 0, 0, 0
436390, 0.249098, 0, 0, 0, 0, 0, 0, 0, 0, 0, 0, 0
436400, 0.242421, 0, 0, 0, 0, 0, 0, 0, 0, 0, 0, 0
436410, 0.249098, 0, 0, 0, 0, 0, 0, 0, 0, 0, 0, 0
436420, 0.249098, 0, 0, 0, 0, 0, 0, 0, 0, 0, 0, 0
436430, 0.249098, 0, 0, 0, 0, 0, 0, 0, 0, 0, 0, 0
436441, 0.251411, 0, 0, 0, 0, 0, 0, 0, 0, 0, 0, 0
436450, 0.242421, 0, 0, 0, 0, 0, 0, 0, 0, 0, 0, 0
436460, 0.249098, 0, 0, 0, 0, 0, 0, 0, 0, 0, 0, 0
436470, 0.251411, 0, 0, 0, 0, 0, 0, 0, 0, 0, 0, 0
436481, 0.253768, 0, 0, 0, 0, 0, 0, 0, 0, 0, 0, 0
436490, 0.242421, 0, 0, 0, 0, 0, 0, 0, 0, 0, 0, 0
436500, 0.242421, 0, 0, 0, 0, 0, 0, 0, 0, 0, 0, 0
436510, 0.249098, 0, 0, 0, 0, 0, 0, 0, 0, 0, 0, 0
436520, 0.240277, 0, 0, 0, 0, 0, 0, 0, 0, 0, 0, 0
436530, 0.234079, 0, 0, 0, 0, 0, 0, 0, 0, 0, 0, 0
436540, 0.251411, 0, 0, 0, 0, 0, 0, 0, 0, 0, 0, 0
436550, 0.251411, 0, 0, 0, 0, 0, 0, 0, 0, 0, 0, 0
436560, 0.251411, 0, 0, 0, 0, 0, 0, 0, 0, 0, 0, 0
436570, 0.251411, 0, 0, 0, 0, 0, 0, 0, 0, 0, 0, 0
436580, 0.242421, 0, 0, 0, 0, 0, 0, 0, 0, 0, 0, 0
436590, 0.242421, 0, 0, 0, 0, 0, 0, 0, 0, 0, 0, 0
436600, 0.238173, 0, 0, 0, 0, 0, 0, 0, 0, 0, 0, 0
436611, 0.238173, 0, 0, 0, 0, 0, 0, 0, 0, 0, 0, 0
436620, 0.251411, 0, 0, 0, 0, 0, 0, 0, 0, 0, 0, 0
436630, 0.251411, 0, 0, 0, 0, 0, 0, 0, 0, 0, 0, 0
436640, 0.251411, 0, 0, 0, 0, 0, 0, 0, 0, 0, 0, 0
436651, 0.251411, 0, 0, 0, 0, 0, 0, 0, 0, 0, 0, 0
436660, 0.251411, 0, 0, 0, 0, 0, 0, 0, 0, 0, 0, 0
436670, 0.249098, 0, 0, 0, 0, 0, 0, 0, 0, 0, 0, 0
436680, 0.238173, 0, 0, 0, 0, 0, 0, 0, 0, 0, 0, 0
436690, 0.240277, 0, 0, 0, 0, 0, 0, 0, 0, 0, 0, 0
436700, 0.251411, 0, 0, 0, 0, 0, 0, 0, 0, 0, 0, 0
436710, 0.251411, 0, 0, 0, 0, 0, 0, 0, 0, 0, 0, 0
436720, 0.249098, 0, 0, 0, 0, 0, 0, 0, 0, 0, 0, 0
436730, 0.242421, 0, 0, 0, 0, 0, 0, 0, 0, 0, 0, 0
436740, 0.249098, 0, 0, 0, 0, 0, 0, 0, 0, 0, 0, 0
436750, 0.244605, 0, 0, 0, 0, 0, 0, 0, 0, 0, 0, 0
436760, 0.249098, 0, 0, 0, 0, 0, 0, 0, 0, 0, 0, 0
436770, 0.251411, 0, 0, 0, 0, 0, 0, 0, 0, 0, 0, 0
436781, 0.253768, 0, 0, 0, 0, 0, 0, 0, 0, 0, 0, 0
436790, 0.242421, 0, 0, 0, 0, 0, 0, 0, 0, 0, 0, 0
436800, 0.238173, 0, 0, 0, 0, 0, 0, 0, 0, 0, 0, 0
436810, 0.249098, 0, 0, 0, 0, 0, 0, 0, 0, 0, 0, 0
436820, 0.242421, 0, 0, 0, 0, 0, 0, 0, 0, 0, 0, 0
436830, 0.236107, 0, 0, 0, 0, 0, 0, 0, 0, 0, 0, 0
436840, 0.242421, 0, 0, 0, 0, 0, 0, 0, 0, 0, 0, 0
436850, 0.240277, 0, 0, 0, 0, 0, 0, 0, 0, 0, 0, 0
436860, 0.242421, 0, 0, 0, 0, 0, 0, 0, 0, 0, 0, 0
436870, 0.249098, 0, 0, 0, 0, 0, 0, 0, 0, 0, 0, 0
436880, 0.242421, 0, 0, 0, 0, 0, 0, 0, 0, 0, 0, 0
436890, 0.240277, 0, 0, 0, 0, 0, 0, 0, 0, 0, 0, 0
436900, 0.242421, 0, 0, 0, 0, 0, 0, 0, 0, 0, 0, 0
436910, 0.244605, 0, 0, 0, 0, 0, 0, 0, 0, 0, 0, 0
436920, 0.251411, 0, 0, 0, 0, 0, 0, 0, 0, 0, 0, 0
436930, 0.242421, 0, 0, 0, 0, 0, 0, 0, 0, 0, 0, 0
436940, 0.240277, 0, 0, 0, 0, 0, 0, 0, 0, 0, 0, 0
436951, 0.249098, 0, 0, 0, 0, 0, 0, 0, 0, 0, 0, 0
436960, 0.251411, 0, 0, 0, 0, 0, 0, 0, 0, 0, 0, 0
436970, 0.253768, 0, 0, 0, 0, 0, 0, 0, 0, 0, 0, 0
436980, 0.249098, 0, 0, 0, 0, 0, 0, 0, 0, 0, 0, 0
436990, 0.251411, 0, 0, 0, 0, 0, 0, 0, 0, 0, 0, 0
437000, 0.240277, 0, 0, 0, 0, 0, 0, 0, 0, 0, 0, 0
437010, 0.249098, 0, 0, 0, 0, 0, 0, 0, 0, 0, 0, 0
437020, 0.249098, 0, 0, 0, 0, 0, 0, 0, 0, 0, 0, 0
437030, 0.240277, 0, 0, 0, 0, 0, 0, 0, 0, 0, 0, 0
437040, 0.242421, 0, 0, 0, 0, 0, 0, 0, 0, 0, 0, 0
437050, 0.234079, 0, 0, 0, 0, 0, 0, 0, 0, 0, 0, 0
437060, 0.236107, 0, 0, 0, 0, 0, 0, 0, 0, 0, 0, 0
437070, 0.242421, 0, 0, 0, 0, 0, 0, 0, 0, 0, 0, 0
437081, 0.242421, 0, 0, 0, 0, 0, 0, 0, 0, 0, 0, 0
437090, 0.251411, 0, 0, 0, 0, 0, 0, 0, 0, 0, 0, 0
437100, 0.249098, 0, 0, 0, 0, 0, 0, 0, 0, 0, 0, 0
437110, 0.242421, 0, 0, 0, 0, 0, 0, 0, 0, 0, 0, 0
437121, 0.240277, 0, 0, 0, 0, 0, 0, 0, 0, 0, 0, 0
437130, 0.234079, 0, 0, 0, 0, 0, 0, 0, 0, 0, 0, 0
437140, 0.251411, 0, 0, 0, 0, 0, 0, 0, 0, 0, 0, 0
437150, 0.251411, 0, 0, 0, 0, 0, 0, 0, 0, 0, 0, 0
437160, 0.253768, 0, 0, 0, 0, 0, 0, 0, 0, 0, 0, 0
437170, 0.251411, 0, 0, 0, 0, 0, 0, 0, 0, 0, 0, 0
437180, 0.240277, 0, 0, 0, 0, 0, 0, 0, 0, 0, 0, 0
437190, 0.242421, 0, 0, 0, 0, 0, 0, 0, 0, 0, 0, 0
437200, 0.249098, 0, 0, 0, 0, 0, 0, 0, 0, 0, 0, 0
437210, 0.251411, 0, 0, 0, 0, 0, 0, 0, 0, 0, 0, 0
437220, 0.253768, 0, 0, 0, 0, 0, 0, 0, 0, 0, 0, 0
437230, 0.24683, 0, 0, 0, 0, 0, 0, 0, 0, 0, 0, 0
437240, 0.249098, 0, 0, 0, 0, 0, 0, 0, 0, 0, 0, 0
437251, 0.251411, 0, 0, 0, 0, 0, 0, 0, 0, 0, 0, 0
437260, 0.251411, 0, 0, 0, 0, 0, 0, 0, 0, 0, 0, 0
437270, 0.249098, 0, 0, 0, 0, 0, 0, 0, 0, 0, 0, 0
437280, 0.251411, 0, 0, 0, 0, 0, 0, 0, 0, 0, 0, 0
437291, 0.251411, 0, 0, 0, 0, 0, 0, 0, 0, 0, 0, 0
437300, 0.251411, 0, 0, 0, 0, 0, 0, 0, 0, 0, 0, 0
437310, 0.24683, 0, 0, 0, 0, 0, 0, 0, 0, 0, 0, 0
437320, 0.251411, 0, 0, 0, 0, 0, 0, 0, 0, 0, 0, 0
437330, 0.242421, 0, 0, 0, 0, 0, 0, 0, 0, 0, 0, 0
437340, 0.238173, 0, 0, 0, 0, 0, 0, 0, 0, 0, 0, 0
437350, 0.234079, 0, 0, 0, 0, 0, 0, 0, 0, 0, 0, 0
437360, 0.240277, 0, 0, 0, 0, 0, 0, 0, 0, 0, 0, 0
437370, 0.249098, 0, 0, 0, 0, 0, 0, 0, 0, 0, 0, 0
437380, 0.251411, 0, 0, 0, 0, 0, 0, 0, 0, 0, 0, 0
437390, 0.240277, 0, 0, 0, 0, 0, 0, 0, 0, 0, 0, 0
437400, 0.242421, 0, 0, 0, 0, 0, 0, 0, 0, 0, 0, 0
437410, 0.242421, 0, 0, 0, 0, 0, 0, 0, 0, 0, 0, 0
437421, 0.240277, 0, 0, 0, 0, 0, 0, 0, 0, 0, 0, 0
437430, 0.234079, 0, 0, 0, 0, 0, 0, 0, 0, 0, 0, 0
437440, 0.242421, 0, 0, 0, 0, 0, 0, 0, 0, 0, 0, 0
437450, 0.249098, 0, 0, 0, 0, 0, 0, 0, 0, 0, 0, 0
437460, 0.251411, 0, 0, 0, 0, 0, 0, 0, 0, 0, 0, 0
437470, 0.242421, 0, 0, 0, 0, 0, 0, 0, 0, 0, 0, 0
437480, 0.249098, 0, 0, 0, 0, 0, 0, 0, 0, 0, 0, 0
437490, 0.253768, 0, 0, 0, 0, 0, 0, 0, 0, 0, 0, 0
437500, 0.251411, 0, 0, 0, 0, 0, 0, 0, 0, 0, 0, 0
437510, 0.253768, 0, 0, 0, 0, 0, 0, 0, 0, 0, 0, 0
437520, 0.240277, 0, 0, 0, 0, 0, 0, 0, 0, 0, 0, 0
437530, 0.251411, 0, 0, 0, 0, 0, 0, 0, 0, 0, 0, 0
437540, 0.251411, 0, 0, 0, 0, 0, 0, 0, 0, 0, 0, 0
437550, 0.240277, 0, 0, 0, 0, 0, 0, 0, 0, 0, 0, 0
437560, 0.251411, 0, 0, 0, 0, 0, 0, 0, 0, 0, 0, 0
437570, 0.249098, 0, 0, 0, 0, 0, 0, 0, 0, 0, 0, 0
437580, 0.240277, 0, 0, 0, 0, 0, 0, 0, 0, 0, 0, 0
437591, 0.242421, 0, 0, 0, 0, 0, 0, 0, 0, 0, 0, 0
437600, 0.249098, 0, 0, 0, 0, 0, 0, 0, 0, 0, 0, 0
437610, 0.249098, 0, 0, 0, 0, 0, 0, 0, 0, 0, 0, 0
437620, 0.251411, 0, 0, 0, 0, 0, 0, 0, 0, 0, 0, 0
437630, 0.251411, 0, 0, 0, 0, 0, 0, 0, 0, 0, 0, 0
437640, 0.249098, 0, 0, 0, 0, 0, 0, 0, 0, 0, 0, 0
437650, 0.24683, 0, 0, 0, 0, 0, 0, 0, 0, 0, 0, 0
437660, 0.240277, 0, 0, 0, 0, 0, 0, 0, 0, 0, 0, 0
437670, 0.251411, 0, 0, 0, 0, 0, 0, 0, 0, 0, 0, 0
437680, 0.251411, 0, 0, 0, 0, 0, 0, 0, 0, 0, 0, 0
437690, 0.238173, 0, 0, 0, 0, 0, 0, 0, 0, 0, 0, 0
437700, 0.242421, 0, 0, 0, 0, 0, 0, 0, 0, 0, 0, 0
437710, 0.251411, 0, 0, 0, 0, 0, 0, 0, 0, 0, 0, 0
437721, 0.249098, 0, 0, 0, 0, 0, 0, 0, 0, 0, 0, 0
437730, 0.24683, 0, 0, 0, 0, 0, 0, 0, 0, 0, 0, 0
437740, 0.242421, 0, 0, 0, 0, 0, 0, 0, 0, 0, 0, 0
437750, 0.249098, 0, 0, 0, 0, 0, 0, 0, 0, 0, 0, 0
437761, 0.249098, 0, 0, 0, 0, 0, 0, 0, 0, 0, 0, 0
437770, 0.251411, 0, 0, 0, 0, 0, 0, 0, 0, 0, 0, 0
437780, 0.240277, 0, 0, 0, 0, 0, 0, 0, 0, 0, 0, 0
437790, 0.242421, 0, 0, 0, 0, 0, 0, 0, 0, 0, 0, 0
437800, 0.251411, 0, 0, 0, 0, 0, 0, 0, 0, 0, 0, 0
437810, 0.253768, 0, 0, 0, 0, 0, 0, 0, 0, 0, 0, 0
437820, 0.249098, 0, 0, 0, 0, 0, 0, 0, 0, 0, 0, 0
437830, 0.251411, 0, 0, 0, 0, 0, 0, 0, 0, 0, 0, 0
437840, 0.249098, 0, 0, 0, 0, 0, 0, 0, 0, 0, 0, 0
437850, 0.238173, 0, 0, 0, 0, 0, 0, 0, 0, 0, 0, 0
437860, 0.240277, 0, 0, 0, 0, 0, 0, 0, 0, 0, 0, 0
437870, 0.240277, 0, 0, 0, 0, 0, 0, 0, 0, 0, 0, 0
437880, 0.242421, 0, 0, 0, 0, 0, 0, 0, 0, 0, 0, 0
437891, 0.242421, 0, 0, 0, 0, 0, 0, 0, 0, 0, 0, 0
437900, 0.242421, 0, 0, 0, 0, 0, 0, 0, 0, 0, 0, 0
437910, 0.251411, 0, 0, 0, 0, 0, 0, 0, 0, 0, 0, 0
437920, 0.251411, 0, 0, 0, 0, 0, 0, 0, 0, 0, 0, 0
437931, 0.253768, 0, 0, 0, 0, 0, 0, 0, 0, 0, 0, 0
437940, 0.240277, 0, 0, 0, 0, 0, 0, 0, 0, 0, 0, 0
437950, 0.22446, 0, 0, 0, 0, 0, 0, 0, 0, 0, 0, 0
437960, 0.240277, 0, 0, 0, 0, 0, 0, 0, 0, 0, 0, 0
437970, 0.242421, 0, 0, 0, 0, 0, 0, 0, 0, 0, 0, 0
437980, 0.242421, 0, 0, 0, 0, 0, 0, 0, 0, 0, 0, 0
437990, 0.249098, 0, 0, 0, 0, 0, 0, 0, 0, 0, 0, 0
438000, 0.251411, 0, 0, 0, 0, 0, 0, 0, 0, 0, 0, 0
438010, 0.240277, 0, 0, 0, 0, 0, 0, 0, 0, 0, 0, 0
