QGPIORecord, QRC v6.1.0, 20-12-2023 @ 23:22:28, Windows 10 Version 2009, 10.0.22621, x86_64
Time, ValueIn0, ValueIn1, ValueIn2, ValueIn3, ValueIn4, ValueIn5, ValueIn6, ValueIn7, ValueIn8, ValueIn9, ValueIn10, ValueIn11
7960, 0, 0.0993932, 0, 0, 0, 0, 0, 0, 0, 0, 0, 0
7971, 0, 0.0997103, 0, 0, 0, 0, 0, 0, 0, 0, 0, 0
7981, 0, 0.0997103, 0, 0, 0, 0, 0, 0, 0, 0, 0, 0
7990, 0, 0.0997103, 0, 0, 0, 0, 0, 0, 0, 0, 0, 0
8000, 0, 0.0997103, 0, 0, 0, 0, 0, 0, 0, 0, 0, 0
8010, 0, 0.0997103, 0, 0, 0, 0, 0, 0, 0, 0, 0, 0
8020, 0, 0.0997103, 0, 0, 0, 0, 0, 0, 0, 0, 0, 0
8030, 0, 0.0997103, 0, 0, 0, 0, 0, 0, 0, 0, 0, 0
8040, 0, 0.0997103, 0, 0, 0, 0, 0, 0, 0, 0, 0, 0
8050, 0, 0.0993932, 0, 0, 0, 0, 0, 0, 0, 0, 0, 0
8060, 0, 0.10003, 0, 0, 0, 0, 0, 0, 0, 0, 0, 0
8070, 0, 0.0993932, 0, 0, 0, 0, 0, 0, 0, 0, 0, 0
8080, 0, 0.0997103, 0, 0, 0, 0, 0, 0, 0, 0, 0, 0
8090, 0, 0.0997103, 0, 0, 0, 0, 0, 0, 0, 0, 0, 0
8100, 0, 0.0997103, 0, 0, 0, 0, 0, 0, 0, 0, 0, 0
8111, 0, 0.0997103, 0, 0, 0, 0, 0, 0, 0, 0, 0, 0
8120, 0, 0.0997103, 0, 0, 0, 0, 0, 0, 0, 0, 0, 0
8130, 0, 0.0993932, 0, 0, 0, 0, 0, 0, 0, 0, 0, 0
8140, 0, 0.10003, 0, 0, 0, 0, 0, 0, 0, 0, 0, 0
8151, 0, 0.0997103, 0, 0, 0, 0, 0, 0, 0, 0, 0, 0
8160, 0, 0.0997103, 0, 0, 0, 0, 0, 0, 0, 0, 0, 0
8170, 0, 0.0997103, 0, 0, 0, 0, 0, 0, 0, 0, 0, 0
8180, 0, 0.0997103, 0, 0, 0, 0, 0, 0, 0, 0, 0, 0
8190, 0, 0.0997103, 0, 0, 0, 0, 0, 0, 0, 0, 0, 0
8200, 0, 0.0997103, 0, 0, 0, 0, 0, 0, 0, 0, 0, 0
8210, 0, 0.0997103, 0, 0, 0, 0, 0, 0, 0, 0, 0, 0
8220, 0, 0.10003, 0, 0, 0, 0, 0, 0, 0, 0, 0, 0
8230, 0, 0.0997103, 0, 0, 0, 0, 0, 0, 0, 0, 0, 0
8240, 0, 0.100675, 0, 0, 0, 0, 0, 0, 0, 0, 0, 0
8250, 0, 0.101002, 0, 0, 0, 0, 0, 0, 0, 0, 0, 0
8260, 0, 0.0993932, 0, 0, 0, 0, 0, 0, 0, 0, 0, 0
8270, 0, 0.0997103, 0, 0, 0, 0, 0, 0, 0, 0, 0, 0
8281, 0, 0.0997103, 0, 0, 0, 0, 0, 0, 0, 0, 0, 0
8290, 0, 0.0993932, 0, 0, 0, 0, 0, 0, 0, 0, 0, 0
8300, 0, 0.10003, 0, 0, 0, 0, 0, 0, 0, 0, 0, 0
8310, 0, 0.0997103, 0, 0, 0, 0, 0, 0, 0, 0, 0, 0
8321, 0, 0.0993932, 0, 0, 0, 0, 0, 0, 0, 0, 0, 0
8330, 0, 0.0997103, 0, 0, 0, 0, 0, 0, 0, 0, 0, 0
8340, 0, 0.0993932, 0, 0, 0, 0, 0, 0, 0, 0, 0, 0
8350, 0, 0.0993932, 0, 0, 0, 0, 0, 0, 0, 0, 0, 0
8360, 0, 0.0997103, 0, 0, 0, 0, 0, 0, 0, 0, 0, 0
8370, 0, 0.0997103, 0, 0, 0, 0, 0, 0, 0, 0, 0, 0
8380, 0, 0.0997103, 0, 0, 0, 0, 0, 0, 0, 0, 0, 0
8390, 0, 0.10003, 0, 0, 0, 0, 0, 0, 0, 0, 0, 0
8400, 0, 0.0997103, 0, 0, 0, 0, 0, 0, 0, 0, 0, 0
8410, 0, 0.0997103, 0, 0, 0, 0, 0, 0, 0, 0, 0, 0
8420, 0, 0.0997103, 0, 0, 0, 0, 0, 0, 0, 0, 0, 0
8430, 0, 0.0993932, 0, 0, 0, 0, 0, 0, 0, 0, 0, 0
8440, 0, 0.0997103, 0, 0, 0, 0, 0, 0, 0, 0, 0, 0
8451, 0, 0.0997103, 0, 0, 0, 0, 0, 0, 0, 0, 0, 0
8460, 0, 0.0997103, 0, 0, 0, 0, 0, 0, 0, 0, 0, 0
8470, 0, 0.0997103, 0, 0, 0, 0, 0, 0, 0, 0, 0, 0
8480, 0, 0.0997103, 0, 0, 0, 0, 0, 0, 0, 0, 0, 0
8491, 0, 0.0997103, 0, 0, 0, 0, 0, 0, 0, 0, 0, 0
8500, 0, 0.0997103, 0, 0, 0, 0, 0, 0, 0, 0, 0, 0
8510, 0, 0.0997103, 0, 0, 0, 0, 0, 0, 0, 0, 0, 0
8520, 0, 0.0997103, 0, 0, 0, 0, 0, 0, 0, 0, 0, 0
8530, 0, 0.0997103, 0, 0, 0, 0, 0, 0, 0, 0, 0, 0
8540, 0, 0.0993932, 0, 0, 0, 0, 0, 0, 0, 0, 0, 0
8550, 0, 0.10003, 0, 0, 0, 0, 0, 0, 0, 0, 0, 0
8560, 0, 0.0997103, 0, 0, 0, 0, 0, 0, 0, 0, 0, 0
8570, 0, 0.0997103, 0, 0, 0, 0, 0, 0, 0, 0, 0, 0
8580, 0, 0.0997103, 0, 0, 0, 0, 0, 0, 0, 0, 0, 0
8590, 0, 0.0997103, 0, 0, 0, 0, 0, 0, 0, 0, 0, 0
8600, 0, 0.0997103, 0, 0, 0, 0, 0, 0, 0, 0, 0, 0
8610, 0, 0.0997103, 0, 0, 0, 0, 0, 0, 0, 0, 0, 0
8621, 0, 0.0997103, 0, 0, 0, 0, 0, 0, 0, 0, 0, 0
8630, 0, 0.10003, 0, 0, 0, 0, 0, 0, 0, 0, 0, 0
8640, 0, 0.0997103, 0, 0, 0, 0, 0, 0, 0, 0, 0, 0
8650, 0, 0.0997103, 0, 0, 0, 0, 0, 0, 0, 0, 0, 0
8660, 0, 0.0997103, 0, 0, 0, 0, 0, 0, 0, 0, 0, 0
8670, 0, 0.0997103, 0, 0, 0, 0, 0, 0, 0, 0, 0, 0
8680, 0, 0.0997103, 0, 0, 0, 0, 0, 0, 0, 0, 0, 0
8690, 0, 0.0997103, 0, 0, 0, 0, 0, 0, 0, 0, 0, 0
8700, 0, 0.0997103, 0, 0, 0, 0, 0, 0, 0, 0, 0, 0
8710, 0, 0.10003, 0, 0, 0, 0, 0, 0, 0, 0, 0, 0
8720, 0, 0.0997103, 0, 0, 0, 0, 0, 0, 0, 0, 0, 0
8730, 0, 0.0997103, 0, 0, 0, 0, 0, 0, 0, 0, 0, 0
8740, 0, 0.0997103, 0, 0, 0, 0, 0, 0, 0, 0, 0, 0
8750, 0, 0.0997103, 0, 0, 0, 0, 0, 0, 0, 0, 0, 0
8760, 0, 0.0997103, 0, 0, 0, 0, 0, 0, 0, 0, 0, 0
8770, 0, 0.0997103, 0, 0, 0, 0, 0, 0, 0, 0, 0, 0
8780, 0, 0.0993932, 0, 0, 0, 0, 0, 0, 0, 0, 0, 0
8791, 0, 0.10003, 0, 0, 0, 0, 0, 0, 0, 0, 0, 0
8800, 0, 0.0997103, 0, 0, 0, 0, 0, 0, 0, 0, 0, 0
8810, 0, 0.0997103, 0, 0, 0, 0, 0, 0, 0, 0, 0, 0
8820, 0, 0.0997103, 0, 0, 0, 0, 0, 0, 0, 0, 0, 0
8830, 0, 0.0993932, 0, 0, 0, 0, 0, 0, 0, 0, 0, 0
8840, 0, 0.0997103, 0, 0, 0, 0, 0, 0, 0, 0, 0, 0
8850, 0, 0.0997103, 0, 0, 0, 0, 0, 0, 0, 0, 0, 0
8860, 0, 0.0997103, 0, 0, 0, 0, 0, 0, 0, 0, 0, 0
8870, 0, 0.0997103, 0, 0, 0, 0, 0, 0, 0, 0, 0, 0
8880, 0, 0.10003, 0, 0, 0, 0, 0, 0, 0, 0, 0, 0
8890, 0, 0.0997103, 0, 0, 0, 0, 0, 0, 0, 0, 0, 0
8900, 0, 0.0997103, 0, 0, 0, 0, 0, 0, 0, 0, 0, 0
8910, 0, 0.0997103, 0, 0, 0, 0, 0, 0, 0, 0, 0, 0
8921, 0, 0.0997103, 0, 0, 0, 0, 0, 0, 0, 0, 0, 0
8930, 0, 0.0997103, 0, 0, 0, 0, 0, 0, 0, 0, 0, 0
8940, 0, 0.0993932, 0, 0, 0, 0, 0, 0, 0, 0, 0, 0
8950, 0, 0.0997103, 0, 0, 0, 0, 0, 0, 0, 0, 0, 0
8961, 0, 0.10003, 0, 0, 0, 0, 0, 0, 0, 0, 0, 0
8970, 0, 0.0997103, 0, 0, 0, 0, 0, 0, 0, 0, 0, 0
8980, 0, 0.0997103, 0, 0, 0, 0, 0, 0, 0, 0, 0, 0
8990, 0, 0.0997103, 0, 0, 0, 0, 0, 0, 0, 0, 0, 0
9000, 0, 0.101002, 0, 0, 0, 0, 0, 0, 0, 0, 0, 0
9010, 0, 0.101002, 0, 0, 0, 0, 0, 0, 0, 0, 0, 0
9020, 0, 0.0997103, 0, 0, 0, 0, 0, 0, 0, 0, 0, 0
9030, 0, 0.0997103, 0, 0, 0, 0, 0, 0, 0, 0, 0, 0
9040, 0, 0.10003, 0, 0, 0, 0, 0, 0, 0, 0, 0, 0
9050, 0, 0.0997103, 0, 0, 0, 0, 0, 0, 0, 0, 0, 0
9060, 0, 0.0997103, 0, 0, 0, 0, 0, 0, 0, 0, 0, 0
9070, 0, 0.101002, 0, 0, 0, 0, 0, 0, 0, 0, 0, 0
9080, 0, 0.0997103, 0, 0, 0, 0, 0, 0, 0, 0, 0, 0
9091, 0, 0.0997103, 0, 0, 0, 0, 0, 0, 0, 0, 0, 0
9100, 0, 0.0997103, 0, 0, 0, 0, 0, 0, 0, 0, 0, 0
9110, 0, 0.0997103, 0, 0, 0, 0, 0, 0, 0, 0, 0, 0
9120, 0, 0.10003, 0, 0, 0, 0, 0, 0, 0, 0, 0, 0
9131, 0, 0.0997103, 0, 0, 0, 0, 0, 0, 0, 0, 0, 0
9140, 0, 0.0993932, 0, 0, 0, 0, 0, 0, 0, 0, 0, 0
9150, 0, 0.0997103, 0, 0, 0, 0, 0, 0, 0, 0, 0, 0
9160, 0, 0.0993932, 0, 0, 0, 0, 0, 0, 0, 0, 0, 0
9170, 0, 0.0997103, 0, 0, 0, 0, 0, 0, 0, 0, 0, 0
9180, 0, 0.0997103, 0, 0, 0, 0, 0, 0, 0, 0, 0, 0
9190, 0, 0.0997103, 0, 0, 0, 0, 0, 0, 0, 0, 0, 0
9200, 0, 0.10003, 0, 0, 0, 0, 0, 0, 0, 0, 0, 0
9210, 0, 0.0997103, 0, 0, 0, 0, 0, 0, 0, 0, 0, 0
9220, 0, 0.0993932, 0, 0, 0, 0, 0, 0, 0, 0, 0, 0
9230, 0, 0.0997103, 0, 0, 0, 0, 0, 0, 0, 0, 0, 0
9240, 0, 0.0993932, 0, 0, 0, 0, 0, 0, 0, 0, 0, 0
9250, 0, 0.0997103, 0, 0, 0, 0, 0, 0, 0, 0, 0, 0
9261, 0, 0.0997103, 0, 0, 0, 0, 0, 0, 0, 0, 0, 0
9270, 0, 0.0997103, 0, 0, 0, 0, 0, 0, 0, 0, 0, 0
9280, 0, 0.10003, 0, 0, 0, 0, 0, 0, 0, 0, 0, 0
9290, 0, 0.0997103, 0, 0, 0, 0, 0, 0, 0, 0, 0, 0
9300, 0, 0.0997103, 0, 0, 0, 0, 0, 0, 0, 0, 0, 0
9310, 0, 0.0997103, 0, 0, 0, 0, 0, 0, 0, 0, 0, 0
9320, 0, 0.0993932, 0, 0, 0, 0, 0, 0, 0, 0, 0, 0
9330, 0, 0.0993932, 0, 0, 0, 0, 0, 0, 0, 0, 0, 0
9340, 0, 0.0997103, 0, 0, 0, 0, 0, 0, 0, 0, 0, 0
9350, 0, 0.0997103, 0, 0, 0, 0, 0, 0, 0, 0, 0, 0
9360, 0, 0.0997103, 0, 0, 0, 0, 0, 0, 0, 0, 0, 0
9370, 0, 0.101002, 0, 0, 0, 0, 0, 0, 0, 0, 0, 0
9380, 0, 0.0997103, 0, 0, 0, 0, 0, 0, 0, 0, 0, 0
9390, 0, 0.0997103, 0, 0, 0, 0, 0, 0, 0, 0, 0, 0
9400, 0, 0.0997103, 0, 0, 0, 0, 0, 0, 0, 0, 0, 0
9410, 0, 0.100675, 0, 0, 0, 0, 0, 0, 0, 0, 0, 0
9420, 0, 0.101002, 0, 0, 0, 0, 0, 0, 0, 0, 0, 0
9431, 0, 0.0993932, 0, 0, 0, 0, 0, 0, 0, 0, 0, 0
9440, 0, 0.0997103, 0, 0, 0, 0, 0, 0, 0, 0, 0, 0
9450, 0, 0.0997103, 0, 0, 0, 0, 0, 0, 0, 0, 0, 0
9460, 0, 0.0993932, 0, 0, 0, 0, 0, 0, 0, 0, 0, 0
9470, 0, 0.0997103, 0, 0, 0, 0, 0, 0, 0, 0, 0, 0
9480, 0, 0.0997103, 0, 0, 0, 0, 0, 0, 0, 0, 0, 0
9490, 0, 0.0997103, 0, 0, 0, 0, 0, 0, 0, 0, 0, 0
9500, 0, 0.0997103, 0, 0, 0, 0, 0, 0, 0, 0, 0, 0
9510, 0, 0.0997103, 0, 0, 0, 0, 0, 0, 0, 0, 0, 0
9520, 0, 0.0997103, 0, 0, 0, 0, 0, 0, 0, 0, 0, 0
9530, 0, 0.0997103, 0, 0, 0, 0, 0, 0, 0, 0, 0, 0
9540, 0, 0.0993932, 0, 0, 0, 0, 0, 0, 0, 0, 0, 0
9550, 0, 0.0997103, 0, 0, 0, 0, 0, 0, 0, 0, 0, 0
9561, 0, 0.101002, 0, 0, 0, 0, 0, 0, 0, 0, 0, 0
9570, 0, 0.0997103, 0, 0, 0, 0, 0, 0, 0, 0, 0, 0
9580, 0, 0.0997103, 0, 0, 0, 0, 0, 0, 0, 0, 0, 0
9590, 0, 0.0997103, 0, 0, 0, 0, 0, 0, 0, 0, 0, 0
9601, 0, 0.0993932, 0, 0, 0, 0, 0, 0, 0, 0, 0, 0
9610, 0, 0.10003, 0, 0, 0, 0, 0, 0, 0, 0, 0, 0
9620, 0, 0.0993932, 0, 0, 0, 0, 0, 0, 0, 0, 0, 0
9630, 0, 0.0997103, 0, 0, 0, 0, 0, 0, 0, 0, 0, 0
9640, 0, 0.0997103, 0, 0, 0, 0, 0, 0, 0, 0, 0, 0
9650, 0, 0.0997103, 0, 0, 0, 0, 0, 0, 0, 0, 0, 0
9660, 0, 0.0997103, 0, 0, 0, 0, 0, 0, 0, 0, 0, 0
9670, 0, 0.0997103, 0, 0, 0, 0, 0, 0, 0, 0, 0, 0
9680, 0, 0.0997103, 0, 0, 0, 0, 0, 0, 0, 0, 0, 0
9690, 0, 0.10003, 0, 0, 0, 0, 0, 0, 0, 0, 0, 0
9700, 0, 0.0997103, 0, 0, 0, 0, 0, 0, 0, 0, 0, 0
9710, 0, 0.0997103, 0, 0, 0, 0, 0, 0, 0, 0, 0, 0
9720, 0, 0.0997103, 0, 0, 0, 0, 0, 0, 0, 0, 0, 0
9731, 0, 0.0997103, 0, 0, 0, 0, 0, 0, 0, 0, 0, 0
9740, 0, 0.0997103, 0, 0, 0, 0, 0, 0, 0, 0, 0, 0
9750, 0, 0.0997103, 0, 0, 0, 0, 0, 0, 0, 0, 0, 0
9760, 0, 0.0993932, 0, 0, 0, 0, 0, 0, 0, 0, 0, 0
9771, 0, 0.10003, 0, 0, 0, 0, 0, 0, 0, 0, 0, 0
9780, 0, 0.0997103, 0, 0, 0, 0, 0, 0, 0, 0, 0, 0
9790, 0, 0.0997103, 0, 0, 0, 0, 0, 0, 0, 0, 0, 0
9800, 0, 0.0997103, 0, 0, 0, 0, 0, 0, 0, 0, 0, 0
9810, 0, 0.100675, 0, 0, 0, 0, 0, 0, 0, 0, 0, 0
9820, 0, 0.0993932, 0, 0, 0, 0, 0, 0, 0, 0, 0, 0
9830, 0, 0.0993932, 0, 0, 0, 0, 0, 0, 0, 0, 0, 0
9840, 0, 0.0993932, 0, 0, 0, 0, 0, 0, 0, 0, 0, 0
9850, 0, 0.0997103, 0, 0, 0, 0, 0, 0, 0, 0, 0, 0
9860, 0, 0.0997103, 0, 0, 0, 0, 0, 0, 0, 0, 0, 0
9870, 0, 0.0997103, 0, 0, 0, 0, 0, 0, 0, 0, 0, 0
9880, 0, 0.0997103, 0, 0, 0, 0, 0, 0, 0, 0, 0, 0
9890, 0, 0.0997103, 0, 0, 0, 0, 0, 0, 0, 0, 0, 0
9901, 0, 0.0993932, 0, 0, 0, 0, 0, 0, 0, 0, 0, 0
9910, 0, 0.0997103, 0, 0, 0, 0, 0, 0, 0, 0, 0, 0
9920, 0, 0.0997103, 0, 0, 0, 0, 0, 0, 0, 0, 0, 0
9930, 0, 0.0997103, 0, 0, 0, 0, 0, 0, 0, 0, 0, 0
9940, 0, 0.0997103, 0, 0, 0, 0, 0, 0, 0, 0, 0, 0
9950, 0, 0.0993932, 0, 0, 0, 0, 0, 0, 0, 0, 0, 0
9960, 0, 0.0997103, 0, 0, 0, 0, 0, 0, 0, 0, 0, 0
9970, 0, 0.0997103, 0, 0, 0, 0, 0, 0, 0, 0, 0, 0
9980, 0, 0.0997103, 0, 0, 0, 0, 0, 0, 0, 0, 0, 0
9990, 0, 0.0997103, 0, 0, 0, 0, 0, 0, 0, 0, 0, 0
10000, 0, 0.0990784, 0, 0, 0, 0, 0, 0, 0, 0, 0, 0
10010, 0, 0.0997103, 0, 0, 0, 0, 0, 0, 0, 0, 0, 0
10020, 0, 0.10003, 0, 0, 0, 0, 0, 0, 0, 0, 0, 0
10030, 0, 0.0997103, 0, 0, 0, 0, 0, 0, 0, 0, 0, 0
10040, 0, 0.0997103, 0, 0, 0, 0, 0, 0, 0, 0, 0, 0
10050, 0, 0.0997103, 0, 0, 0, 0, 0, 0, 0, 0, 0, 0
10060, 0, 0.0997103, 0, 0, 0, 0, 0, 0, 0, 0, 0, 0
10071, 0, 0.0997103, 0, 0, 0, 0, 0, 0, 0, 0, 0, 0
10080, 0, 0.0997103, 0, 0, 0, 0, 0, 0, 0, 0, 0, 0
10090, 0, 0.0997103, 0, 0, 0, 0, 0, 0, 0, 0, 0, 0
10100, 0, 0.10003, 0, 0, 0, 0, 0, 0, 0, 0, 0, 0
10110, 0, 0.0993932, 0, 0, 0, 0, 0, 0, 0, 0, 0, 0
10120, 0, 0.0997103, 0, 0, 0, 0, 0, 0, 0, 0, 0, 0
10130, 0, 0.0997103, 0, 0, 0, 0, 0, 0, 0, 0, 0, 0
10140, 0, 0.0993932, 0, 0, 0, 0, 0, 0, 0, 0, 0, 0
10150, 0, 0.0997103, 0, 0, 0, 0, 0, 0, 0, 0, 0, 0
10160, 0, 0.0997103, 0, 0, 0, 0, 0, 0, 0, 0, 0, 0
10170, 0, 0.0997103, 0, 0, 0, 0, 0, 0, 0, 0, 0, 0
10180, 0, 0.10003, 0, 0, 0, 0, 0, 0, 0, 0, 0, 0
10190, 0, 0.0997103, 0, 0, 0, 0, 0, 0, 0, 0, 0, 0
10201, 0, 0.0997103, 0, 0, 0, 0, 0, 0, 0, 0, 0, 0
10210, 0, 0.0997103, 0, 0, 0, 0, 0, 0, 0, 0, 0, 0
10220, 0, 0.0993932, 0, 0, 0, 0, 0, 0, 0, 0, 0, 0
10230, 0, 0.0997103, 0, 0, 0, 0, 0, 0, 0, 0, 0, 0
10241, 0, 0.0997103, 0, 0, 0, 0, 0, 0, 0, 0, 0, 0
10250, 0, 0.0993932, 0, 0, 0, 0, 0, 0, 0, 0, 0, 0
10260, 0, 0.10003, 0, 0, 0, 0, 0, 0, 0, 0, 0, 0
10270, 0, 0.0997103, 0, 0, 0, 0, 0, 0, 0, 0, 0, 0
10280, 0, 0.0997103, 0, 0, 0, 0, 0, 0, 0, 0, 0, 0
10290, 0, 0.0997103, 0, 0, 0, 0, 0, 0, 0, 0, 0, 0
10300, 0, 0.0993932, 0, 0, 0, 0, 0, 0, 0, 0, 0, 0
10310, 0, 0.0997103, 0, 0, 0, 0, 0, 0, 0, 0, 0, 0
10320, 0, 0.0997103, 0, 0, 0, 0, 0, 0, 0, 0, 0, 0
10330, 0, 0.0993932, 0, 0, 0, 0, 0, 0, 0, 0, 0, 0
10340, 0, 0.0997103, 0, 0, 0, 0, 0, 0, 0, 0, 0, 0
10350, 0, 0.10003, 0, 0, 0, 0, 0, 0, 0, 0, 0, 0
10360, 0, 0.0993932, 0, 0, 0, 0, 0, 0, 0, 0, 0, 0
10371, 0, 0.0997103, 0, 0, 0, 0, 0, 0, 0, 0, 0, 0
10380, 0, 0.0997103, 0, 0, 0, 0, 0, 0, 0, 0, 0, 0
10390, 0, 0.0997103, 0, 0, 0, 0, 0, 0, 0, 0, 0, 0
10400, 0, 0.0997103, 0, 0, 0, 0, 0, 0, 0, 0, 0, 0
10411, 0, 0.0997103, 0, 0, 0, 0, 0, 0, 0, 0, 0, 0
10420, 0, 0.0997103, 0, 0, 0, 0, 0, 0, 0, 0, 0, 0
10430, 0, 0.0997103, 0, 0, 0, 0, 0, 0, 0, 0, 0, 0
10440, 0, 0.0997103, 0, 0, 0, 0, 0, 0, 0, 0, 0, 0
10450, 0, 0.0997103, 0, 0, 0, 0, 0, 0, 0, 0, 0, 0
10460, 0, 0.0997103, 0, 0, 0, 0, 0, 0, 0, 0, 0, 0
10470, 0, 0.0997103, 0, 0, 0, 0, 0, 0, 0, 0, 0, 0
10480, 0, 0.0997103, 0, 0, 0, 0, 0, 0, 0, 0, 0, 0
10490, 0, 0.0990784, 0, 0, 0, 0, 0, 0, 0, 0, 0, 0
10500, 0, 0.0997103, 0, 0, 0, 0, 0, 0, 0, 0, 0, 0
10510, 0, 0.10003, 0, 0, 0, 0, 0, 0, 0, 0, 0, 0
10520, 0, 0.0997103, 0, 0, 0, 0, 0, 0, 0, 0, 0, 0
10530, 0, 0.0997103, 0, 0, 0, 0, 0, 0, 0, 0, 0, 0
10541, 0, 0.0997103, 0, 0, 0, 0, 0, 0, 0, 0, 0, 0
10550, 0, 0.0997103, 0, 0, 0, 0, 0, 0, 0, 0, 0, 0
10560, 0, 0.0997103, 0, 0, 0, 0, 0, 0, 0, 0, 0, 0
10570, 0, 0.0990784, 0, 0, 0, 0, 0, 0, 0, 0, 0, 0
10580, 0, 0.0997103, 0, 0, 0, 0, 0, 0, 0, 0, 0, 0
10590, 0, 0.10003, 0, 0, 0, 0, 0, 0, 0, 0, 0, 0
10600, 0, 0.0997103, 0, 0, 0, 0, 0, 0, 0, 0, 0, 0
10610, 0, 0.0997103, 0, 0, 0, 0, 0, 0, 0, 0, 0, 0
10620, 0, 0.0997103, 0, 0, 0, 0, 0, 0, 0, 0, 0, 0
10630, 0, 0.0997103, 0, 0, 0, 0, 0, 0, 0, 0, 0, 0
10640, 0, 0.0997103, 0, 0, 0, 0, 0, 0, 0, 0, 0, 0
10650, 0, 0.0997103, 0, 0, 0, 0, 0, 0, 0, 0, 0, 0
10660, 0, 0.0997103, 0, 0, 0, 0, 0, 0, 0, 0, 0, 0
10671, 0, 0.10003, 0, 0, 0, 0, 0, 0, 0, 0, 0, 0
10680, 0, 0.0997103, 0, 0, 0, 0, 0, 0, 0, 0, 0, 0
10690, 0, 0.0997103, 0, 0, 0, 0, 0, 0, 0, 0, 0, 0
10700, 0, 0.0997103, 0, 0, 0, 0, 0, 0, 0, 0, 0, 0
10711, 0, 0.0997103, 0, 0, 0, 0, 0, 0, 0, 0, 0, 0
10720, 0, 0.0997103, 0, 0, 0, 0, 0, 0, 0, 0, 0, 0
10730, 0, 0.0997103, 0, 0, 0, 0, 0, 0, 0, 0, 0, 0
10740, 0, 0.0997103, 0, 0, 0, 0, 0, 0, 0, 0, 0, 0
10750, 0, 0.10003, 0, 0, 0, 0, 0, 0, 0, 0, 0, 0
10760, 0, 0.0997103, 0, 0, 0, 0, 0, 0, 0, 0, 0, 0
10770, 0, 0.0997103, 0, 0, 0, 0, 0, 0, 0, 0, 0, 0
10780, 0, 0.0997103, 0, 0, 0, 0, 0, 0, 0, 0, 0, 0
10790, 0, 0.0993932, 0, 0, 0, 0, 0, 0, 0, 0, 0, 0
10800, 0, 0.0997103, 0, 0, 0, 0, 0, 0, 0, 0, 0, 0
10810, 0, 0.0997103, 0, 0, 0, 0, 0, 0, 0, 0, 0, 0
10820, 0, 0.0997103, 0, 0, 0, 0, 0, 0, 0, 0, 0, 0
10830, 0, 0.0997103, 0, 0, 0, 0, 0, 0, 0, 0, 0, 0
10841, 0, 0.0997103, 0, 0, 0, 0, 0, 0, 0, 0, 0, 0
10850, 0, 0.0997103, 0, 0, 0, 0, 0, 0, 0, 0, 0, 0
10860, 0, 0.0997103, 0, 0, 0, 0, 0, 0, 0, 0, 0, 0
10870, 0, 0.0997103, 0, 0, 0, 0, 0, 0, 0, 0, 0, 0
10881, 0, 0.0997103, 0, 0, 0, 0, 0, 0, 0, 0, 0, 0
10890, 0, 0.0997103, 0, 0, 0, 0, 0, 0, 0, 0, 0, 0
10900, 0, 0.0997103, 0, 0, 0, 0, 0, 0, 0, 0, 0, 0
10910, 0, 0.0997103, 0, 0, 0, 0, 0, 0, 0, 0, 0, 0
10920, 0, 0.101002, 0, 0, 0, 0, 0, 0, 0, 0, 0, 0
10930, 0, 0.0997103, 0, 0, 0, 0, 0, 0, 0, 0, 0, 0
10940, 0, 0.0997103, 0, 0, 0, 0, 0, 0, 0, 0, 0, 0
10950, 0, 0.0997103, 0, 0, 0, 0, 0, 0, 0, 0, 0, 0
10960, 0, 0.0997103, 0, 0, 0, 0, 0, 0, 0, 0, 0, 0
10970, 0, 0.0997103, 0, 0, 0, 0, 0, 0, 0, 0, 0, 0
10980, 0, 0.0990784, 0, 0, 0, 0, 0, 0, 0, 0, 0, 0
10990, 0, 0.0997103, 0, 0, 0, 0, 0, 0, 0, 0, 0, 0
11000, 0, 0.0997103, 0, 0, 0, 0, 0, 0, 0, 0, 0, 0
11011, 0, 0.0997103, 0, 0, 0, 0, 0, 0, 0, 0, 0, 0
11020, 0, 0.0997103, 0, 0, 0, 0, 0, 0, 0, 0, 0, 0
11030, 0, 0.0997103, 0, 0, 0, 0, 0, 0, 0, 0, 0, 0
11040, 0, 0.0993932, 0, 0, 0, 0, 0, 0, 0, 0, 0, 0
11051, 0, 0.0997103, 0, 0, 0, 0, 0, 0, 0, 0, 0, 0
11060, 0, 0.0990784, 0, 0, 0, 0, 0, 0, 0, 0, 0, 0
11070, 0, 0.0997103, 0, 0, 0, 0, 0, 0, 0, 0, 0, 0
11080, 0, 0.10003, 0, 0, 0, 0, 0, 0, 0, 0, 0, 0
11090, 0, 0.0993932, 0, 0, 0, 0, 0, 0, 0, 0, 0, 0
11100, 0, 0.0997103, 0, 0, 0, 0, 0, 0, 0, 0, 0, 0
11110, 0, 0.0997103, 0, 0, 0, 0, 0, 0, 0, 0, 0, 0
11120, 0, 0.0993932, 0, 0, 0, 0, 0, 0, 0, 0, 0, 0
11130, 0, 0.0997103, 0, 0, 0, 0, 0, 0, 0, 0, 0, 0
11140, 0, 0.0990784, 0, 0, 0, 0, 0, 0, 0, 0, 0, 0
11150, 0, 0.0997103, 0, 0, 0, 0, 0, 0, 0, 0, 0, 0
11160, 0, 0.0997103, 0, 0, 0, 0, 0, 0, 0, 0, 0, 0
11170, 0, 0.0997103, 0, 0, 0, 0, 0, 0, 0, 0, 0, 0
11181, 0, 0.0993932, 0, 0, 0, 0, 0, 0, 0, 0, 0, 0
11190, 0, 0.0997103, 0, 0, 0, 0, 0, 0, 0, 0, 0, 0
11200, 0, 0.0993932, 0, 0, 0, 0, 0, 0, 0, 0, 0, 0
11210, 0, 0.0993932, 0, 0, 0, 0, 0, 0, 0, 0, 0, 0
11220, 0, 0.0997103, 0, 0, 0, 0, 0, 0, 0, 0, 0, 0
11230, 0, 0.0993932, 0, 0, 0, 0, 0, 0, 0, 0, 0, 0
11240, 0, 0.10003, 0, 0, 0, 0, 0, 0, 0, 0, 0, 0
11250, 0, 0.0997103, 0, 0, 0, 0, 0, 0, 0, 0, 0, 0
11260, 0, 0.0993932, 0, 0, 0, 0, 0, 0, 0, 0, 0, 0
11270, 0, 0.0997103, 0, 0, 0, 0, 0, 0, 0, 0, 0, 0
11280, 0, 0.0993932, 0, 0, 0, 0, 0, 0, 0, 0, 0, 0
11290, 0, 0.0997103, 0, 0, 0, 0, 0, 0, 0, 0, 0, 0
11300, 0, 0.0997103, 0, 0, 0, 0, 0, 0, 0, 0, 0, 0
11311, 0, 0.0997103, 0, 0, 0, 0, 0, 0, 0, 0, 0, 0
11320, 0, 0.0997103, 0, 0, 0, 0, 0, 0, 0, 0, 0, 0
11330, 0, 0.10003, 0, 0, 0, 0, 0, 0, 0, 0, 0, 0
11340, 0, 0.0997103, 0, 0, 0, 0, 0, 0, 0, 0, 0, 0
11351, 0, 0.0997103, 0, 0, 0, 0, 0, 0, 0, 0, 0, 0
11360, 0, 0.0997103, 0, 0, 0, 0, 0, 0, 0, 0, 0, 0
11370, 0, 0.0993932, 0, 0, 0, 0, 0, 0, 0, 0, 0, 0
11380, 0, 0.0997103, 0, 0, 0, 0, 0, 0, 0, 0, 0, 0
11390, 0, 0.0997103, 0, 0, 0, 0, 0, 0, 0, 0, 0, 0
11400, 0, 0.0997103, 0, 0, 0, 0, 0, 0, 0, 0, 0, 0
11410, 0, 0.0997103, 0, 0, 0, 0, 0, 0, 0, 0, 0, 0
11420, 0, 0.0993932, 0, 0, 0, 0, 0, 0, 0, 0, 0, 0
11430, 0, 0.0997103, 0, 0, 0, 0, 0, 0, 0, 0, 0, 0
11440, 0, 0.0997103, 0, 0, 0, 0, 0, 0, 0, 0, 0, 0
11450, 0, 0.0997103, 0, 0, 0, 0, 0, 0, 0, 0, 0, 0
11460, 0, 0.0997103, 0, 0, 0, 0, 0, 0, 0, 0, 0, 0
11470, 0, 0.0990784, 0, 0, 0, 0, 0, 0, 0, 0, 0, 0
11481, 0, 0.0997103, 0, 0, 0, 0, 0, 0, 0, 0, 0, 0
11490, 0, 0.0997103, 0, 0, 0, 0, 0, 0, 0, 0, 0, 0
11500, 0, 0.0997103, 0, 0, 0, 0, 0, 0, 0, 0, 0, 0
11510, 0, 0.0993932, 0, 0, 0, 0, 0, 0, 0, 0, 0, 0
11521, 0, 0.0997103, 0, 0, 0, 0, 0, 0, 0, 0, 0, 0
11530, 0, 0.0997103, 0, 0, 0, 0, 0, 0, 0, 0, 0, 0
11540, 0, 0.0997103, 0, 0, 0, 0, 0, 0, 0, 0, 0, 0
11550, 0, 0.0990784, 0, 0, 0, 0, 0, 0, 0, 0, 0, 0
11560, 0, 0.0997103, 0, 0, 0, 0, 0, 0, 0, 0, 0, 0
11570, 0, 0.0997103, 0, 0, 0, 0, 0, 0, 0, 0, 0, 0
11580, 0, 0.0993932, 0, 0, 0, 0, 0, 0, 0, 0, 0, 0
11590, 0, 0.0997103, 0, 0, 0, 0, 0, 0, 0, 0, 0, 0
11600, 0, 0.0997103, 0, 0, 0, 0, 0, 0, 0, 0, 0, 0
11610, 0, 0.0997103, 0, 0, 0, 0, 0, 0, 0, 0, 0, 0
11620, 0, 0.0997103, 0, 0, 0, 0, 0, 0, 0, 0, 0, 0
11631, 0, 0.0990784, 0, 0, 0, 0, 0, 0, 0, 0, 0, 0
11640, 0, 0.0993932, -0.0990784, 8e-05, 0, 0, 0, 0, 0, 0, 0, 0
11651, -0.25, 0.0993932, -0.102251, 4.8e-05, -0.5, 0.000314817, 0.00016, 0, 0, 0, 0, 0
11661, -0.25, 0.0993932, -0.104156, 3.8e-05, -0.375, -0.00285787, 0.000128, 0, 0, 0, 0, 0
11671, -0.25, 0.0997103, -0.10557, 3.37627e-05, -0.322034, -0.00476258, 0.000118, 0, 0, 0, 0, 0
11681, -0.25, 0.0997103, -0.106754, 3.17426e-05, -0.296782, -0.00585936, 0.000113763, 0, 0, 0, 0, 0
11691, -0.25, 0.101002, -0.107658, 3.07255e-05, -0.284069, -0.00704379, 0.000111743, 0, 0, 0, 0, 0
11701, -0.25, 0.100675, -0.108695, 3.01994e-05, -0.277492, -0.00665648, 0.000110725, 0, 0, 0, 0, 0
11711, -0.25, 0.102331, -0.109367, 2.99235e-05, -0.274043, -0.00801947, 0.000110199, 0, 0, 0, 0, 0
11721, -0.25, 0.1037, -0.110303, 2.97777e-05, -0.272221, -0.00703605, 0.000109923, 0, 0, 0, 0, 0
11730, -0.25, 0.1037, -0.111342, 2.97003e-05, -0.271254, -0.00660237, 0.000109778, 0, 0, 0, 0, 0
11741, -0.25, 0.106566, -0.112087, 2.96593e-05, -0.270741, -0.00764121, 0.0001097, 0, 0, 0, 0, 0
11751, -0.25, 0.107687, -0.113382, 2.96374e-05, -0.270467, -0.00552151, 0.000109659, 0, 0, 0, 0, 0
11761, -0.25, 0.107687, -0.114606, 2.96258e-05, -0.270322, -0.00569552, 0.000109637, 0, 0, 0, 0, 0
11771, -0.25, 0.110407, -0.115481, 2.96196e-05, -0.270245, -0.00691905, 0.000109626, 0, 0, 0, 0, 0
11781, -0.25, 0.115443, -0.116828, 2.96163e-05, -0.270203, -0.00507446, 0.00010962, 0, 0, 0, 0, 0
11791, -0.25, 0.116333, -0.119125, 2.96145e-05, -0.270181, -0.00138439, 0.000109616, 0, 0, 0, 0, 0
11801, -0.25, 0.118624, -0.121003, 2.96136e-05, -0.27017, -0.00279182, 0.000109614, 0, 0, 0, 0, 0
11811, -0.25, 0.119094, -0.122953, 2.96131e-05, -0.270163, -0.00237881, 0.000109614, 0, 0, 0, 0, 0
11821, -0.25, 0.12301, -0.124472, 2.96128e-05, -0.27016, -0.00385866, 0.000109613, 0, 0, 0, 0, 0
11831, -0.25, 0.125604, -0.126596, 2.96127e-05, -0.270158, -0.00146258, 0.000109613, 0, 0, 0, 0, 0
11841, -0.25, 0.125604, -0.128801, 2.96126e-05, -0.270157, -0.000991493, 0.000109613, 0, 0, 0, 0, 0
11851, -0.25, 0.130015, -0.130379, 2.96125e-05, -0.270157, -0.00319707, 0.000109613, 0, 0, 0, 0, 0
11860, -0.25, 0.134162, -0.132675, 2.96125e-05, -0.270157, -0.000364095, 0.000109613, 0, 0, 0, 0, 0
11871, -0.25, 0.1354, -0.135415, 2.96125e-05, -0.270156, 0.00148708, 0.000109613, 0, 0, 0, 0, 0
11881, -0.25, 0.13927, -0.137703, 2.96125e-05, -0.270156, -1.46478e-05, 0.000109613, 0, 0, 0, 0, 0
11891, -0.25, 0.142683, -0.140364, 2.96125e-05, -0.270156, 0.00156705, 0.000109612, 0, 0, 0, 0, 0
11900, -0.25, 0.142683, -0.143171, 2.96125e-05, -0.270156, 0.0023195, 0.000109612, 0, 0, 0, 0, 0
11911, -0.25, 0.147779, -0.145178, 2.96125e-05, -0.270156, -0.000487313, 0.000109612, 0, 0, 0, 0, 0
11921, -0.25, 0.147779, -0.147963, 2.96125e-05, -0.270156, 0.00260051, 0.000109612, 0, 0, 0, 0, 0
11931, -0.25, 0.151666, -0.149955, 2.96125e-05, -0.270156, -0.000184432, 0.000109612, 0, 0, 0, 0, 0
11941, -0.25, 0.154107, -0.152409, 2.96125e-05, -0.270156, 0.00171137, 0.000109612, 0, 0, 0, 0, 0
11951, -0.25, 0.154939, -0.15481, 2.96125e-05, -0.270156, 0.00169787, 0.000109612, 0, 0, 0, 0, 0
11961, -0.25, 0.158368, -0.156748, 2.96125e-05, -0.270156, 0.000128955, 0.000109612, 0, 0, 0, 0, 0
11971, -0.25, 0.161049, -0.159042, 2.96125e-05, -0.270156, 0.00161977, 0.000109612, 0, 0, 0, 0, 0
11981, -0.25, 0.161964, -0.161393, 2.96125e-05, -0.270156, 0.00200658, 0.000109612, 0, 0, 0, 0, 0
11991, -0.25, 0.163829, -0.163316, 2.96125e-05, -0.270156, 0.000571519, 0.000109612, 0, 0, 0, 0, 0
12001, -0.25, 0.164778, -0.165185, 2.96125e-05, -0.270156, 0.000512645, 0.000109612, 0, 0, 0, 0, 0
12011, -0.25, 0.169709, -0.166774, 2.96125e-05, -0.270156, -0.00040707, 0.000109612, 0, 0, 0, 0, 0
12021, -0.25, 0.173888, -0.169216, 2.96125e-05, -0.270156, 0.00293541, 0.000109612, 0, 0, 0, 0, 0
12030, -0.25, 0.172823, -0.172068, 2.96125e-05, -0.270156, 0.0046721, 0.000109612, 0, 0, 0, 0, 0
12041, -0.25, 0.17943, -0.173827, 2.96125e-05, -0.270156, 0.000754371, 0.000109612, 0, 0, 0, 0, 0
12051, -0.25, 0.178292, -0.176834, 2.96125e-05, -0.270156, 0.00560382, 0.000109612, 0, 0, 0, 0, 0
12061, -0.25, 0.17943, -0.178683, 2.96125e-05, -0.270156, 0.00145821, 0.000109612, 0, 0, 0, 0, 0
12071, -0.25, 0.182941, -0.180307, 2.96125e-05, -0.270156, 0.000747338, 0.000109612, 0, 0, 0, 0, 0
12081, -0.25, 0.187855, -0.182398, 2.96125e-05, -0.270156, 0.00263354, 0.000109612, 0, 0, 0, 0, 0
12091, -0.25, 0.187855, -0.185195, 2.96125e-05, -0.270156, 0.00545701, 0.000109612, 0, 0, 0, 0, 0
12101, -0.25, 0.187855, -0.187196, 2.96125e-05, -0.270156, 0.00266021, 0.000109612, 0, 0, 0, 0, 0
12111, -0.25, 0.187855, -0.188626, 2.96125e-05, -0.270156, 0.000659823, 0.000109612, 0, 0, 0, 0, 0
12121, -0.25, 0.194408, -0.18965, 2.96125e-05, -0.270156, -0.000770956, 0.000109612, 0, 0, 0, 0, 0
12131, -0.25, 0.193059, -0.192117, 2.96125e-05, -0.270156, 0.00475842, 0.000109612, 0, 0, 0, 0, 0
12141, -0.25, 0.194408, -0.193524, 2.96125e-05, -0.270156, 0.000942513, 0.000109612, 0, 0, 0, 0, 0
12151, -0.25, 0.198578, -0.194887, 2.96125e-05, -0.270156, 0.000884399, 0.000109612, 0, 0, 0, 0, 0
12161, -0.25, 0.198578, -0.196967, 2.96125e-05, -0.270156, 0.00369067, 0.000109612, 0, 0, 0, 0, 0
12171, -0.25, 0.198578, -0.198454, 2.96125e-05, -0.270156, 0.00161131, 0.000109612, 0, 0, 0, 0, 0
12181, -0.25, 0.204442, -0.199518, 2.96125e-05, -0.270156, 0.000124037, 0.000109612, 0, 0, 0, 0, 0
12191, -0.25, 0.204442, -0.201831, 2.96125e-05, -0.270156, 0.00492424, 0.000109612, 0, 0, 0, 0, 0
12200, -0.25, 0.205966, -0.203486, 2.96125e-05, -0.270156, 0.00261088, 0.000109612, 0, 0, 0, 0, 0
12211, -0.25, 0.204442, -0.205073, 2.96125e-05, -0.270156, 0.00247997, 0.000109612, 0, 0, 0, 0, 0
12221, -0.25, 0.204442, -0.205804, 2.96125e-05, -0.270156, -0.000630602, 0.000109612, 0, 0, 0, 0, 0
12231, -0.25, 0.210684, -0.206327, 2.96125e-05, -0.270156, -0.00136219, 0.000109612, 0, 0, 0, 0, 0
12241, -0.25, 0.210684, -0.208354, 2.96125e-05, -0.270156, 0.00435683, 0.000109612, 0, 0, 0, 0, 0
12251, -0.25, 0.210684, -0.209804, 2.96125e-05, -0.270156, 0.0023299, 0.000109612, 0, 0, 0, 0, 0
12261, -0.25, 0.217343, -0.210841, 2.96125e-05, -0.270156, 0.000880137, 0.000109612, 0, 0, 0, 0, 0
12271, -0.25, 0.217343, -0.213346, 2.96125e-05, -0.270156, 0.00650163, 0.000109612, 0, 0, 0, 0, 0
12281, -0.25, 0.219077, -0.215137, 2.96125e-05, -0.270156, 0.00399712, 0.000109612, 0, 0, 0, 0, 0
12291, -0.25, 0.217343, -0.216877, 2.96125e-05, -0.270156, 0.00394034, 0.000109612, 0, 0, 0, 0, 0
12301, -0.25, 0.217343, -0.217663, 2.96125e-05, -0.270156, 0.000465304, 0.000109612, 0, 0, 0, 0, 0
12311, -0.25, 0.217343, -0.218225, 2.96125e-05, -0.270156, -0.000320345, 0.000109612, 0, 0, 0, 0, 0
12321, -0.25, 0.217343, -0.218627, 2.96125e-05, -0.270156, -0.000882268, 0.000109612, 0, 0, 0, 0, 0
12331, -0.25, 0.217343, -0.218914, 2.96125e-05, -0.270156, -0.0012842, 0.000109612, 0, 0, 0, 0, 0
12341, -0.25, 0.22446, -0.21912, 2.96125e-05, -0.270156, -0.00157167, 0.000109612, 0, 0, 0, 0, 0
12351, -0.25, 0.22446, -0.221152, 2.96125e-05, -0.270156, 0.00534037, 0.000109612, 0, 0, 0, 0, 0
12361, -0.25, 0.226317, -0.222605, 2.96125e-05, -0.270156, 0.00330889, 0.000109612, 0, 0, 0, 0, 0
12370, -0.25, 0.22446, -0.224135, 2.96125e-05, -0.270156, 0.00371265, 0.000109612, 0, 0, 0, 0, 0
12381, -0.25, 0.22446, -0.224739, 2.96125e-05, -0.270156, 0.000325039, 0.000109612, 0, 0, 0, 0, 0
12391, -0.25, 0.226317, -0.22517, 2.96125e-05, -0.270156, -0.000278309, 0.000109612, 0, 0, 0, 0, 0
12401, -0.25, 0.232086, -0.225971, 2.96125e-05, -0.270156, 0.00114693, 0.000109612, 0, 0, 0, 0, 0
12411, -0.25, 0.234079, -0.22807, 2.96125e-05, -0.270156, 0.00611596, 0.000109612, 0, 0, 0, 0, 0
12421, -0.25, 0.232086, -0.2301, 2.96125e-05, -0.270156, 0.00600854, 0.000109612, 0, 0, 0, 0, 0
12431, -0.25, 0.232086, -0.231024, 2.96125e-05, -0.270156, 0.00198677, 0.000109612, 0, 0, 0, 0, 0
12441, -0.25, 0.234079, -0.231685, 2.96125e-05, -0.270156, 0.00106277, 0.000109612, 0, 0, 0, 0, 0
12451, -0.25, 0.234079, -0.232685, 2.96125e-05, -0.270156, 0.00239426, 0.000109612, 0, 0, 0, 0, 0
12461, -0.25, 0.232086, -0.2334, 2.96125e-05, -0.270156, 0.00139406, 0.000109612, 0, 0, 0, 0, 0
12471, -0.25, 0.232086, -0.233384, 2.96125e-05, -0.270156, -0.00131372, 0.000109612, 0, 0, 0, 0, 0
12481, -0.25, 0.232086, -0.233373, 2.96125e-05, -0.270156, -0.00129789, 0.000109612, 0, 0, 0, 0, 0
12491, -0.25, 0.232086, -0.233365, 2.96125e-05, -0.270156, -0.00128658, 0.000109612, 0, 0, 0, 0, 0
12500, -0.25, 0.232086, -0.233359, 2.96125e-05, -0.270156, -0.00127849, 0.000109612, 0, 0, 0, 0, 0
12511, -0.25, 0.232086, -0.233355, 2.96125e-05, -0.270156, -0.00127271, 0.000109612, 0, 0, 0, 0, 0
12521, -0.25, 0.234079, -0.233352, 2.96125e-05, -0.270156, -0.00126857, 0.000109612, 0, 0, 0, 0, 0
12531, -0.25, 0.234079, -0.233877, 2.96125e-05, -0.270156, 0.000726789, 0.000109612, 0, 0, 0, 0, 0
12540, -0.25, 0.240277, -0.234253, 2.96125e-05, -0.270156, 0.000201404, 0.000109612, 0, 0, 0, 0, 0
12551, -0.25, 0.240277, -0.236163, 2.96125e-05, -0.270156, 0.00602418, 0.000109612, 0, 0, 0, 0, 0
12561, -0.25, 0.240277, -0.237529, 2.96125e-05, -0.270156, 0.00411431, 0.000109612, 0, 0, 0, 0, 0
12571, -0.25, 0.240277, -0.238506, 2.96125e-05, -0.270156, 0.0027483, 0.000109612, 0, 0, 0, 0, 0
12581, -0.25, 0.240277, -0.239205, 2.96125e-05, -0.270156, 0.00177126, 0.000109612, 0, 0, 0, 0, 0
12591, -0.25, 0.240277, -0.239705, 2.96125e-05, -0.270156, 0.00107242, 0.000109612, 0, 0, 0, 0, 0
12601, -0.25, 0.240277, -0.240062, 2.96125e-05, -0.270156, 0.000572592, 0.000109612, 0, 0, 0, 0, 0
12611, -0.25, 0.242421, -0.240318, 2.96125e-05, -0.270156, 0.000215098, 0.000109612, 0, 0, 0, 0, 0
12621, -0.25, 0.240277, -0.241068, 2.96125e-05, -0.270156, 0.00210282, 0.000109612, 0, 0, 0, 0, 0
12631, -0.25, 0.240277, -0.241038, 2.96125e-05, -0.270156, -0.000790969, 0.000109612, 0, 0, 0, 0, 0
12641, -0.25, 0.240277, -0.241016, 2.96125e-05, -0.270156, -0.000760198, 0.000109612, 0, 0, 0, 0, 0
12651, -0.25, 0.240277, -0.241, 2.96125e-05, -0.270156, -0.000738189, 0.000109612, 0, 0, 0, 0, 0
12661, -0.25, 0.240277, -0.240989, 2.96125e-05, -0.270156, -0.000722438, 0.000109612, 0, 0, 0, 0, 0
12670, -0.25, 0.240277, -0.240981, 2.96125e-05, -0.270156, -0.000711173, 0.000109612, 0, 0, 0, 0, 0
12681, -0.25, 0.240277, -0.240975, 2.96125e-05, -0.270156, -0.000703126, 0.000109612, 0, 0, 0, 0, 0
12691, -0.25, 0.242421, -0.240971, 2.96125e-05, -0.270156, -0.000697359, 0.000109612, 0, 0, 0, 0, 0
12701, -0.25, 0.240277, -0.241535, 2.96125e-05, -0.270156, 0.0014502, 0.000109612, 0, 0, 0, 0, 0
12710, -0.25, 0.240277, -0.241371, 2.96125e-05, -0.270156, -0.00125776, 0.000109612, 0, 0, 0, 0, 0
12721, -0.25, 0.240277, -0.241254, 2.96125e-05, -0.270156, -0.00109406, 0.000109612, 0, 0, 0, 0, 0
12731, -0.25, 0.240277, -0.241171, 2.96125e-05, -0.270156, -0.00097698, 0.000109612, 0, 0, 0, 0, 0
12741, -0.25, 0.240277, -0.241111, 2.96125e-05, -0.270156, -0.00089322, 0.000109612, 0, 0, 0, 0, 0
12751, -0.25, 0.249098, -0.241068, 2.96125e-05, -0.270156, -0.000833318, 0.000109612, 0, 0, 0, 0, 0
12761, -0.25, 0.24683, -0.243373, 2.96125e-05, -0.270156, 0.00803053, 0.000109612, 0, 0, 0, 0, 0
12771, -0.25, 0.251411, -0.244421, 2.96125e-05, -0.270156, 0.00345752, 0.000109612, 0, 0, 0, 0, 0
12781, -0.25, 0.249098, -0.246383, 2.96125e-05, -0.270156, 0.00699013, 0.000109612, 0, 0, 0, 0, 0
12791, -0.25, 0.249098, -0.247174, 2.96125e-05, -0.270156, 0.0027156, 0.000109612, 0, 0, 0, 0, 0
12801, -0.25, 0.249098, -0.24774, 2.96125e-05, -0.270156, 0.00192429, 0.000109612, 0, 0, 0, 0, 0
12811, -0.25, 0.249098, -0.248145, 2.96125e-05, -0.270156, 0.00135832, 0.000109612, 0, 0, 0, 0, 0
12821, -0.25, 0.249098, -0.248434, 2.96125e-05, -0.270156, 0.000953496, 0.000109612, 0, 0, 0, 0, 0
12831, -0.25, 0.249098, -0.248642, 2.96125e-05, -0.270156, 0.000663951, 0.000109612, 0, 0, 0, 0, 0
12840, -0.25, 0.249098, -0.24879, 2.96125e-05, -0.270156, 0.000456855, 0.000109612, 0, 0, 0, 0, 0
12851, -0.25, 0.251411, -0.248896, 2.96125e-05, -0.270156, 0.000308722, 0.000109612, 0, 0, 0, 0, 0
12861, -0.25, 0.249098, -0.249584, 2.96125e-05, -0.270156, 0.00251506, 0.000109612, 0, 0, 0, 0, 0
12871, -0.25, 0.249098, -0.249463, 2.96125e-05, -0.270156, -0.000485182, 0.000109612, 0, 0, 0, 0, 0
12880, -0.25, 0.249098, -0.249378, 2.96125e-05, -0.270156, -0.000365064, 0.000109612, 0, 0, 0, 0, 0
12891, -0.25, 0.249098, -0.249316, 2.96125e-05, -0.270156, -0.000279143, 0.000109612, 0, 0, 0, 0, 0
12901, -0.25, 0.249098, -0.249272, 2.96125e-05, -0.270156, -0.000217691, 0.000109612, 0, 0, 0, 0, 0
12911, -0.25, 0.249098, -0.249241, 2.96125e-05, -0.270156, -0.000173733, 0.000109612, 0, 0, 0, 0, 0
12921, -0.25, 0.24683, -0.249218, 2.96125e-05, -0.270156, -0.000142291, 0.000109612, 0, 0, 0, 0, 0
12931, -0.25, 0.251411, -0.248602, 2.96125e-05, -0.270156, -0.00238806, 0.000109612, 0, 0, 0, 0, 0
12941, -0.25, 0.249098, -0.249373, 2.96125e-05, -0.270156, 0.00280909, 0.000109612, 0, 0, 0, 0, 0
12951, -0.25, 0.249098, -0.249313, 2.96125e-05, -0.270156, -0.000274882, 0.000109612, 0, 0, 0, 0, 0
12961, -0.25, 0.249098, -0.24927, 2.96125e-05, -0.270156, -0.000214636, 0.000109612, 0, 0, 0, 0, 0
12971, -0.25, 0.249098, -0.249239, 2.96125e-05, -0.270156, -0.000171557, 0.000109612, 0, 0, 0, 0, 0
12981, -0.25, 0.249098, -0.249217, 2.96125e-05, -0.270156, -0.000140741, 0.000109612, 0, 0, 0, 0, 0
12991, -0.25, 0.249098, -0.249201, 2.96125e-05, -0.270156, -0.000118688, 0.000109612, 0, 0, 0, 0, 0
13001, -0.25, 0.249098, -0.24919, 2.96125e-05, -0.270156, -0.000102922, 0.000109612, 0, 0, 0, 0, 0
13010, -0.25, 0.251411, -0.249182, 2.96125e-05, -0.270156, -9.16421e-05, 0.000109612, 0, 0, 0, 0, 0
13021, -0.25, 0.249098, -0.249788, 2.96125e-05, -0.270156, 0.00222871, 0.000109612, 0, 0, 0, 0, 0
13031, -0.25, 0.249098, -0.24961, 2.96125e-05, -0.270156, -0.000689998, 0.000109612, 0, 0, 0, 0, 0
13041, -0.25, 0.249098, -0.249482, 2.96125e-05, -0.270156, -0.000511542, 0.000109612, 0, 0, 0, 0, 0
13050, -0.25, 0.249098, -0.249391, 2.96125e-05, -0.270156, -0.000383914, 0.000109612, 0, 0, 0, 0, 0
13061, -0.25, 0.249098, -0.249326, 2.96125e-05, -0.270156, -0.000292629, 0.000109612, 0, 0, 0, 0, 0
13071, -0.25, 0.249098, -0.249279, 2.96125e-05, -0.270156, -0.000227332, 0.000109612, 0, 0, 0, 0, 0
13081, -0.25, 0.249098, -0.249246, 2.96125e-05, -0.270156, -0.000180617, 0.000109612, 0, 0, 0, 0, 0
13091, -0.25, 0.249098, -0.249222, 2.96125e-05, -0.270156, -0.000147209, 0.000109612, 0, 0, 0, 0, 0
13101, -0.25, 0.249098, -0.249205, 2.96125e-05, -0.270156, -0.000123322, 0.000109612, 0, 0, 0, 0, 0
13111, -0.25, 0.24683, -0.249192, 2.96125e-05, -0.270156, -0.00010623, 0.000109612, 0, 0, 0, 0, 0
13121, -0.25, 0.249098, -0.248583, 2.96125e-05, -0.270156, -0.00236227, 0.000109612, 0, 0, 0, 0, 0
13131, -0.25, 0.249098, -0.248748, 2.96125e-05, -0.270156, 0.000515267, 0.000109612, 0, 0, 0, 0, 0
13140, -0.25, 0.24683, -0.248866, 2.96125e-05, -0.270156, 0.000350505, 0.000109612, 0, 0, 0, 0, 0
13151, -0.25, 0.249098, -0.248349, 2.96125e-05, -0.270156, -0.00203559, 0.000109612, 0, 0, 0, 0, 0
13161, -0.25, 0.249098, -0.248581, 2.96125e-05, -0.270156, 0.000748917, 0.000109612, 0, 0, 0, 0, 0
13171, -0.25, 0.24683, -0.248746, 2.96125e-05, -0.270156, 0.000517622, 0.000109612, 0, 0, 0, 0, 0
13180, -0.25, 0.249098, -0.248264, 2.96125e-05, -0.270156, -0.00191605, 0.000109612, 0, 0, 0, 0, 0
13191, -0.25, 0.249098, -0.24852, 2.96125e-05, -0.270156, 0.000834405, 0.000109612, 0, 0, 0, 0, 0
13201, -0.25, 0.249098, -0.248702, 2.96125e-05, -0.270156, 0.000578776, 0.000109612, 0, 0, 0, 0, 0
13211, -0.25, 0.249098, -0.248833, 2.96125e-05, -0.270156, 0.000395939, 0.000109612, 0, 0, 0, 0, 0
13220, -0.25, 0.249098, -0.248927, 2.96125e-05, -0.270156, 0.000265166, 0.000109612, 0, 0, 0, 0, 0
13231, -0.25, 0.249098, -0.248994, 2.96125e-05, -0.270156, 0.000171632, 0.000109612, 0, 0, 0, 0, 0
13241, -0.25, 0.249098, -0.249042, 2.96125e-05, -0.270156, 0.000104725, 0.000109612, 0, 0, 0, 0, 0
13251, -0.25, 0.249098, -0.249076, 2.96125e-05, -0.270156, 5.68628e-05, 0.000109612, 0, 0, 0, 0, 0
13260, -0.25, 0.251411, -0.2491, 2.96125e-05, -0.270156, 2.26349e-05, 0.000109612, 0, 0, 0, 0, 0
13271, -0.25, 0.249098, -0.24973, 2.96125e-05, -0.270156, 0.00231045, 0.000109612, 0, 0, 0, 0, 0
13281, -0.25, 0.249098, -0.249568, 2.96125e-05, -0.270156, -0.000631526, 0.000109612, 0, 0, 0, 0, 0
13291, -0.25, 0.249098, -0.249452, 2.96125e-05, -0.270156, -0.000469729, 0.000109612, 0, 0, 0, 0, 0
13301, -0.25, 0.249098, -0.24937, 2.96125e-05, -0.270156, -0.000354007, 0.000109612, 0, 0, 0, 0, 0
13310, -0.25, 0.249098, -0.24931, 2.96125e-05, -0.270156, -0.000271231, 0.000109612, 0, 0, 0, 0, 0
13321, -0.25, 0.249098, -0.249268, 2.96125e-05, -0.270156, -0.000212029, 0.000109612, 0, 0, 0, 0, 0
13331, -0.25, 0.249098, -0.249238, 2.96125e-05, -0.270156, -0.00016968, 0.000109612, 0, 0, 0, 0, 0
13341, -0.25, 0.251411, -0.249216, 2.96125e-05, -0.270156, -0.0001394, 0.000109612, 0, 0, 0, 0, 0
13350, -0.25, 0.249098, -0.249813, 2.96125e-05, -0.270156, 0.00219454, 0.000109612, 0, 0, 0, 0, 0
13361, -0.25, 0.249098, -0.249627, 2.96125e-05, -0.270156, -0.000714436, 0.000109612, 0, 0, 0, 0, 0
13371, -0.25, 0.249098, -0.249495, 2.96125e-05, -0.270156, -0.000529021, 0.000109612, 0, 0, 0, 0, 0
13381, -0.25, 0.249098, -0.2494, 2.96125e-05, -0.270156, -0.000396416, 0.000109612, 0, 0, 0, 0, 0
13390, -0.25, 0.249098, -0.249332, 2.96125e-05, -0.270156, -0.00030157, 0.000109612, 0, 0, 0, 0, 0
13401, -0.25, 0.249098, -0.249284, 2.96125e-05, -0.270156, -0.00023374, 0.000109612, 0, 0, 0, 0, 0
13411, -0.25, 0.249098, -0.249249, 2.96125e-05, -0.270156, -0.000185207, 0.000109612, 0, 0, 0, 0, 0
13421, -0.25, 0.251411, -0.249224, 2.96125e-05, -0.270156, -0.000150502, 0.000109612, 0, 0, 0, 0, 0
13431, -0.25, 0.249098, -0.249819, 2.96125e-05, -0.270156, 0.00218661, 0.000109612, 0, 0, 0, 0, 0
13441, -0.25, 0.249098, -0.249631, 2.96125e-05, -0.270156, -0.000720114, 0.000109612, 0, 0, 0, 0, 0
13451, -0.25, 0.249098, -0.249498, 2.96125e-05, -0.270156, -0.000533089, 0.000109612, 0, 0, 0, 0, 0
13461, -0.25, 0.249098, -0.249402, 2.96125e-05, -0.270156, -0.000399321, 0.000109612, 0, 0, 0, 0, 0
13471, -0.25, 0.249098, -0.249334, 2.96125e-05, -0.270156, -0.000303641, 0.000109612, 0, 0, 0, 0, 0
13480, -0.25, 0.249098, -0.249285, 2.96125e-05, -0.270156, -0.000235215, 0.000109612, 0, 0, 0, 0, 0
13491, -0.25, 0.249098, -0.24925, 2.96125e-05, -0.270156, -0.000186279, 0.000109612, 0, 0, 0, 0, 0
13501, -0.25, 0.251411, -0.249225, 2.96125e-05, -0.270156, -0.000151277, 0.000109612, 0, 0, 0, 0, 0
13511, -0.25, 0.249098, -0.249819, 2.96125e-05, -0.270156, 0.00218606, 0.000109612, 0, 0, 0, 0, 0
13520, -0.25, 0.249098, -0.249632, 2.96125e-05, -0.270156, -0.000720501, 0.000109612, 0, 0, 0, 0, 0
13531, -0.25, 0.249098, -0.249498, 2.96125e-05, -0.270156, -0.000533357, 0.000109612, 0, 0, 0, 0, 0
13541, -0.25, 0.24683, -0.249402, 2.96125e-05, -0.270156, -0.000399515, 0.000109612, 0, 0, 0, 0, 0
13551, -0.25, 0.249098, -0.248733, 2.96125e-05, -0.270156, -0.00257204, 0.000109612, 0, 0, 0, 0, 0
13560, -0.25, 0.249098, -0.248855, 2.96125e-05, -0.270156, 0.000365213, 0.000109612, 0, 0, 0, 0, 0
13571, -0.25, 0.249098, -0.248942, 2.96125e-05, -0.270156, 0.000243187, 0.000109612, 0, 0, 0, 0, 0
13581, -0.25, 0.249098, -0.249005, 2.96125e-05, -0.270156, 0.000155911, 0.000109612, 0, 0, 0, 0, 0
13591, -0.25, 0.249098, -0.24905, 2.96125e-05, -0.270156, 9.3475e-05, 0.000109612, 0, 0, 0, 0, 0
13601, -0.25, 0.249098, -0.249082, 2.96125e-05, -0.270156, 4.88162e-05, 0.000109612, 0, 0, 0, 0, 0
13611, -0.25, 0.249098, -0.249104, 2.96125e-05, -0.270156, 1.6883e-05, 0.000109612, 0, 0, 0, 0, 0
13621, -0.25, 0.249098, -0.249121, 2.96125e-05, -0.270156, -5.96046e-06, 0.000109612, 0, 0, 0, 0, 0
13631, -0.25, 0.249098, -0.249132, 2.96125e-05, -0.270156, -2.22921e-05, 0.000109612, 0, 0, 0, 0, 0
13641, -0.25, 0.249098, -0.249141, 2.96125e-05, -0.270156, -3.39746e-05, 0.000109612, 0, 0, 0, 0, 0
13650, -0.25, 0.249098, -0.249147, 2.96125e-05, -0.270156, -4.23342e-05, 0.000109612, 0, 0, 0, 0, 0
13661, -0.25, 0.24683, -0.249151, 2.96125e-05, -0.270156, -4.83096e-05, 0.000109612, 0, 0, 0, 0, 0
13671, -0.25, 0.249098, -0.248554, 2.96125e-05, -0.270156, -0.00232084, 0.000109612, 0, 0, 0, 0, 0
13681, -0.25, 0.249098, -0.248727, 2.96125e-05, -0.270156, 0.000544891, 0.000109612, 0, 0, 0, 0, 0
13690, -0.25, 0.249098, -0.248851, 2.96125e-05, -0.270156, 0.000371695, 0.000109612, 0, 0, 0, 0, 0
13701, -0.25, 0.249098, -0.248939, 2.96125e-05, -0.270156, 0.000247821, 0.000109612, 0, 0, 0, 0, 0
13711, -0.25, 0.249098, -0.249003, 2.96125e-05, -0.270156, 0.000159219, 0.000109612, 0, 0, 0, 0, 0
13721, -0.25, 0.249098, -0.249048, 2.96125e-05, -0.270156, 9.58443e-05, 0.000109612, 0, 0, 0, 0, 0
13731, -0.25, 0.244605, -0.24908, 2.96125e-05, -0.270156, 5.05149e-05, 0.000109612, 0, 0, 0, 0, 0
13741, -0.25, 0.249098, -0.247914, 2.96125e-05, -0.270156, -0.00447562, 0.000109612, 0, 0, 0, 0, 0
13751, -0.25, 0.251411, -0.248269, 2.96125e-05, -0.270156, 0.00118464, 0.000109612, 0, 0, 0, 0, 0
13761, -0.25, 0.249098, -0.249135, 2.96125e-05, -0.270156, 0.00314157, 0.000109612, 0, 0, 0, 0, 0
13771, -0.25, 0.249098, -0.249143, 2.96125e-05, -0.270156, -3.70741e-05, 0.000109612, 0, 0, 0, 0, 0
13780, -0.25, 0.249098, -0.249148, 2.96125e-05, -0.270156, -4.45545e-05, 0.000109612, 0, 0, 0, 0, 0
13791, -0.25, 0.249098, -0.249152, 2.96125e-05, -0.270156, -4.98891e-05, 0.000109612, 0, 0, 0, 0, 0
13801, -0.25, 0.249098, -0.249155, 2.96125e-05, -0.270156, -5.37187e-05, 0.000109612, 0, 0, 0, 0, 0
13811, -0.25, 0.24683, -0.249157, 2.96125e-05, -0.270156, -5.64456e-05, 0.000109612, 0, 0, 0, 0, 0
13820, -0.25, 0.249098, -0.248558, 2.96125e-05, -0.270156, -0.00232667, 0.000109612, 0, 0, 0, 0, 0
13831, -0.25, 0.251411, -0.24873, 2.96125e-05, -0.270156, 0.000540718, 0.000109612, 0, 0, 0, 0, 0
13841, -0.25, 0.249098, -0.249465, 2.96125e-05, -0.270156, 0.002681, 0.000109612, 0, 0, 0, 0, 0
13851, -0.25, 0.249098, -0.249379, 2.96125e-05, -0.270156, -0.000366494, 0.000109612, 0, 0, 0, 0, 0
13860, -0.25, 0.249098, -0.249317, 2.96125e-05, -0.270156, -0.000280172, 0.000109612, 0, 0, 0, 0, 0
13871, -0.25, 0.249098, -0.249273, 2.96125e-05, -0.270156, -0.000218436, 0.000109612, 0, 0, 0, 0, 0
13881, -0.25, 0.249098, -0.249241, 2.96125e-05, -0.270156, -0.000174269, 0.000109612, 0, 0, 0, 0, 0
13891, -0.25, 0.249098, -0.249218, 2.96125e-05, -0.270156, -0.000142679, 0.000109612, 0, 0, 0, 0, 0
13900, -0.25, 0.249098, -0.249202, 2.96125e-05, -0.270156, -0.000120074, 0.000109612, 0, 0, 0, 0, 0
13911, -0.25, 0.251411, -0.249191, 2.96125e-05, -0.270156, -0.000103906, 0.000109612, 0, 0, 0, 0, 0
13921, -0.25, 0.249098, -0.249795, 2.96125e-05, -0.270156, 0.00221995, 0.000109612, 0, 0, 0, 0, 0
13931, -0.25, 0.249098, -0.249614, 2.96125e-05, -0.270156, -0.000696257, 0.000109612, 0, 0, 0, 0, 0
13941, -0.25, 0.249098, -0.249486, 2.96125e-05, -0.270156, -0.000516027, 0.000109612, 0, 0, 0, 0, 0
13950, -0.25, 0.249098, -0.249393, 2.96125e-05, -0.270156, -0.000387117, 0.000109612, 0, 0, 0, 0, 0
13961, -0.25, 0.249098, -0.249327, 2.96125e-05, -0.270156, -0.000294924, 0.000109612, 0, 0, 0, 0, 0
13971, -0.25, 0.249098, -0.24928, 2.96125e-05, -0.270156, -0.000228971, 0.000109612, 0, 0, 0, 0, 0
13981, -0.25, 0.249098, -0.249246, 2.96125e-05, -0.270156, -0.000181809, 0.000109612, 0, 0, 0, 0, 0
13990, -0.25, 0.251411, -0.249222, 2.96125e-05, -0.270156, -0.000148073, 0.000109612, 0, 0, 0, 0, 0
14001, -0.25, 0.249098, -0.249817, 2.96125e-05, -0.270156, 0.00218835, 0.000109612, 0, 0, 0, 0, 0
14011, -0.25, 0.249098, -0.249631, 2.96125e-05, -0.270156, -0.000718862, 0.000109612, 0, 0, 0, 0, 0
14021, -0.25, 0.249098, -0.249497, 2.96125e-05, -0.270156, -0.000532195, 0.000109612, 0, 0, 0, 0, 0
14030, -0.25, 0.249098, -0.249402, 2.96125e-05, -0.270156, -0.000398681, 0.000109612, 0, 0, 0, 0, 0
14041, -0.25, 0.249098, -0.249333, 2.96125e-05, -0.270156, -0.000303194, 0.000109612, 0, 0, 0, 0, 0
14051, -0.25, 0.249098, -0.249284, 2.96125e-05, -0.270156, -0.000234887, 0.000109612, 0, 0, 0, 0, 0
14061, -0.25, 0.24683, -0.24925, 2.96125e-05, -0.270156, -0.000186041, 0.000109612, 0, 0, 0, 0, 0
14070, -0.25, 0.249098, -0.248624, 2.96125e-05, -0.270156, -0.00241935, 0.000109612, 0, 0, 0, 0, 0
14081, -0.25, 0.251411, -0.248777, 2.96125e-05, -0.270156, 0.000474423, 0.000109612, 0, 0, 0, 0, 0
14091, -0.25, 0.249098, -0.249499, 2.96125e-05, -0.270156, 0.00263359, 0.000109612, 0, 0, 0, 0, 0
14101, -0.25, 0.249098, -0.249403, 2.96125e-05, -0.270156, -0.000400409, 0.000109612, 0, 0, 0, 0, 0
14111, -0.25, 0.249098, -0.249334, 2.96125e-05, -0.270156, -0.000304431, 0.000109612, 0, 0, 0, 0, 0
14120, -0.25, 0.24683, -0.249285, 2.96125e-05, -0.270156, -0.000235781, 0.000109612, 0, 0, 0, 0, 0
14131, -0.25, 0.249098, -0.248649, 2.96125e-05, -0.270156, -0.00245492, 0.000109612, 0, 0, 0, 0, 0
14141, -0.25, 0.249098, -0.248795, 2.96125e-05, -0.270156, 0.000448972, 0.000109612, 0, 0, 0, 0, 0
14151, -0.25, 0.249098, -0.2489, 2.96125e-05, -0.270156, 0.00030309, 0.000109612, 0, 0, 0, 0, 0
14160, -0.25, 0.251411, -0.248974, 2.96125e-05, -0.270156, 0.000198752, 0.000109612, 0, 0, 0, 0, 0
14171, -0.25, 0.249098, -0.24964, 2.96125e-05, -0.270156, 0.00243641, 0.000109612, 0, 0, 0, 0, 0
14181, -0.25, 0.249098, -0.249504, 2.96125e-05, -0.270156, -0.000541434, 0.000109612, 0, 0, 0, 0, 0
14191, -0.25, 0.249098, -0.249406, 2.96125e-05, -0.270156, -0.000405297, 0.000109612, 0, 0, 0, 0, 0
14200, -0.25, 0.249098, -0.249337, 2.96125e-05, -0.270156, -0.000307918, 0.000109612, 0, 0, 0, 0, 0
14211, -0.25, 0.249098, -0.249287, 2.96125e-05, -0.270156, -0.000238255, 0.000109612, 0, 0, 0, 0, 0
14221, -0.25, 0.242421, -0.249251, 2.96125e-05, -0.270156, -0.00018844, 0.000109612, 0, 0, 0, 0, 0
14231, -0.25, 0.249098, -0.247458, 2.96125e-05, -0.270156, -0.00683039, 0.000109612, 0, 0, 0, 0, 0
14241, -0.25, 0.251411, -0.247943, 2.96125e-05, -0.270156, 0.00164057, 0.000109612, 0, 0, 0, 0, 0
14251, -0.25, 0.249098, -0.248902, 2.96125e-05, -0.270156, 0.00346768, 0.000109612, 0, 0, 0, 0, 0
14261, -0.25, 0.249098, -0.248976, 2.96125e-05, -0.270156, 0.000196174, 0.000109612, 0, 0, 0, 0, 0
14271, -0.25, 0.249098, -0.249029, 2.96125e-05, -0.270156, 0.000122279, 0.000109612, 0, 0, 0, 0, 0
14281, -0.25, 0.249098, -0.249067, 2.96125e-05, -0.270156, 6.94245e-05, 0.000109612, 0, 0, 0, 0, 0
14290, -0.25, 0.249098, -0.249094, 2.96125e-05, -0.270156, 3.16203e-05, 0.000109612, 0, 0, 0, 0, 0
14301, -0.25, 0.244605, -0.249113, 2.96125e-05, -0.270156, 4.58956e-06, 0.000109612, 0, 0, 0, 0, 0
14311, -0.25, 0.249098, -0.247937, 2.96125e-05, -0.270156, -0.00450847, 0.000109612, 0, 0, 0, 0, 0
14321, -0.25, 0.249098, -0.248286, 2.96125e-05, -0.270156, 0.00116114, 0.000109612, 0, 0, 0, 0, 0
14330, -0.25, 0.249098, -0.248535, 2.96125e-05, -0.270156, 0.000812471, 0.000109612, 0, 0, 0, 0, 0
14341, -0.25, 0.249098, -0.248714, 2.96125e-05, -0.270156, 0.000563085, 0.000109612, 0, 0, 0, 0, 0
14351, -0.25, 0.249098, -0.248841, 2.96125e-05, -0.270156, 0.000384703, 0.000109612, 0, 0, 0, 0, 0
14361, -0.25, 0.249098, -0.248933, 2.96125e-05, -0.270156, 0.00025712, 0.000109612, 0, 0, 0, 0, 0
14370, -0.25, 0.249098, -0.248998, 2.96125e-05, -0.270156, 0.000165865, 0.000109612, 0, 0, 0, 0, 0
14381, -0.25, 0.24683, -0.249044, 2.96125e-05, -0.270156, 0.000100598, 0.000109612, 0, 0, 0, 0, 0
14391, -0.25, 0.249098, -0.248477, 2.96125e-05, -0.270156, -0.00221434, 0.000109612, 0, 0, 0, 0, 0
14401, -0.25, 0.251411, -0.248672, 2.96125e-05, -0.270156, 0.000621065, 0.000109612, 0, 0, 0, 0, 0
14411, -0.25, 0.249098, -0.249424, 2.96125e-05, -0.270156, 0.00273848, 0.000109612, 0, 0, 0, 0, 0
14420, -0.25, 0.249098, -0.249349, 2.96125e-05, -0.270156, -0.000325382, 0.000109612, 0, 0, 0, 0, 0
14431, -0.25, 0.249098, -0.249296, 2.96125e-05, -0.270156, -0.000250757, 0.000109612, 0, 0, 0, 0, 0
14441, -0.25, 0.249098, -0.249258, 2.96125e-05, -0.270156, -0.000197381, 0.000109612, 0, 0, 0, 0, 0
14451, -0.25, 0.249098, -0.24923, 2.96125e-05, -0.270156, -0.000159219, 0.000109612, 0, 0, 0, 0, 0
14460, -0.25, 0.242421, -0.249211, 2.96125e-05, -0.270156, -0.000131905, 0.000109612, 0, 0, 0, 0, 0
14471, -0.25, 0.249098, -0.247429, 2.96125e-05, -0.270156, -0.00678997, 0.000109612, 0, 0, 0, 0, 0
14481, -0.25, 0.249098, -0.247922, 2.96125e-05, -0.270156, 0.0016695, 0.000109612, 0, 0, 0, 0, 0
14491, -0.25, 0.249098, -0.248275, 2.96125e-05, -0.270156, 0.00117607, 0.000109612, 0, 0, 0, 0, 0
14500, -0.25, 0.24683, -0.248528, 2.96125e-05, -0.270156, 0.000823155, 0.000109612, 0, 0, 0, 0, 0
14511, -0.25, 0.251411, -0.248108, 2.96125e-05, -0.270156, -0.00169753, 0.000109612, 0, 0, 0, 0, 0
14521, -0.25, 0.249098, -0.24902, 2.96125e-05, -0.270156, 0.00330299, 0.000109612, 0, 0, 0, 0, 0
14531, -0.25, 0.249098, -0.24906, 2.96125e-05, -0.270156, 7.83801e-05, 0.000109612, 0, 0, 0, 0, 0
14540, -0.25, 0.249098, -0.249089, 2.96125e-05, -0.270156, 3.80278e-05, 0.000109612, 0, 0, 0, 0, 0
14551, -0.25, 0.249098, -0.24911, 2.96125e-05, -0.270156, 9.17912e-06, 0.000109612, 0, 0, 0, 0, 0
14561, -0.25, 0.249098, -0.249125, 2.96125e-05, -0.270156, -1.1459e-05, 0.000109612, 0, 0, 0, 0, 0
14571, -0.25, 0.249098, -0.249135, 2.96125e-05, -0.270156, -2.6226e-05, 0.000109612, 0, 0, 0, 0, 0
14581, -0.25, 0.249098, -0.249143, 2.96125e-05, -0.270156, -3.6791e-05, 0.000109612, 0, 0, 0, 0, 0
14590, -0.25, 0.249098, -0.249148, 2.96125e-05, -0.270156, -4.43459e-05, 0.000109612, 0, 0, 0, 0, 0
14601, -0.25, 0.249098, -0.249152, 2.96125e-05, -0.270156, -4.9755e-05, 0.000109612, 0, 0, 0, 0, 0
14611, -0.25, 0.249098, -0.249155, 2.96125e-05, -0.270156, -5.36144e-05, 0.000109612, 0, 0, 0, 0, 0
14621, -0.25, 0.24683, -0.249157, 2.96125e-05, -0.270156, -5.6386e-05, 0.000109612, 0, 0, 0, 0, 0
14630, -0.25, 0.249098, -0.248558, 2.96125e-05, -0.270156, -0.00232662, 0.000109612, 0, 0, 0, 0, 0
14641, -0.25, 0.249098, -0.24873, 2.96125e-05, -0.270156, 0.000540748, 0.000109612, 0, 0, 0, 0, 0
14651, -0.25, 0.249098, -0.248853, 2.96125e-05, -0.270156, 0.000368729, 0.000109612, 0, 0, 0, 0, 0
14661, -0.25, 0.249098, -0.248941, 2.96125e-05, -0.270156, 0.000245705, 0.000109612, 0, 0, 0, 0, 0
14670, -0.25, 0.249098, -0.249004, 2.96125e-05, -0.270156, 0.000157699, 0.000109612, 0, 0, 0, 0, 0
14681, -0.25, 0.249098, -0.249049, 2.96125e-05, -0.270156, 9.47565e-05, 0.000109612, 0, 0, 0, 0, 0
14691, -0.25, 0.24683, -0.249081, 2.96125e-05, -0.270156, 4.97401e-05, 0.000109612, 0, 0, 0, 0, 0
14701, -0.25, 0.249098, -0.248503, 2.96125e-05, -0.270156, -0.00225072, 0.000109612, 0, 0, 0, 0, 0
14711, -0.25, 0.244605, -0.248691, 2.96125e-05, -0.270156, 0.000595033, 0.000109612, 0, 0, 0, 0, 0
14721, -0.25, 0.249098, -0.247635, 2.96125e-05, -0.270156, -0.00408615, 0.000109612, 0, 0, 0, 0, 0
14731, -0.25, 0.249098, -0.24807, 2.96125e-05, -0.270156, 0.00146319, 0.000109612, 0, 0, 0, 0, 0
14741, -0.25, 0.249098, -0.248381, 2.96125e-05, -0.270156, 0.00102852, 0.000109612, 0, 0, 0, 0, 0
14751, -0.25, 0.249098, -0.248603, 2.96125e-05, -0.270156, 0.00071761, 0.000109612, 0, 0, 0, 0, 0
14760, -0.25, 0.24683, -0.248762, 2.96125e-05, -0.270156, 0.00049524, 0.000109612, 0, 0, 0, 0, 0
14771, -0.25, 0.249098, -0.248275, 2.96125e-05, -0.270156, -0.00193207, 0.000109612, 0, 0, 0, 0, 0
14781, -0.25, 0.249098, -0.248528, 2.96125e-05, -0.270156, 0.000822946, 0.000109612, 0, 0, 0, 0, 0
14791, -0.25, 0.24683, -0.248708, 2.96125e-05, -0.270156, 0.00057058, 0.000109612, 0, 0, 0, 0, 0
14800, -0.25, 0.249098, -0.248237, 2.96125e-05, -0.270156, -0.00187819, 0.000109612, 0, 0, 0, 0, 0
14811, -0.25, 0.249098, -0.2485, 2.96125e-05, -0.270156, 0.000861481, 0.000109612, 0, 0, 0, 0, 0
14821, -0.25, 0.258625, -0.248689, 2.96125e-05, -0.270156, 0.000598133, 0.000109612, 0, 0, 0, 0, 0
14831, -0.25, 0.249098, -0.251346, 2.96125e-05, -0.270156, 0.00993647, 0.000109612, 0, 0, 0, 0, 0
14840, -0.25, 0.249098, -0.250724, 2.96125e-05, -0.270156, -0.00224717, 0.000109612, 0, 0, 0, 0, 0
14851, -0.25, 0.249098, -0.250279, 2.96125e-05, -0.270156, -0.00162531, 0.000109612, 0, 0, 0, 0, 0
14861, -0.25, 0.249098, -0.249961, 2.96125e-05, -0.270156, -0.00118054, 0.000109612, 0, 0, 0, 0, 0
14871, -0.25, 0.24683, -0.249733, 2.96125e-05, -0.270156, -0.00086242, 0.000109612, 0, 0, 0, 0, 0
14881, -0.25, 0.24683, -0.24897, 2.96125e-05, -0.270156, -0.00290312, 0.000109612, 0, 0, 0, 0, 0
14891, -0.25, 0.251411, -0.248424, 2.96125e-05, -0.270156, -0.00213985, 0.000109612, 0, 0, 0, 0, 0
14901, -0.25, 0.249098, -0.249246, 2.96125e-05, -0.270156, 0.00298662, 0.000109612, 0, 0, 0, 0, 0
14911, -0.25, 0.249098, -0.249222, 2.96125e-05, -0.270156, -0.000147894, 0.000109612, 0, 0, 0, 0, 0
14921, -0.25, 0.249098, -0.249205, 2.96125e-05, -0.270156, -0.000123814, 0.000109612, 0, 0, 0, 0, 0
14930, -0.25, 0.249098, -0.249193, 2.96125e-05, -0.270156, -0.000106588, 0.000109612, 0, 0, 0, 0, 0
14941, -0.25, 0.258625, -0.249184, 2.96125e-05, -0.270156, -9.42796e-05, 0.000109612, 0, 0, 0, 0, 0
14951, -0.25, 0.256173, -0.2517, 2.96125e-05, -0.270156, 0.00944121, 0.000109612, 0, 0, 0, 0, 0
14961, -0.25, 0.249098, -0.25285, 2.96125e-05, -0.270156, 0.00447288, 0.000109612, 0, 0, 0, 0, 0
14970, -0.25, 0.249098, -0.2518, 2.96125e-05, -0.270156, -0.00375159, 0.000109612, 0, 0, 0, 0, 0
14981, -0.25, 0.249098, -0.251049, 2.96125e-05, -0.270156, -0.00270136, 0.000109612, 0, 0, 0, 0, 0
14991, -0.25, 0.249098, -0.250511, 2.96125e-05, -0.270156, -0.00195016, 0.000109612, 0, 0, 0, 0, 0
15001, -0.25, 0.249098, -0.250127, 2.96125e-05, -0.270156, -0.00141288, 0.000109612, 0, 0, 0, 0, 0
15010, -0.25, 0.249098, -0.249852, 2.96125e-05, -0.270156, -0.00102858, 0.000109612, 0, 0, 0, 0, 0
15021, -0.25, 0.249098, -0.249656, 2.96125e-05, -0.270156, -0.000753731, 0.000109612, 0, 0, 0, 0, 0
15031, -0.25, 0.244605, -0.249515, 2.96125e-05, -0.270156, -0.00055714, 0.000109612, 0, 0, 0, 0, 0
15041, -0.25, 0.249098, -0.248225, 2.96125e-05, -0.270156, -0.00491023, 0.000109612, 0, 0, 0, 0, 0
15051, -0.25, 0.249098, -0.248491, 2.96125e-05, -0.270156, 0.000873789, 0.000109612, 0, 0, 0, 0, 0
15060, -0.25, 0.249098, -0.248682, 2.96125e-05, -0.270156, 0.000606939, 0.000109612, 0, 0, 0, 0, 0
15071, -0.25, 0.24683, -0.248819, 2.96125e-05, -0.270156, 0.00041607, 0.000109612, 0, 0, 0, 0, 0
15081, -0.25, 0.249098, -0.248316, 2.96125e-05, -0.270156, -0.00198869, 0.000109612, 0, 0, 0, 0, 0
15091, -0.25, 0.249098, -0.248557, 2.96125e-05, -0.270156, 0.00078246, 0.000109612, 0, 0, 0, 0, 0
15100, -0.25, 0.249098, -0.248729, 2.96125e-05, -0.270156, 0.000541613, 0.000109612, 0, 0, 0, 0, 0
15111, -0.25, 0.244605, -0.248852, 2.96125e-05, -0.270156, 0.000369355, 0.000109612, 0, 0, 0, 0, 0
15121, -0.25, 0.249098, -0.247751, 2.96125e-05, -0.270156, -0.00424756, 0.000109612, 0, 0, 0, 0, 0
15131, -0.25, 0.249098, -0.248152, 2.96125e-05, -0.270156, 0.00134775, 0.000109612, 0, 0, 0, 0, 0
15140, -0.25, 0.251411, -0.24844, 2.96125e-05, -0.270156, 0.000945941, 0.000109612, 0, 0, 0, 0, 0
15151, -0.25, 0.249098, -0.249258, 2.96125e-05, -0.270156, 0.00297083, 0.000109612, 0, 0, 0, 0, 0
15161, -0.25, 0.249098, -0.24923, 2.96125e-05, -0.270156, -0.000159204, 0.000109612, 0, 0, 0, 0, 0
15171, -0.25, 0.258625, -0.249211, 2.96125e-05, -0.270156, -0.000131905, 0.000109612, 0, 0, 0, 0, 0
15181, -0.25, 0.249098, -0.251719, 2.96125e-05, -0.270156, 0.0094143, 0.000109612, 0, 0, 0, 0, 0
15191, -0.25, 0.251411, -0.250991, 2.96125e-05, -0.270156, -0.00262065, 0.000109612, 0, 0, 0, 0, 0
15201, -0.25, 0.24683, -0.251082, 2.96125e-05, -0.270156, 0.000419855, 0.000109612, 0, 0, 0, 0, 0
15211, -0.25, 0.249098, -0.249935, 2.96125e-05, -0.270156, -0.00425203, 0.000109612, 0, 0, 0, 0, 0
15221, -0.25, 0.249098, -0.249715, 2.96125e-05, -0.270156, -0.000836387, 0.000109612, 0, 0, 0, 0, 0
15230, -0.25, 0.249098, -0.249557, 2.96125e-05, -0.270156, -0.000616252, 0.000109612, 0, 0, 0, 0, 0
15241, -0.25, 0.24683, -0.249445, 2.96125e-05, -0.270156, -0.000458792, 0.000109612, 0, 0, 0, 0, 0
15251, -0.25, 0.258625, -0.248764, 2.96125e-05, -0.270156, -0.00261444, 0.000109612, 0, 0, 0, 0, 0
15261, -0.25, 0.249098, -0.251399, 2.96125e-05, -0.270156, 0.00986157, 0.000109612, 0, 0, 0, 0, 0
15270, -0.25, 0.249098, -0.250762, 2.96125e-05, -0.270156, -0.00230072, 0.000109612, 0, 0, 0, 0, 0
15281, -0.25, 0.256173, -0.250306, 2.96125e-05, -0.270156, -0.00166361, 0.000109612, 0, 0, 0, 0, 0
15291, -0.25, 0.249098, -0.251853, 2.96125e-05, -0.270156, 0.00586638, 0.000109612, 0, 0, 0, 0, 0
15301, -0.25, 0.249098, -0.251087, 2.96125e-05, -0.270156, -0.00275491, 0.000109612, 0, 0, 0, 0, 0
15310, -0.25, 0.258625, -0.250539, 2.96125e-05, -0.270156, -0.00198849, 0.000109612, 0, 0, 0, 0, 0
15321, -0.25, 0.258625, -0.252669, 2.96125e-05, -0.270156, 0.00808641, 0.000109612, 0, 0, 0, 0, 0
15331, -0.25, 0.258625, -0.254192, 2.96125e-05, -0.270156, 0.00595629, 0.000109612, 0, 0, 0, 0, 0
15341, -0.25, 0.249098, -0.255282, 2.96125e-05, -0.270156, 0.00443274, 0.000109612, 0, 0, 0, 0, 0
15350, -0.25, 0.249098, -0.253539, 2.96125e-05, -0.270156, -0.00618367, 0.000109612, 0, 0, 0, 0, 0
15361, -0.25, 0.253768, -0.252293, 2.96125e-05, -0.270156, -0.00444086, 0.000109612, 0, 0, 0, 0, 0
15371, -0.25, 0.249098, -0.252638, 2.96125e-05, -0.270156, 0.0014756, 0.000109612, 0, 0, 0, 0, 0
15381, -0.25, 0.249098, -0.251648, 2.96125e-05, -0.270156, -0.00353916, 0.000109612, 0, 0, 0, 0, 0
15391, -0.25, 0.249098, -0.25094, 2.96125e-05, -0.270156, -0.00254942, 0.000109612, 0, 0, 0, 0, 0
15400, -0.25, 0.249098, -0.250434, 2.96125e-05, -0.270156, -0.0018415, 0.000109612, 0, 0, 0, 0, 0
15411, -0.25, 0.249098, -0.250071, 2.96125e-05, -0.270156, -0.00133516, 0.000109612, 0, 0, 0, 0, 0
15421, -0.25, 0.249098, -0.249812, 2.96125e-05, -0.270156, -0.000973001, 0.000109612, 0, 0, 0, 0, 0
15431, -0.25, 0.249098, -0.249627, 2.96125e-05, -0.270156, -0.000713974, 0.000109612, 0, 0, 0, 0, 0
15440, -0.25, 0.244605, -0.249495, 2.96125e-05, -0.270156, -0.000528708, 0.000109612, 0, 0, 0, 0, 0
15451, -0.25, 0.249098, -0.24821, 2.96125e-05, -0.270156, -0.00488991, 0.000109612, 0, 0, 0, 0, 0
15461, -0.25, 0.251411, -0.248481, 2.96125e-05, -0.270156, 0.000888318, 0.000109612, 0, 0, 0, 0, 0
15471, -0.25, 0.249098, -0.249287, 2.96125e-05, -0.270156, 0.00292963, 0.000109612, 0, 0, 0, 0, 0
15480, -0.25, 0.249098, -0.249251, 2.96125e-05, -0.270156, -0.000188664, 0.000109612, 0, 0, 0, 0, 0
15491, -0.25, 0.249098, -0.249226, 2.96125e-05, -0.270156, -0.000152975, 0.000109612, 0, 0, 0, 0, 0
15501, -0.25, 0.258625, -0.249208, 2.96125e-05, -0.270156, -0.00012745, 0.000109612, 0, 0, 0, 0, 0
15511, -0.25, 0.249098, -0.251717, 2.96125e-05, -0.270156, 0.0094175, 0.000109612, 0, 0, 0, 0, 0
15521, -0.25, 0.24683, -0.250989, 2.96125e-05, -0.270156, -0.00261833, 0.000109612, 0, 0, 0, 0, 0
15531, -0.25, 0.249098, -0.249868, 2.96125e-05, -0.270156, -0.00415905, 0.000109612, 0, 0, 0, 0, 0
15541, -0.25, 0.249098, -0.249667, 2.96125e-05, -0.270156, -0.000769883, 0.000109612, 0, 0, 0, 0, 0
15551, -0.25, 0.249098, -0.249523, 2.96125e-05, -0.270156, -0.000568688, 0.000109612, 0, 0, 0, 0, 0
15561, -0.25, 0.258625, -0.24942, 2.96125e-05, -0.270156, -0.000424787, 0.000109612, 0, 0, 0, 0, 0
15570, -0.25, 0.258625, -0.251869, 2.96125e-05, -0.270156, 0.00920482, 0.000109612, 0, 0, 0, 0, 0
15581, -0.25, 0.249098, -0.25362, 2.96125e-05, -0.270156, 0.00675622, 0.000109612, 0, 0, 0, 0, 0
15591, -0.25, 0.249098, -0.252351, 2.96125e-05, -0.270156, -0.00452183, 0.000109612, 0, 0, 0, 0, 0
15601, -0.25, 0.244605, -0.251443, 2.96125e-05, -0.270156, -0.00325225, 0.000109612, 0, 0, 0, 0, 0
15610, -0.25, 0.249098, -0.249603, 2.96125e-05, -0.270156, -0.00683792, 0.000109612, 0, 0, 0, 0, 0
15621, -0.25, 0.249098, -0.249478, 2.96125e-05, -0.270156, -0.000504985, 0.000109612, 0, 0, 0, 0, 0
15631, -0.25, 0.249098, -0.249388, 2.96125e-05, -0.270156, -0.00037922, 0.000109612, 0, 0, 0, 0, 0
15641, -0.25, 0.258625, -0.249323, 2.96125e-05, -0.270156, -0.000289276, 0.000109612, 0, 0, 0, 0, 0
15650, -0.25, 0.258625, -0.2518, 2.96125e-05, -0.270156, 0.00930175, 0.000109612, 0, 0, 0, 0, 0
15661, -0.25, 0.249098, -0.253571, 2.96125e-05, -0.270156, 0.00682554, 0.000109612, 0, 0, 0, 0, 0
15671, -0.25, 0.249098, -0.252315, 2.96125e-05, -0.270156, -0.00447224, 0.000109612, 0, 0, 0, 0, 0
15681, -0.25, 0.24683, -0.251417, 2.96125e-05, -0.270156, -0.00321679, 0.000109612, 0, 0, 0, 0, 0
15691, -0.25, 0.24683, -0.250174, 2.96125e-05, -0.270156, -0.00458707, 0.000109612, 0, 0, 0, 0, 0
15700, -0.25, 0.24683, -0.249286, 2.96125e-05, -0.270156, -0.00334428, 0.000109612, 0, 0, 0, 0, 0
15711, -0.25, 0.249098, -0.24865, 2.96125e-05, -0.270156, -0.0024554, 0.000109612, 0, 0, 0, 0, 0
15721, -0.25, 0.249098, -0.248796, 2.96125e-05, -0.270156, 0.000448644, 0.000109612, 0, 0, 0, 0, 0
15731, -0.25, 0.249098, -0.2489, 2.96125e-05, -0.270156, 0.000302851, 0.000109612, 0, 0, 0, 0, 0
15740, -0.25, 0.249098, -0.248974, 2.96125e-05, -0.270156, 0.000198573, 0.000109612, 0, 0, 0, 0, 0
15751, -0.25, 0.258625, -0.249028, 2.96125e-05, -0.270156, 0.000123993, 0.000109612, 0, 0, 0, 0, 0
15761, -0.25, 0.261127, -0.251588, 2.96125e-05, -0.270156, 0.00959733, 0.000109612, 0, 0, 0, 0, 0
15771, -0.25, 0.24683, -0.254082, 2.96125e-05, -0.270156, 0.00953895, 0.000109612, 0, 0, 0, 0, 0
15780, -0.25, 0.249098, -0.25208, 2.96125e-05, -0.270156, -0.00725166, 0.000109612, 0, 0, 0, 0, 0
15791, -0.25, 0.249098, -0.251249, 2.96125e-05, -0.270156, -0.00298186, 0.000109612, 0, 0, 0, 0, 0
15801, -0.25, 0.258625, -0.250655, 2.96125e-05, -0.270156, -0.00215082, 0.000109612, 0, 0, 0, 0, 0
15811, -0.25, 0.249098, -0.252752, 2.96125e-05, -0.270156, 0.00797027, 0.000109612, 0, 0, 0, 0, 0
15820, -0.25, 0.249098, -0.25173, 2.96125e-05, -0.270156, -0.00365348, 0.000109612, 0, 0, 0, 0, 0
15831, -0.25, 0.258625, -0.250998, 2.96125e-05, -0.270156, -0.00263117, 0.000109612, 0, 0, 0, 0, 0
15841, -0.25, 0.258625, -0.252998, 2.96125e-05, -0.270156, 0.00762671, 0.000109612, 0, 0, 0, 0, 0
15851, -0.25, 0.256173, -0.254428, 2.96125e-05, -0.270156, 0.00562748, 0.000109612, 0, 0, 0, 0, 0
15861, -0.25, 0.249098, -0.254801, 2.96125e-05, -0.270156, 0.00174513, 0.000109612, 0, 0, 0, 0, 0
15870, -0.25, 0.251411, -0.253195, 2.96125e-05, -0.270156, -0.00570263, 0.000109612, 0, 0, 0, 0, 0
15881, -0.25, 0.249098, -0.252659, 2.96125e-05, -0.270156, -0.00178453, 0.000109612, 0, 0, 0, 0, 0
15891, -0.25, 0.258625, -0.251663, 2.96125e-05, -0.270156, -0.00356044, 0.000109612, 0, 0, 0, 0, 0
15901, -0.25, 0.258625, -0.253473, 2.96125e-05, -0.270156, 0.00696206, 0.000109612, 0, 0, 0, 0, 0
15910, -0.25, 0.249098, -0.254768, 2.96125e-05, -0.270156, 0.00515208, 0.000109612, 0, 0, 0, 0, 0
15921, -0.25, 0.249098, -0.253171, 2.96125e-05, -0.270156, -0.00566916, 0.000109612, 0, 0, 0, 0, 0
15931, -0.25, 0.244605, -0.25203, 2.96125e-05, -0.270156, -0.00407286, 0.000109612, 0, 0, 0, 0, 0
15941, -0.25, 0.249098, -0.250023, 2.96125e-05, -0.270156, -0.00742485, 0.000109612, 0, 0, 0, 0, 0
15950, -0.25, 0.251411, -0.249778, 2.96125e-05, -0.270156, -0.000924781, 0.000109612, 0, 0, 0, 0, 0
15961, -0.25, 0.249098, -0.250215, 2.96125e-05, -0.270156, 0.00163281, 0.000109612, 0, 0, 0, 0, 0
15971, -0.25, 0.249098, -0.249915, 2.96125e-05, -0.270156, -0.0011162, 0.000109612, 0, 0, 0, 0, 0
15981, -0.25, 0.249098, -0.2497, 2.96125e-05, -0.270156, -0.00081639, 0.000109612, 0, 0, 0, 0, 0
15990, -0.25, 0.258625, -0.249547, 2.96125e-05, -0.270156, -0.000601947, 0.000109612, 0, 0, 0, 0, 0
16001, -0.25, 0.249098, -0.25196, 2.96125e-05, -0.270156, 0.00907812, 0.000109612, 0, 0, 0, 0, 0
16011, -0.25, 0.24683, -0.251163, 2.96125e-05, -0.270156, -0.0028611, 0.000109612, 0, 0, 0, 0, 0
16021, -0.25, 0.24683, -0.249992, 2.96125e-05, -0.270156, -0.00433268, 0.000109612, 0, 0, 0, 0, 0
16031, -0.25, 0.249098, -0.249155, 2.96125e-05, -0.270156, -0.00316232, 0.000109612, 0, 0, 0, 0, 0
16040, -0.25, 0.249098, -0.249157, 2.96125e-05, -0.270156, -5.6982e-05, 0.000109612, 0, 0, 0, 0, 0
16051, -0.25, 0.249098, -0.249158, 2.96125e-05, -0.270156, -5.87851e-05, 0.000109612, 0, 0, 0, 0, 0
16061, -0.25, 0.249098, -0.249159, 2.96125e-05, -0.270156, -6.00815e-05, 0.000109612, 0, 0, 0, 0, 0
16071, -0.25, 0.249098, -0.24916, 2.96125e-05, -0.270156, -6.10054e-05, 0.000109612, 0, 0, 0, 0, 0
16080, -0.25, 0.249098, -0.249161, 2.96125e-05, -0.270156, -6.1661e-05, 0.000109612, 0, 0, 0, 0, 0
16091, -0.25, 0.244605, -0.249161, 2.96125e-05, -0.270156, -6.21378e-05, 0.000109612, 0, 0, 0, 0, 0
16101, -0.25, 0.249098, -0.247971, 2.96125e-05, -0.270156, -0.00455618, 0.000109612, 0, 0, 0, 0, 0
16111, -0.25, 0.249098, -0.24831, 2.96125e-05, -0.270156, 0.00112702, 0.000109612, 0, 0, 0, 0, 0
16120, -0.25, 0.249098, -0.248553, 2.96125e-05, -0.270156, 0.000788063, 0.000109612, 0, 0, 0, 0, 0
16131, -0.25, 0.258625, -0.248726, 2.96125e-05, -0.270156, 0.000545636, 0.000109612, 0, 0, 0, 0, 0
16141, -0.25, 0.258625, -0.251372, 2.96125e-05, -0.270156, 0.00989892, 0.000109612, 0, 0, 0, 0, 0
16151, -0.25, 0.249098, -0.253265, 2.96125e-05, -0.270156, 0.00725266, 0.000109612, 0, 0, 0, 0, 0
16160, -0.25, 0.249098, -0.252097, 2.96125e-05, -0.270156, -0.00416674, 0.000109612, 0, 0, 0, 0, 0
16171, -0.25, 0.24683, -0.251261, 2.96125e-05, -0.270156, -0.00299828, 0.000109612, 0, 0, 0, 0, 0
16181, -0.25, 0.258625, -0.250063, 2.96125e-05, -0.270156, -0.00443082, 0.000109612, 0, 0, 0, 0, 0
16191, -0.25, 0.249098, -0.252328, 2.96125e-05, -0.270156, 0.00856242, 0.000109612, 0, 0, 0, 0, 0
16201, -0.25, 0.249098, -0.251427, 2.96125e-05, -0.270156, -0.00322996, 0.000109612, 0, 0, 0, 0, 0
16210, -0.25, 0.249098, -0.250782, 2.96125e-05, -0.270156, -0.00232826, 0.000109612, 0, 0, 0, 0, 0
16221, -0.25, 0.249098, -0.25032, 2.96125e-05, -0.270156, -0.00168331, 0.000109612, 0, 0, 0, 0, 0
16231, -0.25, 0.249098, -0.24999, 2.96125e-05, -0.270156, -0.00122203, 0.000109612, 0, 0, 0, 0, 0
16241, -0.25, 0.249098, -0.249755, 2.96125e-05, -0.270156, -0.000892088, 0.000109612, 0, 0, 0, 0, 0
16250, -0.25, 0.244605, -0.249586, 2.96125e-05, -0.270156, -0.000656098, 0.000109612, 0, 0, 0, 0, 0
16261, -0.25, 0.251411, -0.248275, 2.96125e-05, -0.270156, -0.00498101, 0.000109612, 0, 0, 0, 0, 0
16271, -0.25, 0.249098, -0.24914, 2.96125e-05, -0.270156, 0.00313544, 0.000109612, 0, 0, 0, 0, 0
16281, -0.25, 0.249098, -0.249146, 2.96125e-05, -0.270156, -4.1455e-05, 0.000109612, 0, 0, 0, 0, 0
16290, -0.25, 0.249098, -0.249151, 2.96125e-05, -0.270156, -4.76688e-05, 0.000109612, 0, 0, 0, 0, 0
16301, -0.25, 0.249098, -0.249154, 2.96125e-05, -0.270156, -5.21243e-05, 0.000109612, 0, 0, 0, 0, 0
16311, -0.25, 0.249098, -0.249156, 2.96125e-05, -0.270156, -5.53131e-05, 0.000109612, 0, 0, 0, 0, 0
16321, -0.25, 0.249098, -0.249158, 2.96125e-05, -0.270156, -5.7593e-05, 0.000109612, 0, 0, 0, 0, 0
16331, -0.25, 0.249098, -0.249159, 2.96125e-05, -0.270156, -5.92321e-05, 0.000109612, 0, 0, 0, 0, 0
16340, -0.25, 0.251411, -0.24916, 2.96125e-05, -0.270156, -6.03944e-05, 0.000109612, 0, 0, 0, 0, 0
16351, -0.25, 0.249098, -0.249772, 2.96125e-05, -0.270156, 0.00225106, 0.000109612, 0, 0, 0, 0, 0
16361, -0.25, 0.249098, -0.249599, 2.96125e-05, -0.270156, -0.000674009, 0.000109612, 0, 0, 0, 0, 0
16371, -0.25, 0.249098, -0.249474, 2.96125e-05, -0.270156, -0.000500113, 0.000109612, 0, 0, 0, 0, 0
16380, -0.25, 0.249098, -0.249385, 2.96125e-05, -0.270156, -0.000375733, 0.000109612, 0, 0, 0, 0, 0
16391, -0.25, 0.249098, -0.249322, 2.96125e-05, -0.270156, -0.000286773, 0.000109612, 0, 0, 0, 0, 0
16401, -0.25, 0.249098, -0.249276, 2.96125e-05, -0.270156, -0.000223145, 0.000109612, 0, 0, 0, 0, 0
16411, -0.25, 0.249098, -0.249243, 2.96125e-05, -0.270156, -0.000177637, 0.000109612, 0, 0, 0, 0, 0
16420, -0.25, 0.24683, -0.24922, 2.96125e-05, -0.270156, -0.000145078, 0.000109612, 0, 0, 0, 0, 0
16431, -0.25, 0.249098, -0.248603, 2.96125e-05, -0.270156, -0.00239006, 0.000109612, 0, 0, 0, 0, 0
16441, -0.25, 0.249098, -0.248762, 2.96125e-05, -0.270156, 0.000495374, 0.000109612, 0, 0, 0, 0, 0
16451, -0.25, 0.249098, -0.248876, 2.96125e-05, -0.270156, 0.000336289, 0.000109612, 0, 0, 0, 0, 0
16460, -0.25, 0.249098, -0.248957, 2.96125e-05, -0.270156, 0.000222489, 0.000109612, 0, 0, 0, 0, 0
16471, -0.25, 0.249098, -0.249016, 2.96125e-05, -0.270156, 0.000141099, 0.000109612, 0, 0, 0, 0, 0
16481, -0.25, 0.24683, -0.249057, 2.96125e-05, -0.270156, 8.28952e-05, 0.000109612, 0, 0, 0, 0, 0
16491, -0.25, 0.249098, -0.248486, 2.96125e-05, -0.270156, -0.00222699, 0.000109612, 0, 0, 0, 0, 0
16501, -0.25, 0.24683, -0.248679, 2.96125e-05, -0.270156, 0.000612006, 0.000109612, 0, 0, 0, 0, 0
16510, -0.25, 0.249098, -0.248216, 2.96125e-05, -0.270156, -0.00184856, 0.000109612, 0, 0, 0, 0, 0
16521, -0.25, 0.249098, -0.248485, 2.96125e-05, -0.270156, 0.00088267, 0.000109612, 0, 0, 0, 0, 0
16531, -0.25, 0.249098, -0.248678, 2.96125e-05, -0.270156, 0.000613287, 0.000109612, 0, 0, 0, 0, 0
16541, -0.25, 0.249098, -0.248816, 2.96125e-05, -0.270156, 0.000420615, 0.000109612, 0, 0, 0, 0, 0
16550, -0.25, 0.249098, -0.248914, 2.96125e-05, -0.270156, 0.000282809, 0.000109612, 0, 0, 0, 0, 0
16561, -0.25, 0.249098, -0.248985, 2.96125e-05, -0.270156, 0.000184253, 0.000109612, 0, 0, 0, 0, 0
16571, -0.25, 0.249098, -0.249035, 2.96125e-05, -0.270156, 0.000113755, 0.000109612, 0, 0, 0, 0, 0
16581, -0.25, 0.24683, -0.249071, 2.96125e-05, -0.270156, 6.33299e-05, 0.000109612, 0, 0, 0, 0, 0
16590, -0.25, 0.258625, -0.248496, 2.96125e-05, -0.270156, -0.00224099, 0.000109612, 0, 0, 0, 0, 0
16601, -0.25, 0.249098, -0.251208, 2.96125e-05, -0.270156, 0.0101287, 0.000109612, 0, 0, 0, 0, 0
16611, -0.25, 0.249098, -0.250625, 2.96125e-05, -0.270156, -0.00210966, 0.000109612, 0, 0, 0, 0, 0
16621, -0.25, 0.249098, -0.250209, 2.96125e-05, -0.270156, -0.00152697, 0.000109612, 0, 0, 0, 0, 0
16630, -0.25, 0.249098, -0.249911, 2.96125e-05, -0.270156, -0.00111018, 0.000109612, 0, 0, 0, 0, 0
16641, -0.25, 0.249098, -0.249697, 2.96125e-05, -0.270156, -0.000812098, 0.000109612, 0, 0, 0, 0, 0
16651, -0.25, 0.24683, -0.249545, 2.96125e-05, -0.270156, -0.000598893, 0.000109612, 0, 0, 0, 0, 0
16661, -0.25, 0.24683, -0.248835, 2.96125e-05, -0.270156, -0.00271463, 0.000109612, 0, 0, 0, 0, 0
16671, -0.25, 0.249098, -0.248328, 2.96125e-05, -0.270156, -0.00200503, 0.000109612, 0, 0, 0, 0, 0
16680, -0.25, 0.24683, -0.248565, 2.96125e-05, -0.270156, 0.000770777, 0.000109612, 0, 0, 0, 0, 0
16691, -0.25, 0.249098, -0.248134, 2.96125e-05, -0.270156, -0.00173499, 0.000109612, 0, 0, 0, 0, 0
16701, -0.25, 0.258625, -0.248427, 2.96125e-05, -0.270156, 0.000963911, 0.000109612, 0, 0, 0, 0, 0
16711, -0.25, 0.249098, -0.251158, 2.96125e-05, -0.270156, 0.0101981, 0.000109612, 0, 0, 0, 0, 0
16720, -0.25, 0.249098, -0.25059, 2.96125e-05, -0.270156, -0.00206004, 0.000109612, 0, 0, 0, 0, 0
16731, -0.25, 0.249098, -0.250183, 2.96125e-05, -0.270156, -0.00149147, 0.000109612, 0, 0, 0, 0, 0
16741, -0.25, 0.244605, -0.249892, 2.96125e-05, -0.270156, -0.00108482, 0.000109612, 0, 0, 0, 0, 0
16751, -0.25, 0.251411, -0.248495, 2.96125e-05, -0.270156, -0.00528765, 0.000109612, 0, 0, 0, 0, 0
16760, -0.25, 0.24683, -0.249297, 2.96125e-05, -0.270156, 0.00291611, 0.000109612, 0, 0, 0, 0, 0
16771, -0.25, 0.249098, -0.248658, 2.96125e-05, -0.270156, -0.00246659, 0.000109612, 0, 0, 0, 0, 0
16781, -0.25, 0.249098, -0.248801, 2.96125e-05, -0.270156, 0.000440642, 0.000109612, 0, 0, 0, 0, 0
16791, -0.25, 0.249098, -0.248904, 2.96125e-05, -0.270156, 0.000297129, 0.000109612, 0, 0, 0, 0, 0
16801, -0.25, 0.249098, -0.248977, 2.96125e-05, -0.270156, 0.00019449, 0.000109612, 0, 0, 0, 0, 0
16811, -0.25, 0.24683, -0.24903, 2.96125e-05, -0.270156, 0.000121072, 0.000109612, 0, 0, 0, 0, 0
16821, -0.25, 0.249098, -0.248467, 2.96125e-05, -0.270156, -0.00219969, 0.000109612, 0, 0, 0, 0, 0
16831, -0.25, 0.249098, -0.248665, 2.96125e-05, -0.270156, 0.000631526, 0.000109612, 0, 0, 0, 0, 0
16841, -0.25, 0.249098, -0.248806, 2.96125e-05, -0.270156, 0.000433668, 0.000109612, 0, 0, 0, 0, 0
16850, -0.25, 0.249098, -0.248907, 2.96125e-05, -0.270156, 0.000292152, 0.000109612, 0, 0, 0, 0, 0
16861, -0.25, 0.249098, -0.24898, 2.96125e-05, -0.270156, 0.000190929, 0.000109612, 0, 0, 0, 0, 0
16871, -0.25, 0.24683, -0.249032, 2.96125e-05, -0.270156, 0.000118524, 0.000109612, 0, 0, 0, 0, 0
16881, -0.25, 0.249098, -0.248468, 2.96125e-05, -0.270156, -0.00220151, 0.000109612, 0, 0, 0, 0, 0
16890, -0.25, 0.249098, -0.248666, 2.96125e-05, -0.270156, 0.00063023, 0.000109612, 0, 0, 0, 0, 0
16901, -0.25, 0.249098, -0.248807, 2.96125e-05, -0.270156, 0.000432745, 0.000109612, 0, 0, 0, 0, 0
16911, -0.25, 0.249098, -0.248908, 2.96125e-05, -0.270156, 0.000291482, 0.000109612, 0, 0, 0, 0, 0
16921, -0.25, 0.249098, -0.24898, 2.96125e-05, -0.270156, 0.000190437, 0.000109612, 0, 0, 0, 0, 0
16931, -0.25, 0.249098, -0.249032, 2.96125e-05, -0.270156, 0.000118166, 0.000109612, 0, 0, 0, 0, 0
16941, -0.25, 0.249098, -0.249069, 2.96125e-05, -0.270156, 6.6489e-05, 0.000109612, 0, 0, 0, 0, 0
16951, -0.25, 0.249098, -0.249095, 2.96125e-05, -0.270156, 2.95341e-05, 0.000109612, 0, 0, 0, 0, 0
16961, -0.25, 0.249098, -0.249114, 2.96125e-05, -0.270156, 3.09944e-06, 0.000109612, 0, 0, 0, 0, 0
16971, -0.25, 0.249098, -0.249128, 2.96125e-05, -0.270156, -1.58101e-05, 0.000109612, 0, 0, 0, 0, 0
16980, -0.25, 0.249098, -0.249137, 2.96125e-05, -0.270156, -2.93404e-05, 0.000109612, 0, 0, 0, 0, 0
16991, -0.25, 0.251411, -0.249144, 2.96125e-05, -0.270156, -3.90112e-05, 0.000109612, 0, 0, 0, 0, 0
17001, -0.25, 0.256173, -0.249761, 2.96125e-05, -0.270156, 0.00226635, 0.000109612, 0, 0, 0, 0, 0
17011, -0.25, 0.258625, -0.251464, 2.96125e-05, -0.270156, 0.00641119, 0.000109612, 0, 0, 0, 0, 0
17020, -0.25, 0.249098, -0.25333, 2.96125e-05, -0.270156, 0.00716144, 0.000109612, 0, 0, 0, 0, 0
17031, -0.25, 0.249098, -0.252143, 2.96125e-05, -0.270156, -0.00423197, 0.000109612, 0, 0, 0, 0, 0
17041, -0.25, 0.249098, -0.251294, 2.96125e-05, -0.270156, -0.00304492, 0.000109612, 0, 0, 0, 0, 0
17051, -0.25, 0.249098, -0.250687, 2.96125e-05, -0.270156, -0.00219591, 0.000109612, 0, 0, 0, 0, 0
17060, -0.25, 0.24683, -0.250253, 2.96125e-05, -0.270156, -0.00158866, 0.000109612, 0, 0, 0, 0, 0
17071, -0.25, 0.249098, -0.249342, 2.96125e-05, -0.270156, -0.00342257, 0.000109612, 0, 0, 0, 0, 0
17081, -0.25, 0.249098, -0.24929, 2.96125e-05, -0.270156, -0.000243127, 0.000109612, 0, 0, 0, 0, 0
17091, -0.25, 0.249098, -0.249254, 2.96125e-05, -0.270156, -0.000191927, 0.000109612, 0, 0, 0, 0, 0
17100, -0.25, 0.249098, -0.249228, 2.96125e-05, -0.270156, -0.0001553, 0.000109612, 0, 0, 0, 0, 0
17111, -0.25, 0.249098, -0.249209, 2.96125e-05, -0.270156, -0.000129104, 0.000109612, 0, 0, 0, 0, 0
17121, -0.25, 0.249098, -0.249195, 2.96125e-05, -0.270156, -0.000110373, 0.000109612, 0, 0, 0, 0, 0
17131, -0.25, 0.249098, -0.249186, 2.96125e-05, -0.270156, -9.69768e-05, 0.000109612, 0, 0, 0, 0, 0
17141, -0.25, 0.24683, -0.249179, 2.96125e-05, -0.270156, -8.73953e-05, 0.000109612, 0, 0, 0, 0, 0
17150, -0.25, 0.24683, -0.248574, 2.96125e-05, -0.270156, -0.0023488, 0.000109612, 0, 0, 0, 0, 0
17161, -0.25, 0.249098, -0.24814, 2.96125e-05, -0.270156, -0.00174338, 0.000109612, 0, 0, 0, 0, 0
17171, -0.25, 0.256173, -0.248431, 2.96125e-05, -0.270156, 0.000957906, 0.000109612, 0, 0, 0, 0, 0
17181, -0.25, 0.258625, -0.250512, 2.96125e-05, -0.270156, 0.00774139, 0.000109612, 0, 0, 0, 0, 0
17190, -0.25, 0.249098, -0.25265, 2.96125e-05, -0.270156, 0.00811288, 0.000109612, 0, 0, 0, 0, 0
17201, -0.25, 0.249098, -0.251657, 2.96125e-05, -0.270156, -0.00355147, 0.000109612, 0, 0, 0, 0, 0
17211, -0.25, 0.249098, -0.250946, 2.96125e-05, -0.270156, -0.00255822, 0.000109612, 0, 0, 0, 0, 0
17221, -0.25, 0.249098, -0.250438, 2.96125e-05, -0.270156, -0.00184779, 0.000109612, 0, 0, 0, 0, 0
17230, -0.25, 0.24683, -0.250075, 2.96125e-05, -0.270156, -0.00133966, 0.000109612, 0, 0, 0, 0, 0
17241, -0.25, 0.251411, -0.249214, 2.96125e-05, -0.270156, -0.00324447, 0.000109612, 0, 0, 0, 0, 0
17251, -0.25, 0.249098, -0.249811, 2.96125e-05, -0.270156, 0.00219655, 0.000109612, 0, 0, 0, 0, 0
17261, -0.25, 0.249098, -0.249626, 2.96125e-05, -0.270156, -0.000712991, 0.000109612, 0, 0, 0, 0, 0
17271, -0.25, 0.258625, -0.249494, 2.96125e-05, -0.270156, -0.000528008, 0.000109612, 0, 0, 0, 0, 0
17281, -0.25, 0.249098, -0.251922, 2.96125e-05, -0.270156, 0.009131, 0.000109612, 0, 0, 0, 0, 0
17291, -0.25, 0.249098, -0.251136, 2.96125e-05, -0.270156, -0.00282325, 0.000109612, 0, 0, 0, 0, 0
17301, -0.25, 0.249098, -0.250574, 2.96125e-05, -0.270156, -0.00203733, 0.000109612, 0, 0, 0, 0, 0
17311, -0.25, 0.249098, -0.250172, 2.96125e-05, -0.270156, -0.00147523, 0.000109612, 0, 0, 0, 0, 0
17320, -0.25, 0.249098, -0.249884, 2.96125e-05, -0.270156, -0.0010732, 0.000109612, 0, 0, 0, 0, 0
17331, -0.25, 0.249098, -0.249678, 2.96125e-05, -0.270156, -0.000785634, 0.000109612, 0, 0, 0, 0, 0
17341, -0.25, 0.249098, -0.249531, 2.96125e-05, -0.270156, -0.000579968, 0.000109612, 0, 0, 0, 0, 0
17351, -0.25, 0.258625, -0.249426, 2.96125e-05, -0.270156, -0.000432849, 0.000109612, 0, 0, 0, 0, 0
17360, -0.25, 0.249098, -0.251873, 2.96125e-05, -0.270156, 0.00919905, 0.000109612, 0, 0, 0, 0, 0
17371, -0.25, 0.249098, -0.251101, 2.96125e-05, -0.270156, -0.00277458, 0.000109612, 0, 0, 0, 0, 0
17381, -0.25, 0.258625, -0.250549, 2.96125e-05, -0.270156, -0.00200255, 0.000109612, 0, 0, 0, 0, 0
17391, -0.25, 0.249098, -0.252676, 2.96125e-05, -0.270156, 0.00807634, 0.000109612, 0, 0, 0, 0, 0
17400, -0.25, 0.251411, -0.251675, 2.96125e-05, -0.270156, -0.0035776, 0.000109612, 0, 0, 0, 0, 0
17411, -0.25, 0.249098, -0.251572, 2.96125e-05, -0.270156, -0.000264615, 0.000109612, 0, 0, 0, 0, 0
17421, -0.25, 0.249098, -0.250885, 2.96125e-05, -0.270156, -0.00247334, 0.000109612, 0, 0, 0, 0, 0
17431, -0.25, 0.249098, -0.250395, 2.96125e-05, -0.270156, -0.00178708, 0.000109612, 0, 0, 0, 0, 0
17441, -0.25, 0.249098, -0.250044, 2.96125e-05, -0.270156, -0.00129624, 0.000109612, 0, 0, 0, 0, 0
17451, -0.25, 0.249098, -0.249792, 2.96125e-05, -0.270156, -0.000945166, 0.000109612, 0, 0, 0, 0, 0
17461, -0.25, 0.251411, -0.249613, 2.96125e-05, -0.270156, -0.000694051, 0.000109612, 0, 0, 0, 0, 0
17471, -0.25, 0.258625, -0.250097, 2.96125e-05, -0.270156, 0.00179784, 0.000109612, 0, 0, 0, 0, 0
17481, -0.25, 0.261127, -0.252353, 2.96125e-05, -0.270156, 0.0085285, 0.000109612, 0, 0, 0, 0, 0
17490, -0.25, 0.249098, -0.254629, 2.96125e-05, -0.270156, 0.00877446, 0.000109612, 0, 0, 0, 0, 0
17501, -0.25, 0.249098, -0.253072, 2.96125e-05, -0.270156, -0.00553019, 0.000109612, 0, 0, 0, 0, 0
17511, -0.25, 0.258625, -0.251958, 2.96125e-05, -0.270156, -0.00397347, 0.000109612, 0, 0, 0, 0, 0
17521, -0.25, 0.249098, -0.253684, 2.96125e-05, -0.270156, 0.00666663, 0.000109612, 0, 0, 0, 0, 0
17530, -0.25, 0.249098, -0.252396, 2.96125e-05, -0.270156, -0.00458591, 0.000109612, 0, 0, 0, 0, 0
17541, -0.25, 0.249098, -0.251475, 2.96125e-05, -0.270156, -0.00329809, 0.000109612, 0, 0, 0, 0, 0
17551, -0.25, 0.249098, -0.250817, 2.96125e-05, -0.270156, -0.00237699, 0.000109612, 0, 0, 0, 0, 0
17561, -0.25, 0.251411, -0.250345, 2.96125e-05, -0.270156, -0.00171818, 0.000109612, 0, 0, 0, 0, 0
17570, -0.25, 0.249098, -0.25062, 2.96125e-05, -0.270156, 0.00106534, 0.000109612, 0, 0, 0, 0, 0
17581, -0.25, 0.249098, -0.250205, 2.96125e-05, -0.270156, -0.00152208, 0.000109612, 0, 0, 0, 0, 0
17591, -0.25, 0.249098, -0.249908, 2.96125e-05, -0.270156, -0.00110669, 0.000109612, 0, 0, 0, 0, 0
17601, -0.25, 0.249098, -0.249695, 2.96125e-05, -0.270156, -0.000809595, 0.000109612, 0, 0, 0, 0, 0
17611, -0.25, 0.249098, -0.249544, 2.96125e-05, -0.270156, -0.00059709, 0.000109612, 0, 0, 0, 0, 0
17620, -0.25, 0.249098, -0.249435, 2.96125e-05, -0.270156, -0.000445098, 0.000109612, 0, 0, 0, 0, 0
17631, -0.25, 0.249098, -0.249357, 2.96125e-05, -0.270156, -0.000336379, 0.000109612, 0, 0, 0, 0, 0
17641, -0.25, 0.251411, -0.249301, 2.96125e-05, -0.270156, -0.000258625, 0.000109612, 0, 0, 0, 0, 0
17651, -0.25, 0.249098, -0.249874, 2.96125e-05, -0.270156, 0.00210927, 0.000109612, 0, 0, 0, 0, 0
17660, -0.25, 0.249098, -0.249671, 2.96125e-05, -0.270156, -0.000775427, 0.000109612, 0, 0, 0, 0, 0
17671, -0.25, 0.249098, -0.249526, 2.96125e-05, -0.270156, -0.000572667, 0.000109612, 0, 0, 0, 0, 0
17681, -0.25, 0.249098, -0.249422, 2.96125e-05, -0.270156, -0.000427634, 0.000109612, 0, 0, 0, 0, 0
17691, -0.25, 0.249098, -0.249348, 2.96125e-05, -0.270156, -0.000323892, 0.000109612, 0, 0, 0, 0, 0
17700, -0.25, 0.249098, -0.249295, 2.96125e-05, -0.270156, -0.000249699, 0.000109612, 0, 0, 0, 0, 0
17711, -0.25, 0.24683, -0.249257, 2.96125e-05, -0.270156, -0.000196621, 0.000109612, 0, 0, 0, 0, 0
17721, -0.25, 0.251411, -0.248629, 2.96125e-05, -0.270156, -0.00242691, 0.000109612, 0, 0, 0, 0, 0
17731, -0.25, 0.251411, -0.249393, 2.96125e-05, -0.270156, 0.00278132, 0.000109612, 0, 0, 0, 0, 0
17740, -0.25, 0.249098, -0.249939, 2.96125e-05, -0.270156, 0.00201754, 0.000109612, 0, 0, 0, 0, 0
17751, -0.25, 0.249098, -0.249718, 2.96125e-05, -0.270156, -0.000841036, 0.000109612, 0, 0, 0, 0, 0
17761, -0.25, 0.24683, -0.24956, 2.96125e-05, -0.270156, -0.000619575, 0.000109612, 0, 0, 0, 0, 0
17771, -0.25, 0.249098, -0.248846, 2.96125e-05, -0.270156, -0.00272943, 0.000109612, 0, 0, 0, 0, 0
17781, -0.25, 0.249098, -0.248936, 2.96125e-05, -0.270156, 0.000252634, 0.000109612, 0, 0, 0, 0, 0
17790, -0.25, 0.249098, -0.249, 2.96125e-05, -0.270156, 0.000162661, 0.000109612, 0, 0, 0, 0, 0
17801, -0.25, 0.249098, -0.249046, 2.96125e-05, -0.270156, 9.83179e-05, 0.000109612, 0, 0, 0, 0, 0
17811, -0.25, 0.249098, -0.249079, 2.96125e-05, -0.270156, 5.23031e-05, 0.000109612, 0, 0, 0, 0, 0
17821, -0.25, 0.249098, -0.249103, 2.96125e-05, -0.270156, 1.93864e-05, 0.000109612, 0, 0, 0, 0, 0
17830, -0.25, 0.249098, -0.249119, 2.96125e-05, -0.270156, -4.15742e-06, 0.000109612, 0, 0, 0, 0, 0
17841, -0.25, 0.249098, -0.249131, 2.96125e-05, -0.270156, -2.10106e-05, 0.000109612, 0, 0, 0, 0, 0
17851, -0.25, 0.249098, -0.24914, 2.96125e-05, -0.270156, -3.30657e-05, 0.000109612, 0, 0, 0, 0, 0
17861, -0.25, 0.249098, -0.249146, 2.96125e-05, -0.270156, -4.16934e-05, 0.000109612, 0, 0, 0, 0, 0
17870, -0.25, 0.249098, -0.249151, 2.96125e-05, -0.270156, -4.78476e-05, 0.000109612, 0, 0, 0, 0, 0
17881, -0.25, 0.258625, -0.249154, 2.96125e-05, -0.270156, -5.22584e-05, 0.000109612, 0, 0, 0, 0, 0
17891, -0.25, 0.258625, -0.251678, 2.96125e-05, -0.270156, 0.00947127, 0.000109612, 0, 0, 0, 0, 0
17901, -0.25, 0.258625, -0.253484, 2.96125e-05, -0.270156, 0.0069468, 0.000109612, 0, 0, 0, 0, 0
17910, -0.25, 0.258625, -0.254775, 2.96125e-05, -0.270156, 0.0051412, 0.000109612, 0, 0, 0, 0, 0
17921, -0.25, 0.249098, -0.255699, 2.96125e-05, -0.270156, 0.00384971, 0.000109612, 0, 0, 0, 0, 0
17931, -0.25, 0.249098, -0.253838, 2.96125e-05, -0.270156, -0.00660066, 0.000109612, 0, 0, 0, 0, 0
17941, -0.25, 0.249098, -0.252506, 2.96125e-05, -0.270156, -0.00473912, 0.000109612, 0, 0, 0, 0, 0
17951, -0.25, 0.249098, -0.251554, 2.96125e-05, -0.270156, -0.00340767, 0.000109612, 0, 0, 0, 0, 0
