QGPIORecord, QRC v6.1.0, 22-12-2023 @ 14:03:45, Windows 10 Version 2009, 10.0.22621, x86_64
Time, ValueIn0, ValueIn1, ValueIn2, ValueIn3, ValueIn4, ValueIn5, ValueIn6, ValueIn7, ValueIn8, ValueIn9, ValueIn10, ValueIn11
589070, 0, 0.10003, 0, 0, 0.000103093, -0.0961, 0.000200577, 0.000111093, 0, 0, -0.0998477, 0
589081, 0, 0.0997103, 0, 0, 0.000103093, -0.0961, 0.000200577, 0.000111093, 0, 0, -0.0998477, 0
589090, 0, 0.10003, 0, 0, 0.000103093, -0.0961, 0.000200577, 0.000111093, 0, 0, -0.0998477, 0
589101, 0, 0.0997103, 0, 0, 0.000103093, -0.0961, 0.000200577, 0.000111093, 0, 0, -0.0998477, 0
589110, 0, 0.0997103, 0, 0, 0.000103093, -0.0961, 0.000200577, 0.000111093, 0, 0, -0.0998477, 0
589120, 0, 0.10003, 0, 0, 0.000103093, -0.0961, 0.000200577, 0.000111093, 0, 0, -0.0998477, 0
589130, 0, 0.0997103, 0, 0, 0.000103093, -0.0961, 0.000200577, 0.000111093, 0, 0, -0.0998477, 0
589140, 0, 0.0997103, 0, 0, 0.000103093, -0.0961, 0.000200577, 0.000111093, 0, 0, -0.0998477, 0
589150, 0, 0.10003, 0, 0, 0.000103093, -0.0961, 0.000200577, 0.000111093, 0, 0, -0.0998477, 0
589160, 0, 0.0997103, 0, 0, 0.000103093, -0.0961, 0.000200577, 0.000111093, 0, 0, -0.0998477, 0
589170, 0, 0.10003, 0, 0, 0.000103093, -0.0961, 0.000200577, 0.000111093, 0, 0, -0.0998477, 0
589180, 0, 0.10003, 0, 0, 0.000103093, -0.0961, 0.000200577, 0.000111093, 0, 0, -0.0998477, 0
589190, 0, 0.0997103, 0, 0, 0.000103093, -0.0961, 0.000200577, 0.000111093, 0, 0, -0.0998477, 0
589200, 0, 0.10003, 0, 0, 0.000103093, -0.0961, 0.000200577, 0.000111093, 0, 0, -0.0998477, 0
589210, 0, 0.10003, 0, 0, 0.000103093, -0.0961, 0.000200577, 0.000111093, 0, 0, -0.0998477, 0
589220, 0, 0.0997103, 0, 0, 0.000103093, -0.0961, 0.000200577, 0.000111093, 0, 0, -0.0998477, 0
589231, 0, 0.10003, 0, 0, 0.000103093, -0.0961, 0.000200577, 0.000111093, 0, 0, -0.0998477, 0
589240, 0, 0.0997103, 0, 0, 0.000103093, -0.0961, 0.000200577, 0.000111093, 0, 0, -0.0998477, 0
589250, 0, 0.0997103, 0, 0, 0.000103093, -0.0961, 0.000200577, 0.000111093, 0, 0, -0.0998477, 0
589260, 0, 0.0993932, 0, 0, 0.000103093, -0.0961, 0.000200577, 0.000111093, 0, 0, -0.0998477, 0
589271, 0, 0.0997103, 0, 0, 0.000103093, -0.0961, 0.000200577, 0.000111093, 0, 0, -0.0998477, 0
589280, 0, 0.10003, 0, 0, 0.000103093, -0.0961, 0.000200577, 0.000111093, 0, 0, -0.0998477, 0
589290, 0, 0.10003, 0, 0, 0.000103093, -0.0961, 0.000200577, 0.000111093, 0, 0, -0.0998477, 0
589300, 0, 0.0997103, 0, 0, 0.000103093, -0.0961, 0.000200577, 0.000111093, 0, 0, -0.0998477, 0
589310, 0, 0.0997103, 0, 0, 0.000103093, -0.0961, 0.000200577, 0.000111093, 0, 0, -0.0998477, 0
589320, 0, 0.0997103, 0, 0, 0.000103093, -0.0961, 0.000200577, 0.000111093, 0, 0, -0.0998477, 0
589330, 0, 0.0997103, 0, 0, 0.000103093, -0.0961, 0.000200577, 0.000111093, 0, 0, -0.0998477, 0
589340, 0, 0.100351, 0, 0, 0.000103093, -0.0961, 0.000200577, 0.000111093, 0, 0, -0.0998477, 0
589350, 0, 0.0997103, 0, 0, 0.000103093, -0.0961, 0.000200577, 0.000111093, 0, 0, -0.0998477, 0
589360, 0, 0.0997103, 0, 0, 0.000103093, -0.0961, 0.000200577, 0.000111093, 0, 0, -0.0998477, 0
589370, 0, 0.10003, 0, 0, 0.000103093, -0.0961, 0.000200577, 0.000111093, 0, 0, -0.0998477, 0
589380, 0, 0.0997103, 0, 0, 0.000103093, -0.0961, 0.000200577, 0.000111093, 0, 0, -0.0998477, 0
589390, 0, 0.0997103, 0, 0, 0.000103093, -0.0961, 0.000200577, 0.000111093, 0, 0, -0.0998477, 0
589401, 0, 0.0997103, 0, 0, 0.000103093, -0.0961, 0.000200577, 0.000111093, 0, 0, -0.0998477, 0
589410, 0, 0.0997103, 0, 0, 0.000103093, -0.0961, 0.000200577, 0.000111093, 0, 0, -0.0998477, 0
589420, 0, 0.10003, 0, 0, 0.000103093, -0.0961, 0.000200577, 0.000111093, 0, 0, -0.0998477, 0
589430, 0, 0.0997103, 0, 0, 0.000103093, -0.0961, 0.000200577, 0.000111093, 0, 0, -0.0998477, 0
589441, 0, 0.0997103, 0, 0, 0.000103093, -0.0961, 0.000200577, 0.000111093, 0, 0, -0.0998477, 0
589450, 0, 0.10003, 0, 0, 0.000103093, -0.0961, 0.000200577, 0.000111093, 0, 0, -0.0998477, 0
589460, 0, 0.0997103, 0, 0, 0.000103093, -0.0961, 0.000200577, 0.000111093, 0, 0, -0.0998477, 0
589470, 0, 0.0997103, 0, 0, 0.000103093, -0.0961, 0.000200577, 0.000111093, 0, 0, -0.0998477, 0
589480, 0, 0.0990784, 0, 0, 0.000103093, -0.0961, 0.000200577, 0.000111093, 0, 0, -0.0998477, 0
589490, 0, 0.0997103, 0, 0, 0.000103093, -0.0961, 0.000200577, 0.000111093, 0, 0, -0.0998477, 0
589500, 0, 0.10003, 0, 0, 0.000103093, -0.0961, 0.000200577, 0.000111093, 0, 0, -0.0998477, 0
589510, 0, 0.10003, 0, 0, 0.000103093, -0.0961, 0.000200577, 0.000111093, 0, 0, -0.0998477, 0
589520, 0, 0.0997103, 0, 0, 0.000103093, -0.0961, 0.000200577, 0.000111093, 0, 0, -0.0998477, 0
589530, 0, 0.10003, 0, 0, 0.000103093, -0.0961, 0.000200577, 0.000111093, 0, 0, -0.0998477, 0
589540, 0, 0.0997103, 0, 0, 0.000103093, -0.0961, 0.000200577, 0.000111093, 0, 0, -0.0998477, 0
589550, 0, 0.0997103, 0, 0, 0.000103093, -0.0961, 0.000200577, 0.000111093, 0, 0, -0.0998477, 0
589560, 0, 0.100351, 0, 0, 0.000103093, -0.0961, 0.000200577, 0.000111093, 0, 0, -0.0998477, 0
589571, 0, 0.0997103, 0, 0, 0.000103093, -0.0961, 0.000200577, 0.000111093, 0, 0, -0.0998477, 0
589580, 0, 0.10003, 0, 0, 0.000103093, -0.0961, 0.000200577, 0.000111093, 0, 0, -0.0998477, 0
589590, 0, 0.10003, 0, 0, 0.000103093, -0.0961, 0.000200577, 0.000111093, 0, 0, -0.0998477, 0
589600, 0, 0.0997103, 0, 0, 0.000103093, -0.0961, 0.000200577, 0.000111093, 0, 0, -0.0998477, 0
589611, 0, 0.0997103, 0, 0, 0.000103093, -0.0961, 0.000200577, 0.000111093, 0, 0, -0.0998477, 0
589620, 0, 0.0997103, 0, 0, 0.000103093, -0.0961, 0.000200577, 0.000111093, 0, 0, -0.0998477, 0
589630, 0, 0.0997103, 0, 0, 0.000103093, -0.0961, 0.000200577, 0.000111093, 0, 0, -0.0998477, 0
589640, 0, 0.10003, 0, 0, 0.000103093, -0.0961, 0.000200577, 0.000111093, 0, 0, -0.0998477, 0
589650, 0, 0.0997103, 0, 0, 0.000103093, -0.0961, 0.000200577, 0.000111093, 0, 0, -0.0998477, 0
589660, 0, 0.0997103, 0, 0, 0.000103093, -0.0961, 0.000200577, 0.000111093, 0, 0, -0.0998477, 0
589670, 0, 0.10003, 0, 0, 0.000103093, -0.0961, 0.000200577, 0.000111093, 0, 0, -0.0998477, 0
589680, 0, 0.0997103, 0, 0, 0.000103093, -0.0961, 0.000200577, 0.000111093, 0, 0, -0.0998477, 0
589690, 0, 0.10003, 0, 0, 0.000103093, -0.0961, 0.000200577, 0.000111093, 0, 0, -0.0998477, 0
589701, 0, 0.0993932, 0, 0, 0.000103093, -0.0961, 0.000200577, 0.000111093, 0, 0, -0.0998477, 0
589710, 0, 0.0997103, 0, 0, 0.000103093, -0.0961, 0.000200577, 0.000111093, 0, 0, -0.0998477, 0
589720, 0, 0.10003, 0, 0, 0.000103093, -0.0961, 0.000200577, 0.000111093, 0, 0, -0.0998477, 0
589730, 0, 0.0997103, 0, 0, 0.000103093, -0.0961, 0.000200577, 0.000111093, 0, 0, -0.0998477, 0
589741, 0, 0.0997103, 0, 0, 0.000103093, -0.0961, 0.000200577, 0.000111093, 0, 0, -0.0998477, 0
589750, 0, 0.0997103, 0, 0, 0.000103093, -0.0961, 0.000200577, 0.000111093, 0, 0, -0.0998477, 0
589760, 0, 0.0997103, 0, 0, 0.000103093, -0.0961, 0.000200577, 0.000111093, 0, 0, -0.0998477, 0
589770, 0, 0.0997103, 0, 0, 0.000103093, -0.0961, 0.000200577, 0.000111093, 0, 0, -0.0998477, 0
589780, 0, 0.10003, 0, 0, 0.000103093, -0.0961, 0.000200577, 0.000111093, 0, 0, -0.0998477, 0
589790, 0, 0.0997103, 0, 0, 0.000103093, -0.0961, 0.000200577, 0.000111093, 0, 0, -0.0998477, 0
589800, 0, 0.10003, 0, 0, 0.000103093, -0.0961, 0.000200577, 0.000111093, 0, 0, -0.0998477, 0
589810, 0, 0.0997103, 0, 0, 0.000103093, -0.0961, 0.000200577, 0.000111093, 0, 0, -0.0998477, 0
589820, 0, 0.0997103, 0, 0, 0.000103093, -0.0961, 0.000200577, 0.000111093, 0, 0, -0.0998477, 0
589830, 0, 0.0997103, 0, 0, 0.000103093, -0.0961, 0.000200577, 0.000111093, 0, 0, -0.0998477, 0
589840, 0, 0.0997103, 0, 0, 0.000103093, -0.0961, 0.000200577, 0.000111093, 0, 0, -0.0998477, 0
589850, 0, 0.0997103, 0, 0, 0.000103093, -0.0961, 0.000200577, 0.000111093, 0, 0, -0.0998477, 0
589860, 0, 0.10003, 0, 0, 0.000103093, -0.0961, 0.000200577, 0.000111093, 0, 0, -0.0998477, 0
589871, 0, 0.0997103, 0, 0, 0.000103093, -0.0961, 0.000200577, 0.000111093, 0, 0, -0.0998477, 0
589880, 0, 0.10003, 0, 0, 0.000103093, -0.0961, 0.000200577, 0.000111093, 0, 0, -0.0998477, 0
589890, 0, 0.10003, 0, 0, 0.000103093, -0.0961, 0.000200577, 0.000111093, 0, 0, -0.0998477, 0
589900, 0, 0.0997103, 0, 0, 0.000103093, -0.0961, 0.000200577, 0.000111093, 0, 0, -0.0998477, 0
589911, 0, 0.10003, 0, 0, 0.000103093, -0.0961, 0.000200577, 0.000111093, 0, 0, -0.0998477, 0
589920, 0, 0.0990784, 0, 0, 0.000103093, -0.0961, 0.000200577, 0.000111093, 0, 0, -0.0998477, 0
589930, 0, 0.0997103, 0, 0, 0.000103093, -0.0961, 0.000200577, 0.000111093, 0, 0, -0.0998477, 0
589940, 0, 0.10003, 0, 0, 0.000103093, -0.0961, 0.000200577, 0.000111093, 0, 0, -0.0998477, 0
589950, 0, 0.0997103, 0, 0, 0.000103093, -0.0961, 0.000200577, 0.000111093, 0, 0, -0.0998477, 0
589960, 0, 0.0997103, 0, 0, 0.000103093, -0.0961, 0.000200577, 0.000111093, 0, 0, -0.0998477, 0
589970, 0, 0.0997103, 0, 0, 0.000103093, -0.0961, 0.000200577, 0.000111093, 0, 0, -0.0998477, 0
589980, 0, 0.0997103, 0, 0, 0.000103093, -0.0961, 0.000200577, 0.000111093, 0, 0, -0.0998477, 0
589990, 0, 0.0993932, 0, 0, 0.000103093, -0.0961, 0.000200577, 0.000111093, 0, 0, -0.0998477, 0
590000, 0, 0.10003, 0, 0, 0.000103093, -0.0961, 0.000200577, 0.000111093, 0, 0, -0.0998477, 0
590010, 0, 0.0997103, 0, 0, 0.000103093, -0.0961, 0.000200577, 0.000111093, 0, 0, -0.0998477, 0
590020, 0, 0.10003, 0, 0, 0.000103093, -0.0961, 0.000200577, 0.000111093, 0, 0, -0.0998477, 0
590030, 0, 0.0997103, 0, 0, 0.000103093, -0.0961, 0.000200577, 0.000111093, 0, 0, -0.0998477, 0
590041, 0, 0.0997103, 0, 0, 0.000103093, -0.0961, 0.000200577, 0.000111093, 0, 0, -0.0998477, 0
590050, 0, 0.0997103, 0, 0, 0.000103093, -0.0961, 0.000200577, 0.000111093, 0, 0, -0.0998477, 0
590060, 0, 0.0997103, 0, 0, 0.000103093, -0.0961, 0.000200577, 0.000111093, 0, 0, -0.0998477, 0
590070, 0, 0.0997103, 0, 0, 0.000103093, -0.0961, 0.000200577, 0.000111093, 0, 0, -0.0998477, 0
590081, 0, 0.10003, 0, 0, 0.000103093, -0.0961, 0.000200577, 0.000111093, 0, 0, -0.0998477, 0
590090, 0, 0.0997103, 0, 0, 0.000103093, -0.0961, 0.000200577, 0.000111093, 0, 0, -0.0998477, 0
590100, 0, 0.10003, 0, 0, 0.000103093, -0.0961, 0.000200577, 0.000111093, 0, 0, -0.0998477, 0
590110, 0, 0.0997103, 0, 0, 0.000103093, -0.0961, 0.000200577, 0.000111093, 0, 0, -0.0998477, 0
590120, 0, 0.0997103, 0, 0, 0.000103093, -0.0961, 0.000200577, 0.000111093, 0, 0, -0.0998477, 0
590130, 0, 0.0997103, 0, 0, 0.000103093, -0.0961, 0.000200577, 0.000111093, 0, 0, -0.0998477, 0
590140, 0, 0.0997103, 0, 0, 0.000103093, -0.0961, 0.000200577, 0.000111093, 0, 0, -0.0998477, 0
590150, 0, 0.0997103, 0, 0, 0.000103093, -0.0961, 0.000200577, 0.000111093, 0, 0, -0.0998477, 0
590160, 0, 0.10003, 0, 0, 0.000103093, -0.0961, 0.000200577, 0.000111093, 0, 0, -0.0998477, 0
590170, 0, 0.0997103, 0, 0, 0.000103093, -0.0961, 0.000200577, 0.000111093, 0, 0, -0.0998477, 0
590180, 0, 0.10003, 0, 0, 0.000103093, -0.0961, 0.000200577, 0.000111093, 0, 0, -0.0998477, 0
590190, 0, 0.0997103, 0, 0, 0.000103093, -0.0961, 0.000200577, 0.000111093, 0, 0, -0.0998477, 0
590200, 0, 0.0997103, 0, 0, 0.000103093, -0.0961, 0.000200577, 0.000111093, 0, 0, -0.0998477, 0
590211, 0, 0.0993932, 0, 0, 0.000103093, -0.0961, 0.000200577, 0.000111093, 0, 0, -0.0998477, 0
590220, 0, 0.10003, 0, 0, 0.000103093, -0.0961, 0.000200577, 0.000111093, 0, 0, -0.0998477, 0
590230, 0, 0.0997103, 0, 0, 0.000103093, -0.0961, 0.000200577, 0.000111093, 0, 0, -0.0998477, 0
590240, 0, 0.10003, 0, 0, 0.000103093, -0.0961, 0.000200577, 0.000111093, 0, 0, -0.0998477, 0
590251, 0, 0.0997103, 0, 0, 0.000103093, -0.0961, 0.000200577, 0.000111093, 0, 0, -0.0998477, 0
590260, 0, 0.0997103, 0, 0, 0.000103093, -0.0961, 0.000200577, 0.000111093, 0, 0, -0.0998477, 0
590270, 0, 0.0997103, 0, 0, 0.000103093, -0.0961, 0.000200577, 0.000111093, 0, 0, -0.0998477, 0
590280, 0, 0.0997103, 0, 0, 0.000103093, -0.0961, 0.000200577, 0.000111093, 0, 0, -0.0998477, 0
590290, 0, 0.10003, 0, 0, 0.000103093, -0.0961, 0.000200577, 0.000111093, 0, 0, -0.0998477, 0
590300, 0, 0.10003, 0, 0, 0.000103093, -0.0961, 0.000200577, 0.000111093, 0, 0, -0.0998477, 0
590310, 0, 0.0997103, 0, 0, 0.000103093, -0.0961, 0.000200577, 0.000111093, 0, 0, -0.0998477, 0
590320, 0, 0.10003, 0, 0, 0.000103093, -0.0961, 0.000200577, 0.000111093, 0, 0, -0.0998477, 0
590330, 0, 0.0997103, 0, 0, 0.000103093, -0.0961, 0.000200577, 0.000111093, 0, 0, -0.0998477, 0
590340, 0, 0.0997103, 0, 0, 0.000103093, -0.0961, 0.000200577, 0.000111093, 0, 0, -0.0998477, 0
590350, 0, 0.0997103, 0, 0, 0.000103093, -0.0961, 0.000200577, 0.000111093, 0, 0, -0.0998477, 0
590360, 0, 0.0997103, 0, 0, 0.000103093, -0.0961, 0.000200577, 0.000111093, 0, 0, -0.0998477, 0
590370, 0, 0.0997103, 0, 0, 0.000103093, -0.0961, 0.000200577, 0.000111093, 0, 0, -0.0998477, 0
590381, 0, 0.10003, 0, 0, 0.000103093, -0.0961, 0.000200577, 0.000111093, 0, 0, -0.0998477, 0
590390, 0, 0.0997103, 0, 0, 0.000103093, -0.0961, 0.000200577, 0.000111093, 0, 0, -0.0998477, 0
590400, 0, 0.10003, 0, 0, 0.000103093, -0.0961, 0.000200577, 0.000111093, 0, 0, -0.0998477, 0
590410, 0, 0.0997103, 0, 0, 0.000103093, -0.0961, 0.000200577, 0.000111093, 0, 0, -0.0998477, 0
590420, 0, 0.0997103, 0, 0, 0.000103093, -0.0961, 0.000200577, 0.000111093, 0, 0, -0.0998477, 0
590430, 0, 0.0990784, 0, 0, 0.000103093, -0.0961, 0.000200577, 0.000111093, 0, 0, -0.0998477, 0
590440, 0, 0.0997103, 0, 0, 0.000103093, -0.0961, 0.000200577, 0.000111093, 0, 0, -0.0998477, 0
590450, 0, 0.0997103, 0, 0, 0.000103093, -0.0961, 0.000200577, 0.000111093, 0, 0, -0.0998477, 0
590460, 0, 0.10003, 0, 0, 0.000103093, -0.0961, 0.000200577, 0.000111093, 0, 0, -0.0998477, 0
590470, 0, 0.0997103, 0, 0, 0.000103093, -0.0961, 0.000200577, 0.000111093, 0, 0, -0.0998477, 0
590480, 0, 0.0997103, 0, 0, 0.000103093, -0.0961, 0.000200577, 0.000111093, 0, 0, -0.0998477, 0
590490, 0, 0.0997103, 0, 0, 0.000103093, -0.0961, 0.000200577, 0.000111093, 0, 0, -0.0998477, 0
590500, 0, 0.0997103, 0, 0, 0.000103093, -0.0961, 0.000200577, 0.000111093, 0, 0, -0.0998477, 0
590511, 0, 0.100351, 0, 0, 0.000103093, -0.0961, 0.000200577, 0.000111093, 0, 0, -0.0998477, 0
590520, 0, 0.10003, 0, 0, 0.000103093, -0.0961, 0.000200577, 0.000111093, 0, 0, -0.0998477, 0
590530, 0, 0.0997103, 0, 0, 0.000103093, -0.0961, 0.000200577, 0.000111093, 0, 0, -0.0998477, 0
590540, 0, 0.10003, 0, 0, 0.000103093, -0.0961, 0.000200577, 0.000111093, 0, 0, -0.0998477, 0
590551, 0, 0.0997103, 0, 0, 0.000103093, -0.0961, 0.000200577, 0.000111093, 0, 0, -0.0998477, 0
590560, 0, 0.0997103, 0, 0, 0.000103093, -0.0961, 0.000200577, 0.000111093, 0, 0, -0.0998477, 0
590571, 0, 0.0997103, 0, 0, 0.000103093, -0.0961, 0.000200577, 0.000111093, 0, 0, -0.0998477, 0
590580, 0, 0.0997103, 0, 0, 8e-06, -0.0961, 0.000200577, 0.000111093, 0, 0, -0.25, 0
590590, -0.25, 0.10003, 0, 0, 1.52312e-05, -0.0961, -0.15029, 1.6e-05, 0, 0, -0.235846, 0
590601, -0.25, 0.0997103, 0, 0, 2.17675e-05, -0.0961, -0.135816, 2.32312e-05, 0, 0, -0.223338, 0
590611, -0.25, 0.0997103, 0, 0, 2.76756e-05, -0.0961, -0.123628, 2.97675e-05, 0, 0, -0.212228, 0
590621, -0.25, 0.0997103, 0, 0, 3.3016e-05, -0.0961, -0.112518, 3.56756e-05, 0, 0, -0.202387, 0
590630, -0.25, 0.10003, 0, 0, 3.78432e-05, -0.0961, -0.102677, 4.1016e-05, 0, 0, -0.193669, 0
590641, -0.25, 0.101002, 0, 0, 4.22064e-05, -0.0961, -0.0936398, 4.58432e-05, 0, 0, -0.185977, 0
590651, -0.25, 0.10133, 0, 0, 4.61504e-05, -0.0961, -0.0849756, 5.02064e-05, 0, 0, -0.179255, 0
590661, -0.25, 0.102331, 0, 0, 4.97153e-05, -0.0961, -0.0779245, 5.41504e-05, 0, 0, -0.173331, 0
590670, -0.25, 0.102331, 0, 0, 5.29377e-05, -0.0961, -0.0709999, 5.77153e-05, 0, 0, -0.168178, 0
590681, -0.25, 0.1037, 0, 0, 5.58504e-05, -0.0961, -0.0658467, 6.09377e-05, 0, 0, -0.163613, 0
590691, -0.25, 0.104755, 0, 0, 5.84832e-05, -0.0961, -0.0599125, 6.38504e-05, 0, 0, -0.159698, 0
590701, -0.25, 0.104755, 0, 0, 6.08629e-05, -0.0961, -0.0549436, 6.64832e-05, 0, 0, -0.15633, 0
590711, -0.25, 0.106937, 0, 0, 6.3014e-05, -0.0961, -0.0515752, 6.88629e-05, 0, 0, -0.153346, 0
590721, -0.25, 0.109222, 0, 0, 6.49584e-05, -0.0961, -0.0464094, 7.1014e-05, 0, 0, -0.150908, 0
590731, -0.25, 0.109614, 0, 0, 6.67159e-05, -0.0961, -0.0416859, 7.29584e-05, 0, 0, -0.148964, 0
590741, -0.25, 0.112031, 0, 0, 6.83045e-05, -0.0961, -0.0393502, 7.47159e-05, 0, 0, -0.147279, 0
590751, -0.25, 0.115886, 0, 0, 6.97404e-05, -0.0961, -0.0352483, 7.63045e-05, 0, 0, -0.146014, 0
590760, -0.25, 0.115443, 0, 0, 7.10384e-05, -0.0961, -0.0301276, 7.77404e-05, 0, 0, -0.145256, 0
590771, -0.25, 0.117238, 0, 0, 7.22116e-05, -0.0961, -0.0298128, 7.90384e-05, 0, 0, -0.144543, 0
590781, -0.25, 0.117696, 0, 0, 7.32721e-05, -0.0961, -0.0273058, 8.02116e-05, 0, 0, -0.144081, 0
590791, -0.25, 0.12053, 0, 0, 7.42306e-05, -0.0961, -0.0263851, 8.12721e-05, 0, 0, -0.143714, 0
590800, -0.25, 0.123519, 0, 0, 7.50971e-05, -0.0961, -0.0231841, 8.22306e-05, 0, 0, -0.143657, 0
590811, -0.25, 0.124033, 0, 0, 7.58802e-05, -0.0961, -0.0201373, 8.30971e-05, 0, 0, -0.143887, 0
590821, -0.25, 0.126138, 0, 0, 7.65881e-05, -0.0961, -0.0198536, 8.38802e-05, 0, 0, -0.144139, 0
590831, -0.25, 0.130015, 0, 0, 7.7228e-05, -0.0961, -0.0180019, 8.45881e-05, 0, 0, -0.144561, 0
590840, -0.25, 0.130015, 0, 0, 7.78064e-05, -0.0961, -0.0145466, 8.5228e-05, 0, 0, -0.1453, 0
590851, -0.25, 0.13235, 0, 0, 7.83292e-05, -0.0961, -0.0152854, 8.58064e-05, 0, 0, -0.145955, 0
590861, -0.25, 0.134778, 0, 0, 7.88018e-05, -0.0961, -0.0136048, 8.63292e-05, 0, 0, -0.146754, 0
590871, -0.25, 0.134778, 0, 0, 7.92289e-05, -0.0961, -0.0119761, 8.68018e-05, 0, 0, -0.147691, 0
590881, -0.25, 0.139938, 0, 0, 7.9615e-05, -0.0961, -0.0129131, 8.72289e-05, 0, 0, -0.148521, 0
590891, -0.25, 0.139938, 0, 0, 7.9964e-05, -0.0961, -0.00858286, 8.7615e-05, 0, 0, -0.149743, 0
590901, -0.25, 0.142683, 0, 0, 8.02795e-05, -0.0961, -0.00980411, 8.7964e-05, 0, 0, -0.150824, 0
590911, -0.25, 0.14482, 0, 0, 8.05646e-05, -0.0961, -0.00814112, 8.82795e-05, 0, 0, -0.152041, 0
590921, -0.25, 0.145547, 0, 0, 8.08224e-05, -0.0961, -0.00722139, 8.85646e-05, 0, 0, -0.15332, 0
590930, -0.25, 0.147027, 0, 0, 8.10553e-05, -0.0961, -0.00777282, 8.88224e-05, 0, 0, -0.154522, 0
590941, -0.25, 0.150871, 0, 0, 8.12659e-05, -0.0961, -0.00749509, 8.90553e-05, 0, 0, -0.155725, 0
590951, -0.25, 0.151666, 0, 0, 8.14563e-05, -0.0961, -0.00485426, 8.92659e-05, 0, 0, -0.157154, 0
590961, -0.25, 0.154107, 0, 0, 8.16283e-05, -0.0961, -0.00548747, 8.94563e-05, 0, 0, -0.158494, 0
590970, -0.25, 0.154939, 0, 0, 8.17838e-05, -0.0961, -0.0043871, 8.96283e-05, 0, 0, -0.159911, 0
590981, -0.25, 0.158368, 0, 0, 8.19244e-05, -0.0961, -0.00497162, 8.97838e-05, 0, 0, -0.161244, 0
590991, -0.25, 0.161049, 0, 0, 8.20515e-05, -0.0961, -0.00287643, 8.99244e-05, 0, 0, -0.162749, 0
591001, -0.25, 0.160144, 0, 0, 8.21663e-05, -0.0961, -0.00169997, 9.00515e-05, 0, 0, -0.164334, 0
591011, -0.25, 0.163829, 0, 0, 8.22702e-05, -0.0961, -0.00418922, 9.01663e-05, 0, 0, -0.165652, 0
591021, -0.25, 0.169709, 0, 0, 8.2364e-05, -0.0961, -0.00182375, 9.02702e-05, 0, 0, -0.167168, 0
591031, -0.25, 0.170734, 0, 0, 8.24488e-05, -0.0961, 0.00254174, 9.0364e-05, 0, 0, -0.169064, 0
591041, -0.25, 0.173888, 0, 0, 8.25255e-05, -0.0961, 0.00167008, 9.04488e-05, 0, 0, -0.17084, 0
591051, -0.25, 0.174967, 0, 0, 8.25948e-05, -0.0961, 0.00304806, 9.05255e-05, 0, 0, -0.17271, 0
591060, -0.25, 0.174967, 0, 0, 8.26574e-05, -0.0961, 0.00225697, 9.05948e-05, 0, 0, -0.174468, 0
591071, -0.25, 0.178292, 0, 0, 8.27141e-05, -0.0961, 0.000498608, 9.06574e-05, 0, 0, -0.176026, 0
591081, -0.25, 0.17943, 0, 0, 8.27652e-05, -0.0961, 0.00226606, 9.07141e-05, 0, 0, -0.177719, 0
591091, -0.25, 0.184144, 0, 0, 8.28115e-05, -0.0961, 0.00171168, 9.07652e-05, 0, 0, -0.179326, 0
591100, -0.25, 0.184144, 0, 0, 8.28533e-05, -0.0961, 0.00481813, 9.08115e-05, 0, 0, -0.181193, 0
591111, -0.25, 0.184144, 0, 0, 8.28911e-05, -0.0961, 0.00295088, 9.08533e-05, 0, 0, -0.182847, 0
591121, -0.25, 0.187855, 0, 0, 8.29253e-05, -0.0961, 0.00129682, 9.08911e-05, 0, 0, -0.184312, 0
591131, -0.25, 0.187855, 0, 0, 8.29562e-05, -0.0961, 0.00354333, 9.09253e-05, 0, 0, -0.18596, 0
591140, -0.25, 0.189128, 0, 0, 8.29841e-05, -0.0961, 0.00189586, 9.09562e-05, 0, 0, -0.187419, 0
591151, -0.25, 0.193059, 0, 0, 8.30093e-05, -0.0961, 0.00170933, 9.09841e-05, 0, 0, -0.188831, 0
591161, -0.25, 0.193059, 0, 0, 8.30321e-05, -0.0961, 0.00422755, 9.10093e-05, 0, 0, -0.190453, 0
591171, -0.25, 0.194408, 0, 0, 8.30527e-05, -0.0961, 0.00260603, 9.10321e-05, 0, 0, -0.191889, 0
591181, -0.25, 0.198578, 0, 0, 8.30714e-05, -0.0961, 0.00251876, 9.10527e-05, 0, 0, -0.193289, 0
591191, -0.25, 0.20001, 0, 0, 8.30882e-05, -0.0961, 0.00528927, 9.10714e-05, 0, 0, -0.194921, 0
591201, -0.25, 0.198578, 0, 0, 8.31034e-05, -0.0961, 0.00508934, 9.10882e-05, 0, 0, -0.196502, 0
591211, -0.25, 0.198578, 0, 0, 8.31172e-05, -0.0961, 0.00207604, 9.11034e-05, 0, 0, -0.197768, 0
591221, -0.25, 0.194408, 0, 0, 8.31296e-05, -0.0961, 0.000810564, 9.11172e-05, 0, 0, -0.198888, 0
591230, -0.25, 0.202942, 0, 0, 8.31409e-05, -0.0961, -0.00448036, 9.11296e-05, 0, 0, -0.199489, 0
591241, -0.25, 0.204442, 0, 0, 8.3151e-05, -0.0961, 0.00345318, 9.11409e-05, 0, 0, -0.200824, 0
591251, -0.25, 0.205966, 0, 0, 8.31602e-05, -0.0961, 0.00361782, 9.11511e-05, 0, 0, -0.202148, 0
591261, -0.25, 0.210684, 0, 0, 8.31685e-05, -0.0961, 0.00381729, 9.11602e-05, 0, 0, -0.203465, 0
591270, -0.25, 0.210684, 0, 0, 8.3176e-05, -0.0961, 0.00721934, 9.11685e-05, 0, 0, -0.205076, 0
591281, -0.25, 0.210684, 0, 0, 8.31828e-05, -0.0961, 0.00560874, 9.11761e-05, 0, 0, -0.206502, 0
591291, -0.25, 0.210684, 0, 0, 8.3189e-05, -0.0961, 0.00418203, 9.11828e-05, 0, 0, -0.207766, 0
591301, -0.25, 0.209086, 0, 0, 8.31945e-05, -0.0961, 0.00291821, 9.1189e-05, 0, 0, -0.208886, 0
591310, -0.25, 0.212308, 0, 0, 8.31995e-05, -0.0961, 0.000200674, 9.11945e-05, 0, 0, -0.209727, 0
591321, -0.25, 0.217343, 0, 0, 8.3204e-05, -0.0961, 0.00258152, 9.11995e-05, 0, 0, -0.210775, 0
591331, -0.25, 0.219077, 0, 0, 8.32081e-05, -0.0961, 0.00656736, 9.1204e-05, 0, 0, -0.212178, 0
591341, -0.25, 0.217343, 0, 0, 8.32118e-05, -0.0961, 0.00689892, 9.12081e-05, 0, 0, -0.213585, 0
591351, -0.25, 0.217343, 0, 0, 8.32152e-05, -0.0961, 0.00375822, 9.12118e-05, 0, 0, -0.214667, 0
591361, -0.25, 0.219077, 0, 0, 8.32182e-05, -0.0961, 0.00267598, 9.12152e-05, 0, 0, -0.215625, 0
591371, -0.25, 0.217343, 0, 0, 8.32209e-05, -0.0961, 0.00345185, 9.12182e-05, 0, 0, -0.216638, 0
591381, -0.25, 0.217343, 0, 0, 8.32234e-05, -0.0961, 0.000704721, 9.1221e-05, 0, 0, -0.217372, 0
591391, -0.25, 0.226317, 0, 0, 8.32256e-05, -0.0961, -2.88934e-05, 9.12234e-05, 0, 0, -0.218022, 0
591400, -0.25, 0.22446, 0, 0, 8.32277e-05, -0.0961, 0.00829567, 9.12257e-05, 0, 0, -0.219442, 0
591411, -0.25, 0.226317, 0, 0, 8.32295e-05, -0.0961, 0.00501806, 9.12277e-05, 0, 0, -0.220526, 0
591421, -0.25, 0.22446, 0, 0, 8.32311e-05, -0.0961, 0.00579108, 9.12295e-05, 0, 0, -0.221661, 0
591431, -0.25, 0.22446, 0, 0, 8.32326e-05, -0.0961, 0.00279944, 9.12311e-05, 0, 0, -0.222491, 0
591440, -0.25, 0.222635, 0, 0, 8.3234e-05, -0.0961, 0.00196901, 9.12326e-05, 0, 0, -0.223227, 0
591451, -0.25, 0.22446, 0, 0, 8.32352e-05, -0.0961, -0.000591621, 9.1234e-05, 0, 0, -0.223707, 0
591461, -0.25, 0.232086, 0, 0, 8.32363e-05, -0.0961, 0.000753671, 9.12352e-05, 0, 0, -0.224304, 0
591471, -0.25, 0.234079, 0, 0, 8.32373e-05, -0.0961, 0.00778288, 9.12363e-05, 0, 0, -0.22555, 0
591480, -0.25, 0.232086, 0, 0, 8.32382e-05, -0.0961, 0.00852837, 9.12373e-05, 0, 0, -0.226843, 0
591491, -0.25, 0.232086, 0, 0, 8.3239e-05, -0.0961, 0.00524379, 9.12382e-05, 0, 0, -0.2278, 0
591501, -0.25, 0.232086, 0, 0, 8.32397e-05, -0.0961, 0.0042868, 9.1239e-05, 0, 0, -0.228647, 0
591511, -0.25, 0.232086, 0, 0, 8.32404e-05, -0.0961, 0.00343907, 9.12397e-05, 0, 0, -0.229398, 0
591521, -0.25, 0.230129, 0, 0, 8.3241e-05, -0.0961, 0.00268814, 9.12404e-05, 0, 0, -0.230064, 0
591531, -0.25, 0.234079, 0, 0, 8.32415e-05, -0.0961, 6.58184e-05, 9.1241e-05, 0, 0, -0.230468, 0
591541, -0.25, 0.232086, 0, 0, 8.3242e-05, -0.0961, 0.00361042, 9.12415e-05, 0, 0, -0.231199, 0
591551, -0.25, 0.234079, 0, 0, 8.32425e-05, -0.0961, 0.000887379, 9.1242e-05, 0, 0, -0.231659, 0
591561, -0.25, 0.232086, 0, 0, 8.32429e-05, -0.0961, 0.00242017, 9.12425e-05, 0, 0, -0.232253, 0
591570, -0.25, 0.232086, 0, 0, 8.32432e-05, -0.0961, -0.000166968, 9.12429e-05, 0, 0, -0.232593, 0
591581, -0.25, 0.232086, 0, 0, 8.32436e-05, -0.0961, -0.000506178, 9.12432e-05, 0, 0, -0.232893, 0
591591, -0.25, 0.240277, 0, 0, 8.32439e-05, -0.0961, -0.000806659, 9.12436e-05, 0, 0, -0.233159, 0
591601, -0.25, 0.242421, 0, 0, 8.32441e-05, -0.0961, 0.00711809, 9.12439e-05, 0, 0, -0.234166, 0
591610, -0.25, 0.242421, 0, 0, 8.32444e-05, -0.0961, 0.00825433, 9.12441e-05, 0, 0, -0.235261, 0
591621, -0.25, 0.240277, 0, 0, 8.32446e-05, -0.0961, 0.00716028, 9.12444e-05, 0, 0, -0.23623, 0
591631, -0.25, 0.242421, 0, 0, 8.32448e-05, -0.0961, 0.00404772, 9.12446e-05, 0, 0, -0.236886, 0
591641, -0.25, 0.240277, 0, 0, 8.3245e-05, -0.0961, 0.00553454, 9.12448e-05, 0, 0, -0.23767, 0
591651, -0.25, 0.240277, 0, 0, 8.32451e-05, -0.0961, 0.00260761, 9.1245e-05, 0, 0, -0.238162, 0
591661, -0.25, 0.236107, 0, 0, 8.32453e-05, -0.0961, 0.00211543, 9.12451e-05, 0, 0, -0.238598, 0
591671, -0.25, 0.240277, 0, 0, 8.32454e-05, -0.0961, -0.00249049, 9.12453e-05, 0, 0, -0.238591, 0
591681, -0.25, 0.240277, 0, 0, 8.32455e-05, -0.0961, 0.00168595, 9.12454e-05, 0, 0, -0.238978, 0
591691, -0.25, 0.240277, 0, 0, 8.32456e-05, -0.0961, 0.00129899, 9.12455e-05, 0, 0, -0.239321, 0
591700, -0.25, 0.240277, 0, 0, 8.32457e-05, -0.0961, 0.000956237, 9.12456e-05, 0, 0, -0.239625, 0
591711, -0.25, 0.240277, 0, 0, 8.32458e-05, -0.0961, 0.000652596, 9.12457e-05, 0, 0, -0.239894, 0
591721, -0.25, 0.240277, 0, 0, 8.32459e-05, -0.0961, 0.00038363, 9.12458e-05, 0, 0, -0.240132, 0
591731, -0.25, 0.240277, 0, 0, 8.3246e-05, -0.0961, 0.000145376, 9.12459e-05, 0, 0, -0.240343, 0
591740, -0.25, 0.242421, 0, 0, 8.3246e-05, -0.0961, -6.56843e-05, 9.1246e-05, 0, 0, -0.24053, 0
591751, -0.25, 0.240277, 0, 0, 8.32461e-05, -0.0961, 0.00189079, 9.1246e-05, 0, 0, -0.240898, 0
591761, -0.25, 0.240277, 0, 0, 8.32461e-05, -0.0961, -0.000620112, 9.12461e-05, 0, 0, -0.241021, 0
591771, -0.25, 0.240277, 0, 0, 8.32462e-05, -0.0961, -0.000743762, 9.12461e-05, 0, 0, -0.241131, 0
591780, -0.25, 0.240277, 0, 0, 8.32462e-05, -0.0961, -0.000853285, 9.12462e-05, 0, 0, -0.241228, 0
591791, -0.25, 0.240277, 0, 0, 8.32463e-05, -0.0961, -0.000950307, 9.12462e-05, 0, 0, -0.241314, 0
591801, -0.25, 0.240277, 0, 0, 8.32463e-05, -0.0961, -0.00103626, 9.12463e-05, 0, 0, -0.24139, 0
591811, -0.25, 0.249098, 0, 0, 8.32463e-05, -0.0961, -0.00111239, 9.12463e-05, 0, 0, -0.241457, 0
591821, -0.25, 0.251411, 0, 0, 8.32464e-05, -0.0961, 0.00764118, 9.12463e-05, 0, 0, -0.242348, 0
591831, -0.25, 0.249098, 0, 0, 8.32464e-05, -0.0961, 0.00906299, 9.12464e-05, 0, 0, -0.243354, 0
591841, -0.25, 0.249098, 0, 0, 8.32464e-05, -0.0961, 0.00574411, 9.12464e-05, 0, 0, -0.244028, 0
591851, -0.25, 0.249098, 0, 0, 8.32464e-05, -0.0961, 0.00507022, 9.12464e-05, 0, 0, -0.244625, 0
591861, -0.25, 0.249098, 0, 0, 8.32465e-05, -0.0961, 0.00447328, 9.12464e-05, 0, 0, -0.245154, 0
591870, -0.25, 0.249098, 0, 0, 8.32465e-05, -0.0961, 0.0039445, 9.12465e-05, 0, 0, -0.245622, 0
591881, -0.25, 0.24683, 0, 0, 8.32465e-05, -0.0961, 0.00347608, 9.12465e-05, 0, 0, -0.246037, 0
591891, -0.25, 0.249098, 0, 0, 8.32465e-05, -0.0961, 0.000792906, 9.12465e-05, 0, 0, -0.246191, 0
591901, -0.25, 0.251411, 0, 0, 8.32465e-05, -0.0961, 0.00290723, 9.12465e-05, 0, 0, -0.246541, 0
591910, -0.25, 0.249098, 0, 0, 8.32465e-05, -0.0961, 0.00486955, 9.12465e-05, 0, 0, -0.247069, 0
591921, -0.25, 0.249098, 0, 0, 8.32465e-05, -0.0961, 0.00202948, 9.12465e-05, 0, 0, -0.247319, 0
591931, -0.25, 0.249098, 0, 0, 8.32466e-05, -0.0961, 0.00177974, 9.12465e-05, 0, 0, -0.24754, 0
591941, -0.25, 0.249098, 0, 0, 8.32466e-05, -0.0961, 0.0015585, 9.12466e-05, 0, 0, -0.247736, 0
591950, -0.25, 0.249098, 0, 0, 8.32466e-05, -0.0961, 0.00136252, 9.12466e-05, 0, 0, -0.247909, 0
591961, -0.25, 0.251411, 0, 0, 8.32466e-05, -0.0961, 0.00118892, 9.12466e-05, 0, 0, -0.248063, 0
591971, -0.25, 0.249098, 0, 0, 8.32466e-05, -0.0961, 0.00334743, 9.12466e-05, 0, 0, -0.248417, 0
591981, -0.25, 0.249098, 0, 0, 8.32466e-05, -0.0961, 0.000681147, 9.12466e-05, 0, 0, -0.248513, 0
591990, -0.25, 0.249098, 0, 0, 8.32466e-05, -0.0961, 0.000585347, 9.12466e-05, 0, 0, -0.248598, 0
592001, -0.25, 0.249098, 0, 0, 8.32466e-05, -0.0961, 0.000500485, 9.12466e-05, 0, 0, -0.248673, 0
592011, -0.25, 0.249098, 0, 0, 8.32466e-05, -0.0961, 0.000425309, 9.12466e-05, 0, 0, -0.24874, 0
592021, -0.25, 0.249098, 0, 0, 8.32466e-05, -0.0961, 0.000358716, 9.12466e-05, 0, 0, -0.248799, 0
592031, -0.25, 0.249098, 0, 0, 8.32466e-05, -0.0961, 0.000299737, 9.12466e-05, 0, 0, -0.248851, 0
592040, -0.25, 0.251411, 0, 0, 8.32466e-05, -0.0961, 0.000247478, 9.12466e-05, 0, 0, -0.248897, 0
592051, -0.25, 0.249098, 0, 0, 8.32466e-05, -0.0961, 0.00251348, 9.12466e-05, 0, 0, -0.249156, 0
592061, -0.25, 0.249098, 0, 0, 8.32466e-05, -0.0961, -5.75781e-05, 9.12466e-05, 0, 0, -0.249167, 0
592071, -0.25, 0.249098, 0, 0, 8.32466e-05, -0.0961, -6.90371e-05, 9.12466e-05, 0, 0, -0.249178, 0
592080, -0.25, 0.249098, 0, 0, 8.32466e-05, -0.0961, -7.91848e-05, 9.12466e-05, 0, 0, -0.249187, 0
592091, -0.25, 0.249098, 0, 0, 8.32466e-05, -0.0961, -8.81702e-05, 9.12466e-05, 0, 0, -0.249195, 0
592101, -0.25, 0.244605, 0, 0, 8.32466e-05, -0.0961, -9.61274e-05, 9.12466e-05, 0, 0, -0.249202, 0
592111, -0.25, 0.249098, 0, 0, 8.32466e-05, -0.0961, -0.00459689, 9.12466e-05, 0, 0, -0.248785, 0
592120, -0.25, 0.251411, 0, 0, 8.32466e-05, -0.0961, 0.000313774, 9.12466e-05, 0, 0, -0.248838, 0
592131, -0.25, 0.249098, 0, 0, 8.32466e-05, -0.0961, 0.00257219, 9.12466e-05, 0, 0, -0.249104, 0
592141, -0.25, 0.249098, 0, 0, 8.32466e-05, -0.0961, -5.55813e-06, 9.12466e-05, 0, 0, -0.249121, 0
592151, -0.25, 0.249098, 0, 0, 8.32466e-05, -0.0961, -2.29478e-05, 9.12466e-05, 0, 0, -0.249137, 0
592160, -0.25, 0.249098, 0, 0, 8.32466e-05, -0.0961, -3.83556e-05, 9.12466e-05, 0, 0, -0.24915, 0
592171, -0.25, 0.249098, 0, 0, 8.32466e-05, -0.0961, -5.202e-05, 9.12466e-05, 0, 0, -0.249163, 0
592181, -0.25, 0.24683, 0, 0, 8.32466e-05, -0.0961, -6.41197e-05, 9.12466e-05, 0, 0, -0.249173, 0
592191, -0.25, 0.249098, 0, 0, 8.32466e-05, -0.0961, -0.00234307, 9.12466e-05, 0, 0, -0.248969, 0
592201, -0.25, 0.251411, 0, 0, 8.32466e-05, -0.0961, 0.000129312, 9.12466e-05, 0, 0, -0.249002, 0
592210, -0.25, 0.249098, 0, 0, 8.32466e-05, -0.0961, 0.0024088, 9.12466e-05, 0, 0, -0.249249, 0
592221, -0.25, 0.249098, 0, 0, 8.32466e-05, -0.0961, -0.000150308, 9.12466e-05, 0, 0, -0.24925, 0
592231, -0.25, 0.249098, 0, 0, 8.32466e-05, -0.0961, -0.000151187, 9.12466e-05, 0, 0, -0.24925, 0
592241, -0.25, 0.249098, 0, 0, 8.32466e-05, -0.0961, -0.000151962, 9.12466e-05, 0, 0, -0.249251, 0
592250, -0.25, 0.249098, 0, 0, 8.32466e-05, -0.0961, -0.000152647, 9.12466e-05, 0, 0, -0.249252, 0
592261, -0.25, 0.251411, 0, 0, 8.32466e-05, -0.0961, -0.000153258, 9.12466e-05, 0, 0, -0.249252, 0
592271, -0.25, 0.249098, 0, 0, 8.32466e-05, -0.0961, 0.00215849, 9.12466e-05, 0, 0, -0.24947, 0
592281, -0.25, 0.249098, 0, 0, 8.32466e-05, -0.0961, -0.000372022, 9.12466e-05, 0, 0, -0.249446, 0
592290, -0.25, 0.249098, 0, 0, 8.32466e-05, -0.0961, -0.000347584, 9.12466e-05, 0, 0, -0.249424, 0
592301, -0.25, 0.249098, 0, 0, 8.32466e-05, -0.0961, -0.000325918, 9.12466e-05, 0, 0, -0.249405, 0
592311, -0.25, 0.249098, 0, 0, 8.32466e-05, -0.0961, -0.00030674, 9.12466e-05, 0, 0, -0.249388, 0
592321, -0.25, 0.249098, 0, 0, 8.32466e-05, -0.0961, -0.000289753, 9.12466e-05, 0, 0, -0.249373, 0
592330, -0.25, 0.249098, 0, 0, 8.32466e-05, -0.0961, -0.000274703, 9.12466e-05, 0, 0, -0.24936, 0
592340, -0.25, 0.251411, 0, 0, 8.32466e-05, -0.0961, -0.000261366, 9.12466e-05, 0, 0, -0.249348, 0
592351, -0.25, 0.249098, 0, 0, 8.32466e-05, -0.0961, 0.00206274, 9.12466e-05, 0, 0, -0.249555, 0
592361, -0.25, 0.249098, 0, 0, 8.32466e-05, -0.0961, -0.000456855, 9.12466e-05, 0, 0, -0.249521, 0
592371, -0.25, 0.249098, 0, 0, 8.32466e-05, -0.0961, -0.000422731, 9.12466e-05, 0, 0, -0.249491, 0
592380, -0.25, 0.249098, 0, 0, 8.32466e-05, -0.0961, -0.000392497, 9.12466e-05, 0, 0, -0.249464, 0
592391, -0.25, 0.249098, 0, 0, 8.32466e-05, -0.0961, -0.000365719, 9.12466e-05, 0, 0, -0.24944, 0
592401, -0.25, 0.24683, 0, 0, 8.32466e-05, -0.0961, -0.000341982, 9.12466e-05, 0, 0, -0.249419, 0
592411, -0.25, 0.249098, 0, 0, 8.32466e-05, -0.0961, -0.00258923, 9.12466e-05, 0, 0, -0.249187, 0
592420, -0.25, 0.249098, 0, 0, 8.32466e-05, -0.0961, -8.87364e-05, 9.12466e-05, 0, 0, -0.249195, 0
592431, -0.25, 0.249098, 0, 0, 8.32466e-05, -0.0961, -9.6634e-05, 9.12466e-05, 0, 0, -0.249202, 0
592441, -0.25, 0.249098, 0, 0, 8.32466e-05, -0.0961, -0.000103638, 9.12466e-05, 0, 0, -0.249208, 0
592451, -0.25, 0.249098, 0, 0, 8.32466e-05, -0.0961, -0.000109836, 9.12466e-05, 0, 0, -0.249214, 0
592460, -0.25, 0.249098, 0, 0, 8.32466e-05, -0.0961, -0.000115335, 9.12466e-05, 0, 0, -0.249219, 0
592471, -0.25, 0.249098, 0, 0, 8.32466e-05, -0.0961, -0.000120193, 9.12466e-05, 0, 0, -0.249223, 0
592481, -0.25, 0.251411, 0, 0, 8.32466e-05, -0.0961, -0.000124499, 9.12466e-05, 0, 0, -0.249227, 0
592491, -0.25, 0.249098, 0, 0, 8.32466e-05, -0.0961, 0.00218397, 9.12466e-05, 0, 0, -0.249448, 0
592501, -0.25, 0.251411, 0, 0, 8.32466e-05, -0.0961, -0.000349462, 9.12466e-05, 0, 0, -0.249426, 0
592510, -0.25, 0.249098, 0, 0, 8.32466e-05, -0.0961, 0.0019847, 9.12466e-05, 0, 0, -0.249624, 0
592521, -0.25, 0.249098, 0, 0, 8.32466e-05, -0.0961, -0.000525981, 9.12466e-05, 0, 0, -0.249582, 0
592531, -0.25, 0.249098, 0, 0, 8.32466e-05, -0.0961, -0.00048396, 9.12466e-05, 0, 0, -0.249545, 0
592541, -0.25, 0.24683, 0, 0, 8.32466e-05, -0.0961, -0.000446737, 9.12466e-05, 0, 0, -0.249512, 0
592550, -0.25, 0.249098, 0, 0, 8.32466e-05, -0.0961, -0.00268202, 9.12466e-05, 0, 0, -0.249269, 0
592561, -0.25, 0.251411, 0, 0, 8.32466e-05, -0.0961, -0.000170931, 9.12466e-05, 0, 0, -0.249268, 0
592571, -0.25, 0.249098, 0, 0, 8.32466e-05, -0.0961, 0.00214283, 9.12466e-05, 0, 0, -0.249484, 0
592581, -0.25, 0.249098, 0, 0, 8.32466e-05, -0.0961, -0.000385895, 9.12466e-05, 0, 0, -0.249458, 0
592590, -0.25, 0.249098, 0, 0, 8.32466e-05, -0.0961, -0.000359863, 9.12466e-05, 0, 0, -0.249435, 0
592601, -0.25, 0.249098, 0, 0, 8.32466e-05, -0.0961, -0.000336811, 9.12466e-05, 0, 0, -0.249415, 0
592611, -0.25, 0.249098, 0, 0, 8.32466e-05, -0.0961, -0.000316381, 9.12466e-05, 0, 0, -0.249397, 0
592621, -0.25, 0.251411, 0, 0, 8.32466e-05, -0.0961, -0.000298291, 9.12466e-05, 0, 0, -0.249381, 0
592630, -0.25, 0.249098, 0, 0, 8.32466e-05, -0.0961, 0.00203003, 9.12466e-05, 0, 0, -0.249584, 0
592641, -0.25, 0.251411, 0, 0, 8.32466e-05, -0.0961, -0.000485823, 9.12466e-05, 0, 0, -0.249547, 0
592651, -0.25, 0.249098, 0, 0, 8.32466e-05, -0.0961, 0.0018639, 9.12466e-05, 0, 0, -0.249731, 0
592661, -0.25, 0.249098, 0, 0, 8.32466e-05, -0.0961, -0.000633001, 9.12466e-05, 0, 0, -0.249677, 0
592671, -0.25, 0.249098, 0, 0, 8.32466e-05, -0.0961, -0.000578761, 9.12466e-05, 0, 0, -0.249629, 0
592680, -0.25, 0.249098, 0, 0, 8.32466e-05, -0.0961, -0.000530705, 9.12466e-05, 0, 0, -0.249587, 0
592691, -0.25, 0.249098, 0, 0, 8.32466e-05, -0.0961, -0.000488132, 9.12466e-05, 0, 0, -0.249549, 0
592701, -0.25, 0.251411, 0, 0, 8.32466e-05, -0.0961, -0.000450432, 9.12466e-05, 0, 0, -0.249515, 0
592711, -0.25, 0.249098, 0, 0, 8.32466e-05, -0.0961, 0.00189525, 9.12466e-05, 0, 0, -0.249704, 0
592720, -0.25, 0.251411, 0, 0, 8.32466e-05, -0.0961, -0.000605226, 9.12466e-05, 0, 0, -0.249653, 0
592731, -0.25, 0.249098, 0, 0, 8.32466e-05, -0.0961, 0.00175813, 9.12466e-05, 0, 0, -0.249825, 0
592741, -0.25, 0.249098, 0, 0, 8.32466e-05, -0.0961, -0.000726685, 9.12466e-05, 0, 0, -0.24976, 0
592751, -0.25, 0.249098, 0, 0, 8.32466e-05, -0.0961, -0.000661746, 9.12466e-05, 0, 0, -0.249703, 0
592760, -0.25, 0.249098, 0, 0, 8.32466e-05, -0.0961, -0.000604212, 9.12466e-05, 0, 0, -0.249652, 0
592771, -0.25, 0.249098, 0, 0, 8.32466e-05, -0.0961, -0.00055325, 9.12466e-05, 0, 0, -0.249607, 0
592781, -0.25, 0.251411, 0, 0, 8.32466e-05, -0.0961, -0.000508115, 9.12466e-05, 0, 0, -0.249567, 0
592791, -0.25, 0.249098, 0, 0, 8.32466e-05, -0.0961, 0.00184415, 9.12466e-05, 0, 0, -0.249749, 0
592800, -0.25, 0.251411, 0, 0, 8.32466e-05, -0.0961, -0.00065048, 9.12466e-05, 0, 0, -0.249693, 0
592811, -0.25, 0.249098, 0, 0, 8.32466e-05, -0.0961, 0.00171804, 9.12466e-05, 0, 0, -0.249861, 0
592821, -0.25, 0.249098, 0, 0, 8.32466e-05, -0.0961, -0.000762194, 9.12466e-05, 0, 0, -0.249792, 0
592831, -0.25, 0.251411, 0, 0, 8.32466e-05, -0.0961, -0.000693187, 9.12466e-05, 0, 0, -0.24973, 0
592841, -0.25, 0.24683, 0, 0, 8.32466e-05, -0.0961, 0.00168021, 9.12466e-05, 0, 0, -0.249894, 0
592850, -0.25, 0.249098, 0, 0, 8.32466e-05, -0.0961, -0.00306396, 9.12466e-05, 0, 0, -0.249608, 0
592861, -0.25, 0.251411, 0, 0, 8.32466e-05, -0.0961, -0.000509262, 9.12466e-05, 0, 0, -0.249568, 0
592871, -0.25, 0.249098, 0, 0, 8.32466e-05, -0.0961, 0.00184314, 9.12466e-05, 0, 0, -0.24975, 0
592881, -0.25, 0.249098, 0, 0, 8.32466e-05, -0.0961, -0.000651389, 9.12466e-05, 0, 0, -0.249693, 0
592890, -0.25, 0.249098, 0, 0, 8.32466e-05, -0.0961, -0.000595048, 9.12466e-05, 0, 0, -0.249644, 0
592901, -0.25, 0.249098, 0, 0, 8.32466e-05, -0.0961, -0.000545129, 9.12466e-05, 0, 0, -0.249599, 0
592911, -0.25, 0.24683, 0, 0, 8.32466e-05, -0.0961, -0.000500917, 9.12466e-05, 0, 0, -0.24956, 0
592921, -0.25, 0.251411, 0, 0, 8.32466e-05, -0.0961, -0.00273001, 9.12466e-05, 0, 0, -0.249312, 0
592930, -0.25, 0.249098, 0, 0, 8.32466e-05, -0.0961, 0.00209884, 9.12466e-05, 0, 0, -0.249523, 0
592941, -0.25, 0.251411, 0, 0, 8.32466e-05, -0.0961, -0.000424877, 9.12466e-05, 0, 0, -0.249493, 0
592951, -0.25, 0.249098, 0, 0, 8.32466e-05, -0.0961, 0.00191788, 9.12466e-05, 0, 0, -0.249684, 0
592961, -0.25, 0.249098, 0, 0, 8.32466e-05, -0.0961, -0.000585169, 9.12466e-05, 0, 0, -0.249635, 0
592970, -0.25, 0.249098, 0, 0, 8.32466e-05, -0.0961, -0.000536382, 9.12466e-05, 0, 0, -0.249592, 0
592980, -0.25, 0.249098, 0, 0, 8.32466e-05, -0.0961, -0.000493169, 9.12466e-05, 0, 0, -0.249553, 0
592991, -0.25, 0.249098, 0, 0, 8.32466e-05, -0.0961, -0.000454888, 9.12466e-05, 0, 0, -0.249519, 0
593001, -0.25, 0.251411, 0, 0, 8.32466e-05, -0.0961, -0.000420973, 9.12466e-05, 0, 0, -0.249489, 0
593011, -0.25, 0.249098, 0, 0, 8.32466e-05, -0.0961, 0.00192136, 9.12466e-05, 0, 0, -0.249681, 0
593020, -0.25, 0.251411, 0, 0, 8.32466e-05, -0.0961, -0.000582099, 9.12466e-05, 0, 0, -0.249632, 0
593031, -0.25, 0.249098, 0, 0, 8.32466e-05, -0.0961, 0.00177862, 9.12466e-05, 0, 0, -0.249807, 0
593041, -0.25, 0.249098, 0, 0, 8.32466e-05, -0.0961, -0.000708535, 9.12466e-05, 0, 0, -0.249744, 0
593051, -0.25, 0.251411, 0, 0, 8.32466e-05, -0.0961, -0.000645682, 9.12466e-05, 0, 0, -0.249688, 0
593060, -0.25, 0.249098, 0, 0, 8.32466e-05, -0.0961, 0.00172229, 9.12466e-05, 0, 0, -0.249857, 0
593071, -0.25, 0.249098, 0, 0, 8.32466e-05, -0.0961, -0.000758424, 9.12466e-05, 0, 0, -0.249788, 0
593081, -0.25, 0.251411, 0, 0, 8.32466e-05, -0.0961, -0.000689864, 9.12466e-05, 0, 0, -0.249728, 0
593091, -0.25, 0.249098, 0, 0, 8.32466e-05, -0.0961, 0.00168316, 9.12466e-05, 0, 0, -0.249892, 0
593100, -0.25, 0.249098, 0, 0, 8.32466e-05, -0.0961, -0.000793099, 9.12466e-05, 0, 0, -0.249819, 0
593111, -0.25, 0.249098, 0, 0, 8.32466e-05, -0.0961, -0.000720575, 9.12466e-05, 0, 0, -0.249755, 0
593121, -0.25, 0.249098, 0, 0, 8.32466e-05, -0.0961, -0.000656337, 9.12466e-05, 0, 0, -0.249698, 0
593131, -0.25, 0.24683, 0, 0, 8.32466e-05, -0.0961, -0.000599429, 9.12466e-05, 0, 0, -0.249647, 0
593140, -0.25, 0.251411, 0, 0, 8.32466e-05, -0.0961, -0.00281727, 9.12466e-05, 0, 0, -0.249389, 0
593150, -0.25, 0.249098, 0, 0, 8.32466e-05, -0.0961, 0.00202154, 9.12466e-05, 0, 0, -0.249592, 0
593161, -0.25, 0.249098, 0, 0, 8.32466e-05, -0.0961, -0.000493348, 9.12466e-05, 0, 0, -0.249553, 0
593171, -0.25, 0.249098, 0, 0, 8.32466e-05, -0.0961, -0.000455052, 9.12466e-05, 0, 0, -0.24952, 0
593181, -0.25, 0.249098, 0, 0, 8.32466e-05, -0.0961, -0.000421122, 9.12466e-05, 0, 0, -0.249489, 0
593190, -0.25, 0.249098, 0, 0, 8.32466e-05, -0.0961, -0.000391066, 9.12466e-05, 0, 0, -0.249463, 0
593201, -0.25, 0.249098, 0, 0, 8.32466e-05, -0.0961, -0.000364453, 9.12466e-05, 0, 0, -0.249439, 0
593211, -0.25, 0.251411, 0, 0, 8.32466e-05, -0.0961, -0.000340879, 9.12466e-05, 0, 0, -0.249418, 0
593221, -0.25, 0.251411, 0, 0, 8.32466e-05, -0.0961, 0.00199229, 9.12466e-05, 0, 0, -0.249618, 0
593230, -0.25, 0.249098, 0, 0, 8.32466e-05, -0.0961, 0.00179301, 9.12466e-05, 0, 0, -0.249794, 0
593241, -0.25, 0.249098, 0, 0, 8.32466e-05, -0.0961, -0.00069578, 9.12466e-05, 0, 0, -0.249733, 0
593251, -0.25, 0.249098, 0, 0, 8.32466e-05, -0.0961, -0.000634372, 9.12466e-05, 0, 0, -0.249678, 0
593261, -0.25, 0.249098, 0, 0, 8.32466e-05, -0.0961, -0.000579968, 9.12466e-05, 0, 0, -0.24963, 0
593270, -0.25, 0.240277, 0, 0, 8.32466e-05, -0.0961, -0.000531778, 9.12466e-05, 0, 0, -0.249587, 0
593281, -0.25, 0.249098, 0, 0, 8.32466e-05, -0.0961, -0.0093101, 9.12466e-05, 0, 0, -0.248719, 0
593291, -0.25, 0.249098, 0, 0, 8.32466e-05, -0.0961, 0.000379458, 9.12466e-05, 0, 0, -0.24878, 0
593301, -0.25, 0.249098, 0, 0, 8.32466e-05, -0.0961, 0.00031811, 9.12466e-05, 0, 0, -0.248835, 0
593311, -0.25, 0.249098, 0, 0, 8.32466e-05, -0.0961, 0.000263751, 9.12466e-05, 0, 0, -0.248883, 0
593320, -0.25, 0.249098, 0, 0, 8.32466e-05, -0.0961, 0.000215605, 9.12466e-05, 0, 0, -0.248925, 0
593331, -0.25, 0.249098, 0, 0, 8.32466e-05, -0.0961, 0.000172958, 9.12466e-05, 0, 0, -0.248963, 0
593341, -0.25, 0.249098, 0, 0, 8.32466e-05, -0.0961, 0.000135183, 9.12466e-05, 0, 0, -0.248997, 0
593351, -0.25, 0.24683, 0, 0, 8.32466e-05, -0.0961, 0.000101715, 9.12466e-05, 0, 0, -0.249026, 0
593360, -0.25, 0.249098, 0, 0, 8.32466e-05, -0.0961, -0.00219618, 9.12466e-05, 0, 0, -0.248839, 0
593371, -0.25, 0.249098, 0, 0, 8.32466e-05, -0.0961, 0.000259444, 9.12466e-05, 0, 0, -0.248887, 0
593381, -0.25, 0.249098, 0, 0, 8.32466e-05, -0.0961, 0.00021179, 9.12466e-05, 0, 0, -0.248929, 0
593391, -0.25, 0.249098, 0, 0, 8.32466e-05, -0.0961, 0.000169575, 9.12466e-05, 0, 0, -0.248966, 0
593400, -0.25, 0.249098, 0, 0, 8.32466e-05, -0.0961, 0.000132173, 9.12466e-05, 0, 0, -0.248999, 0
593411, -0.25, 0.249098, 0, 0, 8.32466e-05, -0.0961, 9.90629e-05, 9.12466e-05, 0, 0, -0.249029, 0
593421, -0.25, 0.249098, 0, 0, 8.32466e-05, -0.0961, 6.97225e-05, 9.12466e-05, 0, 0, -0.249055, 0
593431, -0.25, 0.251411, 0, 0, 8.32466e-05, -0.0961, 4.372e-05, 9.12466e-05, 0, 0, -0.249078, 0
593440, -0.25, 0.251411, 0, 0, 8.32466e-05, -0.0961, 0.00233299, 9.12466e-05, 0, 0, -0.249316, 0
593451, -0.25, 0.249098, 0, 0, 8.32466e-05, -0.0961, 0.00209482, 9.12466e-05, 0, 0, -0.249527, 0
593461, -0.25, 0.249098, 0, 0, 8.32466e-05, -0.0961, -0.000428438, 9.12466e-05, 0, 0, -0.249496, 0
593471, -0.25, 0.249098, 0, 0, 8.32466e-05, -0.0961, -0.000397548, 9.12466e-05, 0, 0, -0.249469, 0
593481, -0.25, 0.249098, 0, 0, 8.32466e-05, -0.0961, -0.00037019, 9.12466e-05, 0, 0, -0.249444, 0
593490, -0.25, 0.24683, 0, 0, 8.32466e-05, -0.0961, -0.00034596, 9.12466e-05, 0, 0, -0.249423, 0
593501, -0.25, 0.249098, 0, 0, 8.32466e-05, -0.0961, -0.00259274, 9.12466e-05, 0, 0, -0.24919, 0
593511, -0.25, 0.251411, 0, 0, 8.32466e-05, -0.0961, -9.18508e-05, 9.12466e-05, 0, 0, -0.249198, 0
593521, -0.25, 0.251411, 0, 0, 8.32466e-05, -0.0961, 0.00221288, 9.12466e-05, 0, 0, -0.249422, 0
593530, -0.25, 0.249098, 0, 0, 8.32466e-05, -0.0961, 0.00198844, 9.12466e-05, 0, 0, -0.249621, 0
593541, -0.25, 0.249098, 0, 0, 8.32466e-05, -0.0961, -0.000522673, 9.12466e-05, 0, 0, -0.249579, 0
593551, -0.25, 0.249098, 0, 0, 8.32466e-05, -0.0961, -0.000481024, 9.12466e-05, 0, 0, -0.249543, 0
593561, -0.25, 0.249098, 0, 0, 8.32466e-05, -0.0961, -0.000444144, 9.12466e-05, 0, 0, -0.24951, 0
593570, -0.25, 0.24683, 0, 0, 8.32466e-05, -0.0961, -0.000411466, 9.12466e-05, 0, 0, -0.249481, 0
593581, -0.25, 0.249098, 0, 0, 8.32466e-05, -0.0961, -0.00265077, 9.12466e-05, 0, 0, -0.249242, 0
593591, -0.25, 0.249098, 0, 0, 8.32466e-05, -0.0961, -0.00014326, 9.12466e-05, 0, 0, -0.249243, 0
593601, -0.25, 0.249098, 0, 0, 8.32466e-05, -0.0961, -0.000144929, 9.12466e-05, 0, 0, -0.249245, 0
593611, -0.25, 0.249098, 0, 0, 8.32466e-05, -0.0961, -0.000146404, 9.12466e-05, 0, 0, -0.249246, 0
593620, -0.25, 0.249098, 0, 0, 8.32466e-05, -0.0961, -0.000147715, 9.12466e-05, 0, 0, -0.249247, 0
593631, -0.25, 0.249098, 0, 0, 8.32466e-05, -0.0961, -0.000148878, 9.12466e-05, 0, 0, -0.249248, 0
593641, -0.25, 0.249098, 0, 0, 8.32466e-05, -0.0961, -0.000149906, 9.12466e-05, 0, 0, -0.249249, 0
593651, -0.25, 0.251411, 0, 0, 8.32466e-05, -0.0961, -0.000150815, 9.12466e-05, 0, 0, -0.24925, 0
593660, -0.25, 0.249098, 0, 0, 8.32466e-05, -0.0961, 0.00216067, 9.12466e-05, 0, 0, -0.249469, 0
593671, -0.25, 0.249098, 0, 0, 8.32466e-05, -0.0961, -0.0003701, 9.12466e-05, 0, 0, -0.249444, 0
593681, -0.25, 0.249098, 0, 0, 8.32466e-05, -0.0961, -0.000345871, 9.12466e-05, 0, 0, -0.249423, 0
593691, -0.25, 0.249098, 0, 0, 8.32466e-05, -0.0961, -0.000324413, 9.12466e-05, 0, 0, -0.249404, 0
593700, -0.25, 0.251411, 0, 0, 8.32466e-05, -0.0961, -0.000305414, 9.12466e-05, 0, 0, -0.249387, 0
593711, -0.25, 0.24683, 0, 0, 8.32466e-05, -0.0961, 0.00202371, 9.12466e-05, 0, 0, -0.24959, 0
593721, -0.25, 0.249098, 0, 0, 8.32466e-05, -0.0961, -0.00275968, 9.12466e-05, 0, 0, -0.249338, 0
593731, -0.25, 0.251411, 0, 0, 8.32466e-05, -0.0961, -0.000239715, 9.12466e-05, 0, 0, -0.249329, 0
593740, -0.25, 0.249098, 0, 0, 8.32466e-05, -0.0961, 0.00208192, 9.12466e-05, 0, 0, -0.249538, 0
593751, -0.25, 0.249098, 0, 0, 8.32466e-05, -0.0961, -0.000439867, 9.12466e-05, 0, 0, -0.249506, 0
593761, -0.25, 0.249098, 0, 0, 8.32466e-05, -0.0961, -0.000407666, 9.12466e-05, 0, 0, -0.249478, 0
593771, -0.25, 0.249098, 0, 0, 8.32466e-05, -0.0961, -0.00037916, 9.12466e-05, 0, 0, -0.249452, 0
593781, -0.25, 0.249098, 0, 0, 8.32466e-05, -0.0961, -0.000353903, 9.12466e-05, 0, 0, -0.24943, 0
593790, -0.25, 0.24683, 0, 0, 8.32466e-05, -0.0961, -0.000331536, 9.12466e-05, 0, 0, -0.24941, 0
593801, -0.25, 0.249098, 0, 0, 8.32466e-05, -0.0961, -0.00257997, 9.12466e-05, 0, 0, -0.249179, 0
593811, -0.25, 0.249098, 0, 0, 8.32466e-05, -0.0961, -8.05408e-05, 9.12466e-05, 0, 0, -0.249188, 0
593821, -0.25, 0.249098, 0, 0, 8.32466e-05, -0.0961, -8.93772e-05, 9.12466e-05, 0, 0, -0.249196, 0
593830, -0.25, 0.249098, 0, 0, 8.32466e-05, -0.0961, -9.72152e-05, 9.12466e-05, 0, 0, -0.249203, 0
593841, -0.25, 0.249098, 0, 0, 8.32466e-05, -0.0961, -0.000104144, 9.12466e-05, 0, 0, -0.249209, 0
593851, -0.25, 0.249098, 0, 0, 8.32466e-05, -0.0961, -0.000110283, 9.12466e-05, 0, 0, -0.249214, 0
593861, -0.25, 0.249098, 0, 0, 8.32466e-05, -0.0961, -0.000115722, 9.12466e-05, 0, 0, -0.249219, 0
593870, -0.25, 0.251411, 0, 0, 8.32466e-05, -0.0961, -0.00012055, 9.12466e-05, 0, 0, -0.249223, 0
593881, -0.25, 0.249098, 0, 0, 8.32466e-05, -0.0961, 0.00218746, 9.12466e-05, 0, 0, -0.249445, 0
593891, -0.25, 0.249098, 0, 0, 8.32466e-05, -0.0961, -0.000346363, 9.12466e-05, 0, 0, -0.249423, 0
593901, -0.25, 0.249098, 0, 0, 8.32466e-05, -0.0961, -0.000324845, 9.12466e-05, 0, 0, -0.249404, 0
593910, -0.25, 0.249098, 0, 0, 8.32466e-05, -0.0961, -0.000305787, 9.12466e-05, 0, 0, -0.249387, 0
593921, -0.25, 0.249098, 0, 0, 8.32466e-05, -0.0961, -0.000288904, 9.12466e-05, 0, 0, -0.249372, 0
593931, -0.25, 0.24683, 0, 0, 8.32466e-05, -0.0961, -0.000273958, 9.12466e-05, 0, 0, -0.249359, 0
593941, -0.25, 0.249098, 0, 0, 8.32466e-05, -0.0961, -0.00252897, 9.12466e-05, 0, 0, -0.249134, 0
593951, -0.25, 0.251411, 0, 0, 8.32466e-05, -0.0961, -3.53456e-05, 9.12466e-05, 0, 0, -0.249148, 0
593960, -0.25, 0.249098, 0, 0, 8.32466e-05, -0.0961, 0.00226295, 9.12466e-05, 0, 0, -0.249378, 0
593971, -0.25, 0.249098, 0, 0, 8.32466e-05, -0.0961, -0.000279501, 9.12466e-05, 0, 0, -0.249364, 0
593981, -0.25, 0.249098, 0, 0, 8.32466e-05, -0.0961, -0.000265613, 9.12466e-05, 0, 0, -0.249352, 0
593991, -0.25, 0.249098, 0, 0, 8.32466e-05, -0.0961, -0.00025332, 9.12466e-05, 0, 0, -0.249341, 0
594000, -0.25, 0.249098, 0, 0, 8.32466e-05, -0.0961, -0.000242427, 9.12466e-05, 0, 0, -0.249331, 0
594011, -0.25, 0.251411, 0, 0, 8.32466e-05, -0.0961, -0.000232786, 9.12466e-05, 0, 0, -0.249323, 0
594021, -0.25, 0.249098, 0, 0, 8.32466e-05, -0.0961, 0.00208804, 9.12466e-05, 0, 0, -0.249533, 0
594031, -0.25, 0.251411, 0, 0, 8.32466e-05, -0.0961, -0.000434443, 9.12466e-05, 0, 0, -0.249501, 0
594040, -0.25, 0.249098, 0, 0, 8.32466e-05, -0.0961, 0.00190942, 9.12466e-05, 0, 0, -0.249691, 0
594051, -0.25, 0.249098, 0, 0, 8.32466e-05, -0.0961, -0.000592664, 9.12466e-05, 0, 0, -0.249641, 0
594061, -0.25, 0.249098, 0, 0, 8.32466e-05, -0.0961, -0.000543028, 9.12466e-05, 0, 0, -0.249597, 0
594071, -0.25, 0.249098, 0, 0, 8.32466e-05, -0.0961, -0.000499055, 9.12466e-05, 0, 0, -0.249559, 0
594080, -0.25, 0.249098, 0, 0, 8.32466e-05, -0.0961, -0.000460118, 9.12466e-05, 0, 0, -0.249524, 0
594091, -0.25, 0.251411, 0, 0, 8.32466e-05, -0.0961, -0.000425622, 9.12466e-05, 0, 0, -0.249493, 0
594101, -0.25, 0.249098, 0, 0, 8.32466e-05, -0.0961, 0.00191723, 9.12466e-05, 0, 0, -0.249684, 0
594111, -0.25, 0.251411, 0, 0, 8.32466e-05, -0.0961, -0.000585765, 9.12466e-05, 0, 0, -0.249635, 0
594121, -0.25, 0.249098, 0, 0, 8.32466e-05, -0.0961, 0.00177538, 9.12466e-05, 0, 0, -0.24981, 0
594130, -0.25, 0.249098, 0, 0, 8.32466e-05, -0.0961, -0.000711396, 9.12466e-05, 0, 0, -0.249747, 0
594141, -0.25, 0.249098, 0, 0, 8.32466e-05, -0.0961, -0.000648201, 9.12466e-05, 0, 0, -0.249691, 0
594151, -0.25, 0.242421, 0, 0, 8.32466e-05, -0.0961, -0.000592232, 9.12466e-05, 0, 0, -0.249641, 0
594161, -0.25, 0.249098, 0, 0, 8.32466e-05, -0.0961, -0.00722024, 9.12466e-05, 0, 0, -0.248968, 0
594170, -0.25, 0.251411, 0, 0, 8.32466e-05, -0.0961, 0.000130147, 9.12466e-05, 0, 0, -0.249001, 0
594181, -0.25, 0.249098, 0, 0, 8.32466e-05, -0.0961, 0.00240955, 9.12466e-05, 0, 0, -0.249248, 0
594191, -0.25, 0.249098, 0, 0, 8.32466e-05, -0.0961, -0.000149652, 9.12466e-05, 0, 0, -0.249249, 0
594201, -0.25, 0.249098, 0, 0, 8.32466e-05, -0.0961, -0.000150606, 9.12466e-05, 0, 0, -0.24925, 0
594210, -0.25, 0.249098, 0, 0, 8.32466e-05, -0.0961, -0.000151441, 9.12466e-05, 0, 0, -0.249251, 0
594221, -0.25, 0.24683, 0, 0, 8.32466e-05, -0.0961, -0.000152171, 9.12466e-05, 0, 0, -0.249251, 0
594231, -0.25, 0.251411, 0, 0, 8.32466e-05, -0.0961, -0.00242108, 9.12466e-05, 0, 0, -0.249038, 0
594241, -0.25, 0.249098, 0, 0, 8.32466e-05, -0.0961, 0.0023725, 9.12466e-05, 0, 0, -0.249281, 0
594250, -0.25, 0.251411, 0, 0, 8.32466e-05, -0.0961, -0.000182465, 9.12466e-05, 0, 0, -0.249278, 0
594260, -0.25, 0.249098, 0, 0, 8.32466e-05, -0.0961, 0.00213262, 9.12466e-05, 0, 0, -0.249493, 0
594271, -0.25, 0.249098, 0, 0, 8.32466e-05, -0.0961, -0.000394955, 9.12466e-05, 0, 0, -0.249466, 0
594281, -0.25, 0.249098, 0, 0, 8.32466e-05, -0.0961, -0.000367895, 9.12466e-05, 0, 0, -0.249442, 0
594291, -0.25, 0.249098, 0, 0, 8.32466e-05, -0.0961, -0.000343919, 9.12466e-05, 0, 0, -0.249421, 0
594300, -0.25, 0.249098, 0, 0, 8.32466e-05, -0.0961, -0.000322685, 9.12466e-05, 0, 0, -0.249402, 0
594311, -0.25, 0.251411, 0, 0, 8.32466e-05, -0.0961, -0.000303879, 9.12466e-05, 0, 0, -0.249386, 0
594321, -0.25, 0.249098, 0, 0, 8.32466e-05, -0.0961, 0.00202508, 9.12466e-05, 0, 0, -0.249589, 0
594331, -0.25, 0.249098, 0, 0, 8.32466e-05, -0.0961, -0.000490203, 9.12466e-05, 0, 0, -0.249551, 0
594340, -0.25, 0.249098, 0, 0, 8.32466e-05, -0.0961, -0.000452265, 9.12466e-05, 0, 0, -0.249517, 0
594351, -0.25, 0.249098, 0, 0, 8.32466e-05, -0.0961, -0.000418648, 9.12466e-05, 0, 0, -0.249487, 0
594361, -0.25, 0.249098, 0, 0, 8.32466e-05, -0.0961, -0.000388876, 9.12466e-05, 0, 0, -0.249461, 0
594371, -0.25, 0.249098, 0, 0, 8.32466e-05, -0.0961, -0.000362501, 9.12466e-05, 0, 0, -0.249438, 0
594380, -0.25, 0.249098, 0, 0, 8.32466e-05, -0.0961, -0.000339136, 9.12466e-05, 0, 0, -0.249417, 0
594391, -0.25, 0.251411, 0, 0, 8.32466e-05, -0.0961, -0.000318453, 9.12466e-05, 0, 0, -0.249399, 0
594401, -0.25, 0.249098, 0, 0, 8.32466e-05, -0.0961, 0.00201216, 9.12466e-05, 0, 0, -0.2496, 0
594411, -0.25, 0.249098, 0, 0, 8.32466e-05, -0.0961, -0.000501662, 9.12466e-05, 0, 0, -0.249561, 0
594420, -0.25, 0.249098, 0, 0, 8.32466e-05, -0.0961, -0.000462413, 9.12466e-05, 0, 0, -0.249526, 0
594430, -0.25, 0.258625, 0, 0, 8.32466e-05, -0.0961, -0.000427648, 9.12466e-05, 0, 0, -0.249495, 0
594441, -0.25, 0.256173, 0, 0, 8.32466e-05, -0.0961, 0.00912984, 9.12466e-05, 0, 0, -0.250365, 0
594451, -0.25, 0.251411, 0, 0, 8.32466e-05, -0.0961, 0.00580752, 9.12466e-05, 0, 0, -0.250905, 0
594461, -0.25, 0.258625, 0, 0, 8.32466e-05, -0.0961, 0.000505894, 9.12466e-05, 0, 0, -0.250934, 0
594470, -0.25, 0.261127, 0, 0, 8.32466e-05, -0.0961, 0.00769076, 9.12466e-05, 0, 0, -0.25164, 0
594481, -0.25, 0.249098, 0, 0, 8.32466e-05, -0.0961, 0.00948712, 9.12466e-05, 0, 0, -0.252501, 0
594491, -0.25, 0.249098, 0, 0, 8.32466e-05, -0.0961, -0.00340222, 9.12466e-05, 0, 0, -0.25213, 0
594501, -0.25, 0.249098, 0, 0, 8.32466e-05, -0.0961, -0.00303178, 9.12466e-05, 0, 0, -0.251802, 0
594510, -0.25, 0.249098, 0, 0, 8.32466e-05, -0.0961, -0.00270365, 9.12466e-05, 0, 0, -0.251511, 0
594521, -0.25, 0.24683, 0, 0, 8.32466e-05, -0.0961, -0.00241299, 9.12466e-05, 0, 0, -0.251254, 0
594531, -0.25, 0.251411, 0, 0, 8.32466e-05, -0.0961, -0.00442375, 9.12466e-05, 0, 0, -0.250812, 0
594541, -0.25, 0.249098, 0, 0, 8.32466e-05, -0.0961, 0.00059849, 9.12466e-05, 0, 0, -0.250852, 0
594550, -0.25, 0.251411, 0, 0, 8.32466e-05, -0.0961, -0.00175391, 9.12466e-05, 0, 0, -0.25067, 0
594561, -0.25, 0.258625, 0, 0, 8.32466e-05, -0.0961, 0.000740618, 9.12466e-05, 0, 0, -0.250726, 0
594571, -0.25, 0.249098, 0, 0, 8.32466e-05, -0.0961, 0.00789866, 9.12466e-05, 0, 0, -0.251456, 0
594581, -0.25, 0.249098, 0, 0, 8.32466e-05, -0.0961, -0.00235738, 9.12466e-05, 0, 0, -0.251205, 0
594590, -0.25, 0.258625, 0, 0, 8.32466e-05, -0.0961, -0.00210623, 9.12466e-05, 0, 0, -0.250982, 0
594600, -0.25, 0.258625, 0, 0, 8.32466e-05, -0.0961, 0.00764292, 9.12466e-05, 0, 0, -0.251682, 0
594611, -0.25, 0.251411, 0, 0, 8.32466e-05, -0.0961, 0.00694278, 9.12466e-05, 0, 0, -0.252303, 0
594621, -0.25, 0.249098, 0, 0, 8.32466e-05, -0.0961, -0.000891834, 9.12466e-05, 0, 0, -0.252172, 0
594631, -0.25, 0.249098, 0, 0, 8.32466e-05, -0.0961, -0.00307406, 9.12466e-05, 0, 0, -0.251839, 0
594640, -0.25, 0.249098, 0, 0, 8.32466e-05, -0.0961, -0.00274108, 9.12466e-05, 0, 0, -0.251545, 0
594651, -0.25, 0.258625, 0, 0, 8.32466e-05, -0.0961, -0.00244613, 9.12466e-05, 0, 0, -0.251283, 0
594661, -0.25, 0.256173, 0, 0, 8.32466e-05, -0.0961, 0.00734183, 9.12466e-05, 0, 0, -0.251949, 0
594671, -0.25, 0.249098, 0, 0, 8.32466e-05, -0.0961, 0.00422367, 9.12466e-05, 0, 0, -0.252308, 0
594680, -0.25, 0.249098, 0, 0, 8.32466e-05, -0.0961, -0.00320943, 9.12466e-05, 0, 0, -0.251959, 0
594691, -0.25, 0.251411, 0, 0, 8.32466e-05, -0.0961, -0.00286101, 9.12466e-05, 0, 0, -0.251651, 0
594701, -0.25, 0.249098, 0, 0, 8.32466e-05, -0.0961, -0.000240088, 9.12466e-05, 0, 0, -0.251595, 0
594711, -0.25, 0.249098, 0, 0, 8.32466e-05, -0.0961, -0.00249676, 9.12466e-05, 0, 0, -0.251328, 0
594720, -0.25, 0.249098, 0, 0, 8.32466e-05, -0.0961, -0.00222974, 9.12466e-05, 0, 0, -0.251092, 0
594731, -0.25, 0.249098, 0, 0, 8.32466e-05, -0.0961, -0.00199319, 9.12466e-05, 0, 0, -0.250882, 0
594741, -0.25, 0.24683, 0, 0, 8.32466e-05, -0.0961, -0.00178365, 9.12466e-05, 0, 0, -0.250696, 0
594751, -0.25, 0.261127, 0, 0, 8.32466e-05, -0.0961, -0.00386627, 9.12466e-05, 0, 0, -0.250318, 0
594760, -0.25, 0.249098, 0, 0, 8.32466e-05, -0.0961, 0.0108087, 9.12466e-05, 0, 0, -0.25133, 0
594770, -0.25, 0.249098, 0, 0, 8.32466e-05, -0.0961, -0.00223152, 9.12466e-05, 0, 0, -0.251093, 0
594781, -0.25, 0.249098, 0, 0, 8.32466e-05, -0.0961, -0.00199474, 9.12466e-05, 0, 0, -0.250883, 0
594791, -0.25, 0.249098, 0, 0, 8.32466e-05, -0.0961, -0.00178503, 9.12466e-05, 0, 0, -0.250698, 0
594801, -0.25, 0.249098, 0, 0, 8.32466e-05, -0.0961, -0.00159924, 9.12466e-05, 0, 0, -0.250533, 0
594810, -0.25, 0.249098, 0, 0, 8.32466e-05, -0.0961, -0.00143467, 9.12466e-05, 0, 0, -0.250387, 0
594821, -0.25, 0.251411, 0, 0, 8.32466e-05, -0.0961, -0.00128891, 9.12466e-05, 0, 0, -0.250258, 0
594831, -0.25, 0.251411, 0, 0, 8.32466e-05, -0.0961, 0.00115252, 9.12466e-05, 0, 0, -0.250362, 0
594841, -0.25, 0.249098, 0, 0, 8.32466e-05, -0.0961, 0.00104916, 9.12466e-05, 0, 0, -0.250453, 0
594850, -0.25, 0.251411, 0, 0, 8.32466e-05, -0.0961, -0.00135471, 9.12466e-05, 0, 0, -0.250316, 0
594861, -0.25, 0.249098, 0, 0, 8.32466e-05, -0.0961, 0.00109422, 9.12466e-05, 0, 0, -0.250413, 0
594871, -0.25, 0.249098, 0, 0, 8.32466e-05, -0.0961, -0.00131477, 9.12466e-05, 0, 0, -0.250281, 0
594881, -0.25, 0.24683, 0, 0, 8.32466e-05, -0.0961, -0.00118269, 9.12466e-05, 0, 0, -0.250164, 0
594890, -0.25, 0.249098, 0, 0, 8.32466e-05, -0.0961, -0.00333394, 9.12466e-05, 0, 0, -0.249847, 0
594900, -0.25, 0.249098, 0, 0, 8.32466e-05, -0.0961, -0.000748426, 9.12466e-05, 0, 0, -0.249779, 0
594911, -0.25, 0.249098, 0, 0, 8.32466e-05, -0.0961, -0.000680998, 9.12466e-05, 0, 0, -0.24972, 0
594921, -0.25, 0.249098, 0, 0, 8.32466e-05, -0.0961, -0.000621274, 9.12466e-05, 0, 0, -0.249667, 0
594931, -0.25, 0.249098, 0, 0, 8.32466e-05, -0.0961, -0.00056836, 9.12466e-05, 0, 0, -0.24962, 0
594940, -0.25, 0.249098, 0, 0, 8.32466e-05, -0.0961, -0.000521511, 9.12466e-05, 0, 0, -0.249578, 0
594951, -0.25, 0.249098, 0, 0, 8.32466e-05, -0.0961, -0.000479996, 9.12466e-05, 0, 0, -0.249542, 0
594961, -0.25, 0.251411, 0, 0, 8.32466e-05, -0.0961, -0.00044322, 9.12466e-05, 0, 0, -0.249509, 0
594971, -0.25, 0.249098, 0, 0, 8.32466e-05, -0.0961, 0.00190164, 9.12466e-05, 0, 0, -0.249698, 0
594980, -0.25, 0.249098, 0, 0, 8.32466e-05, -0.0961, -0.000599563, 9.12466e-05, 0, 0, -0.249648, 0
594991, -0.25, 0.249098, 0, 0, 8.32466e-05, -0.0961, -0.000549138, 9.12466e-05, 0, 0, -0.249603, 0
595001, -0.25, 0.249098, 0, 0, 8.32466e-05, -0.0961, -0.000504479, 9.12466e-05, 0, 0, -0.249563, 0
595011, -0.25, 0.249098, 0, 0, 8.32466e-05, -0.0961, -0.000464916, 9.12466e-05, 0, 0, -0.249528, 0
595020, -0.25, 0.249098, 0, 0, 8.32466e-05, -0.0961, -0.000429869, 9.12466e-05, 0, 0, -0.249497, 0
