QGPIORecord, QRC v6.1.0, 16-12-2023 @ 13:27:36, Windows 10 Version 2009, 10.0.22621, x86_64
Time, ValueIn0, ValueIn1, ValueIn2, ValueIn3, ValueIn4, ValueIn5, ValueIn6, ValueIn7, ValueIn8, ValueIn9, ValueIn10, ValueIn11
1058861, -0.1, 0.0997103, -0.0588606, -0.143325, -0.000417441, 0, 0, 0, -0.0997913, 4.94427e-06, -0.000211991, 0
1058871, -0.1, 0.0993932, -0.071177, -0.156006, -0.000906259, 0, 0, 0, -0.0995469, 4.94427e-06, -0.000402212, 0
1058882, -0.1, 0.10003, -0.0588779, -0.143184, -0.000302583, 0, 0, 0, -0.0998487, 4.94427e-06, 0.000473723, 0
1058891, -0.1, 0.0997103, -0.0634548, -0.147879, -0.000471354, 0, 0, 0, -0.0997643, 4.94427e-06, -0.000141427, 0
1058900, -0.1, 0.10003, -0.0566455, -0.140784, -0.000139788, 0, 0, 0, -0.0999301, 4.94427e-06, 0.000260614, 0
1058911, -0.1, 0.0997103, -0.0632771, -0.147622, -0.000410408, 0, 0, 0, -0.0997948, 4.94427e-06, -0.0002212, 0
1058921, -0.1, 0.0997103, -0.0664927, -0.150897, -0.000511706, 0, 0, 0, -0.0997441, 4.94427e-06, -8.85949e-05, 0
1058931, -0.1, 0.10003, -0.0591742, -0.14327, -0.000154898, 0, 0, 0, -0.0999226, 4.94427e-06, 0.000280388, 0
1058940, -0.1, 0.101002, -0.0281885, -0.111222, 0.00118011, 0, 0, 0, -0.10059, 4.94427e-06, 0.00107754, 0
1058951, -0.1, 0.101002, -0.0140547, -0.0967527, 0.00167984, 0, 0, 0, -0.10084, 4.94427e-06, 0.000423387, 0
1058961, -0.1, 0.10003, -0.0343999, -0.117985, 0.000665456, 0, 0, 0, -0.100333, 4.94427e-06, -0.000793464, 0
1058971, -0.1, 0.101002, -0.0137695, -0.0967388, 0.0014872, 0, 0, 0, -0.100744, 4.94427e-06, 0.000675566, 0
1058980, -0.1, 0.10133, 0.00601536, -0.0764652, 0.00220111, 0, 0, 0, -0.101101, 4.94427e-06, 0.000601634, 0
1058991, -0.1, 0.0997103, -0.0301652, -0.114129, 0.000465855, 0, 0, 0, -0.100233, 4.94427e-06, -0.00136824, 0
1059001, -0.1, 0.0997103, -0.0444419, -0.128943, -0.000183702, 0, 0, 0, -0.0999082, 4.94427e-06, -0.000517964, 0
1059011, -0.1, 0.10003, -0.0412636, -0.125636, -3.2112e-05, 0, 0, 0, -0.0999839, 4.94427e-06, 0.000119664, 0
1059020, -0.1, 0.0997103, -0.0492544, -0.133892, -0.0003701, 0, 0, 0, -0.099815, 4.94427e-06, -0.000273958, 0
1059031, -0.1, 0.0997103, -0.0529786, -0.137697, -0.000496611, 0, 0, 0, -0.0997517, 4.94427e-06, -0.000108346, 0
1059041, -0.1, 0.10003, -0.0458503, -0.130269, -0.000149235, 0, 0, 0, -0.0999254, 4.94427e-06, 0.000272989, 0
1059051, -0.1, 0.0997103, -0.0523626, -0.136983, -0.000413939, 0, 0, 0, -0.099793, 4.94427e-06, -0.000216566, 0
1059061, -0.1, 0.10003, -0.0462778, -0.130644, -0.000118285, 0, 0, 0, -0.0999409, 4.94427e-06, 0.00023248, 0
1059070, -0.1, 0.10003, -0.0439254, -0.128198, -7.62939e-06, 0, 0, 0, -0.0999962, 4.94427e-06, 8.76114e-05, 0
1059081, -0.1, 0.0997103, -0.0522252, -0.136777, -0.000360936, 0, 0, 0, -0.0998195, 4.94427e-06, -0.000285953, 0
1059091, -0.1, 0.0993932, -0.065255, -0.150202, -0.000885114, 0, 0, 0, -0.0995574, 4.94427e-06, -0.000429899, 0
1059101, -0.1, 0.10003, -0.0532229, -0.137659, -0.00029467, 0, 0, 0, -0.0998527, 4.94427e-06, 0.000463359, 0
1059110, -0.1, 0.101002, -0.0204728, -0.103769, 0.00112779, 0, 0, 0, -0.100564, 4.94427e-06, 0.00114603, 0
1059121, -0.1, 0.101002, -0.00567853, -0.0886112, 0.00166026, 0, 0, 0, -0.10083, 4.94427e-06, 0.000449024, 0
1059131, -0.1, 0.0997103, -0.0350321, -0.119153, 0.000263393, 0, 0, 0, -0.100132, 4.94427e-06, -0.00110322, 0
1059141, -0.1, 0.0997103, -0.0467531, -0.131301, -0.000259489, 0, 0, 0, -0.0998703, 4.94427e-06, -0.000418752, 0
1059150, -0.1, 0.0997103, -0.0518738, -0.136563, -0.000455216, 0, 0, 0, -0.0997724, 4.94427e-06, -0.000162542, 0
1059161, -0.1, 0.0997103, -0.0545239, -0.139248, -0.000528485, 0, 0, 0, -0.0997358, 4.94427e-06, -6.6638e-05, 0
1059171, -0.1, 0.10003, -0.0469934, -0.1314, -0.000161171, 0, 0, 0, -0.0999194, 4.94427e-06, 0.000288613, 0
1059181, -0.1, 0.10003, -0.0440995, -0.12839, -2.36779e-05, 0, 0, 0, -0.0999882, 4.94427e-06, 0.000108629, 0
1059190, -0.1, 0.0997103, -0.0521967, -0.136757, -0.000366941, 0, 0, 0, -0.0998165, 4.94427e-06, -0.000278093, 0
1059201, -0.1, 0.10003, -0.0467054, -0.131037, -0.000100702, 0, 0, 0, -0.0999497, 4.94427e-06, 0.000209458, 0
1059211, -0.1, 0.0997103, -0.0538303, -0.13839, -0.000395775, 0, 0, 0, -0.0998021, 4.94427e-06, -0.000240348, 0
1059221, -0.1, 0.101002, -0.0198041, -0.103169, 0.00108995, 0, 0, 0, -0.100545, 4.94427e-06, 0.00119557, 0
1059231, -0.1, 0.10133, 0.00499521, -0.0776641, 0.00205241, 0, 0, 0, -0.101026, 4.94427e-06, 0.000796288, 0
1059240, -0.1, 0.0997103, -0.0293085, -0.11337, 0.000410184, 0, 0, 0, -0.100205, 4.94427e-06, -0.00129537, 0
1059251, -0.1, 0.0997103, -0.0428823, -0.127451, -0.000204533, 0, 0, 0, -0.0998977, 4.94427e-06, -0.00049068, 0
1059261, -0.1, 0.10003, -0.039441, -0.123869, -3.99053e-05, 0, 0, 0, -0.09998, 4.94427e-06, 0.000129871, 0
1059271, -0.1, 0.0997103, -0.0473334, -0.132023, -0.000373021, 0, 0, 0, -0.0998135, 4.94427e-06, -0.000270143, 0
1059280, -0.1, 0.10003, -0.0417655, -0.126222, -0.000102982, 0, 0, 0, -0.0999485, 4.94427e-06, 0.000212431, 0
1059291, -0.1, 0.0997103, -0.0488616, -0.133545, -0.000396624, 0, 0, 0, -0.0998017, 4.94427e-06, -0.000239231, 0
1059301, -0.1, 0.0997103, -0.0522512, -0.137002, -0.00050655, 0, 0, 0, -0.0997467, 4.94427e-06, -9.53451e-05, 0
1059311, -0.1, 0.0997103, -0.0542531, -0.13901, -0.000547692, 0, 0, 0, -0.0997262, 4.94427e-06, -4.14848e-05, 0
1059320, -0.1, 0.0997103, -0.0557358, -0.140478, -0.0005631, 0, 0, 0, -0.0997185, 4.94427e-06, -2.13236e-05, 0
1059331, -0.1, 0.0997103, -0.0570241, -0.141742, -0.000568867, 0, 0, 0, -0.0997156, 4.94427e-06, -1.37761e-05, 0
1059341, -0.1, 0.10003, -0.0489837, -0.133362, -0.000176281, 0, 0, 0, -0.0999119, 4.94427e-06, 0.000308394, 0
1059351, -0.1, 0.0997103, -0.0551548, -0.13972, -0.000424072, 0, 0, 0, -0.099788, 4.94427e-06, -0.000203319, 0
1059361, -0.1, 0.10003, -0.0489422, -0.133247, -0.000122085, 0, 0, 0, -0.099939, 4.94427e-06, 0.00023745, 0
1059371, -0.1, 0.10003, -0.0465417, -0.130751, -9.045e-06, 0, 0, 0, -0.0999955, 4.94427e-06, 8.9474e-05, 0
1059381, -0.1, 0.0997103, -0.0548238, -0.139311, -0.000361472, 0, 0, 0, -0.0998193, 4.94427e-06, -0.00028526, 0
1059391, -0.1, 0.10003, -0.0494016, -0.133663, -9.86606e-05, 0, 0, 0, -0.0999507, 4.94427e-06, 0.000206776, 0
1059401, -0.1, 0.10133, -0.00959878, -0.0925066, 0.00160748, 0, 0, 0, -0.100804, 4.94427e-06, 0.00137871, 0
1059410, -0.1, 0.101002, -0.000859484, -0.0836653, 0.00183982, 0, 0, 0, -0.10092, 4.94427e-06, 0.000213981, 0
1059421, -0.1, 0.10133, 0.0144742, -0.0680352, 0.0023331, 0, 0, 0, -0.101167, 4.94427e-06, 0.000428848, 0
1059431, -0.1, 0.0997103, -0.0233725, -0.107437, 0.000515267, 0, 0, 0, -0.100258, 4.94427e-06, -0.00143292, 0
1059441, -0.1, 0.0997103, -0.0382729, -0.122902, -0.000165209, 0, 0, 0, -0.0999174, 4.94427e-06, -0.000542171, 0
1059450, -0.1, 0.0993932, -0.0537733, -0.138905, -0.000811845, 0, 0, 0, -0.0995941, 4.94427e-06, -0.00052581, 0
1059461, -0.1, 0.0997103, -0.0519214, -0.136893, -0.000661969, 0, 0, 0, -0.099669, 4.94427e-06, 0.000108108, 0
1059471, -0.1, 0.10003, -0.0427059, -0.127288, -0.000211135, 0, 0, 0, -0.0998944, 4.94427e-06, 0.000354022, 0
1059481, -0.1, 0.10003, -0.0391813, -0.123619, -4.23789e-05, 0, 0, 0, -0.0999788, 4.94427e-06, 0.000133112, 0
1059490, -0.1, 0.101002, -0.00961579, -0.0930518, 0.00122224, 0, 0, 0, -0.100611, 4.94427e-06, 0.00102241, 0
1059501, -0.1, 0.101002, 0.00398652, -0.0791374, 0.00169562, 0, 0, 0, -0.100848, 4.94427e-06, 0.000402741, 0
1059511, -0.1, 0.0997103, -0.0258132, -0.110145, 0.00027664, 0, 0, 0, -0.100138, 4.94427e-06, -0.00112054, 0
1059521, -0.1, 0.0997103, -0.0377013, -0.122467, -0.000254527, 0, 0, 0, -0.0998727, 4.94427e-06, -0.000425249, 0
1059531, -0.1, 0.0978413, -0.0970546, -0.183791, -0.00276361, 0, 0, 0, -0.0986182, 4.94427e-06, -0.00203402, 0
1059540, -0.1, 0.0997103, -0.0705658, -0.156078, -0.00139257, 0, 0, 0, -0.0993037, 4.94427e-06, 0.00106448, 0
1059551, -0.1, 0.0997103, -0.0613837, -0.146419, -0.000879362, 0, 0, 0, -0.0995603, 4.94427e-06, 0.000392668, 0
1059561, -0.1, 0.10003, -0.049424, -0.133951, -0.00029251, 0, 0, 0, -0.0998537, 4.94427e-06, 0.000460543, 0
1059571, -0.1, 0.101002, -0.0167013, -0.10009, 0.0011286, 0, 0, 0, -0.100564, 4.94427e-06, 0.00114497, 0
1059580, -0.1, 0.101002, -0.00191724, -0.0849428, 0.00166056, 0, 0, 0, -0.10083, 4.94427e-06, 0.000448629, 0
1059591, -0.1, 0.10003, -0.0220189, -0.105921, 0.000658244, 0, 0, 0, -0.100329, 4.94427e-06, -0.000784017, 0
1059601, -0.1, 0.0997103, -0.038724, -0.123268, -0.000111684, 0, 0, 0, -0.0999442, 4.94427e-06, -0.000612237, 0
1059611, -0.1, 0.10003, -0.0364549, -0.120909, -5.1558e-06, 0, 0, 0, -0.0999974, 4.94427e-06, 8.43778e-05, 0
1059620, -0.1, 0.0997103, -0.044786, -0.129521, -0.000360012, 0, 0, 0, -0.09982, 4.94427e-06, -0.000287168, 0
1059631, -0.1, 0.0997103, -0.0486377, -0.133459, -0.000492841, 0, 0, 0, -0.0997536, 4.94427e-06, -0.000113286, 0
1059641, -0.1, 0.10003, -0.0415572, -0.126081, -0.000147834, 0, 0, 0, -0.0999261, 4.94427e-06, 0.000271149, 0
1059651, -0.1, 0.0997103, -0.0480872, -0.132813, -0.000413418, 0, 0, 0, -0.0997933, 4.94427e-06, -0.000217251, 0
1059660, -0.1, 0.0997103, -0.0512649, -0.136049, -0.000512838, 0, 0, 0, -0.0997436, 4.94427e-06, -8.71196e-05, 0
1059671, -0.1, 0.0990784, -0.0715014, -0.156906, -0.00133111, 0, 0, 0, -0.0993344, 4.94427e-06, -0.000670284, 0
1059681, -0.1, 0.0997103, -0.0630949, -0.148056, -0.00085634, 0, 0, 0, -0.0995718, 4.94427e-06, 0.000362545, 0
1059691, -0.1, 0.10003, -0.0514259, -0.135891, -0.000283897, 0, 0, 0, -0.0998581, 4.94427e-06, 0.000449263, 0
1059701, -0.1, 0.10003, -0.0469829, -0.131265, -6.96182e-05, 0, 0, 0, -0.0999652, 4.94427e-06, 0.000168763, 0
1059710, -0.1, 0.0997103, -0.0545002, -0.139027, -0.000384137, 0, 0, 0, -0.0998079, 4.94427e-06, -0.000255577, 0
1059721, -0.1, 0.0997103, -0.0580474, -0.142648, -0.000501871, 0, 0, 0, -0.0997491, 4.94427e-06, -0.000101469, 0
1059731, -0.1, 0.0997103, -0.0601085, -0.144718, -0.000545949, 0, 0, 0, -0.099727, 4.94427e-06, -4.37796e-05, 0
1059741, -0.1, 0.0997103, -0.0616132, -0.146208, -0.000562444, 0, 0, 0, -0.0997188, 4.94427e-06, -2.21804e-05, 0
1059750, -0.1, 0.10003, -0.053654, -0.137913, -0.000173882, 0, 0, 0, -0.0999131, 4.94427e-06, 0.00030525, 0
1059761, -0.1, 0.0997103, -0.0598554, -0.144303, -0.000423178, 0, 0, 0, -0.0997884, 4.94427e-06, -0.000204489, 0
1059771, -0.1, 0.10003, -0.0536544, -0.137842, -0.000121757, 0, 0, 0, -0.0999391, 4.94427e-06, 0.00023701, 0
1059781, -0.1, 0.0997103, -0.0605136, -0.144918, -0.000403658, 0, 0, 0, -0.0997982, 4.94427e-06, -0.000230029, 0
1059790, -0.1, 0.0997103, -0.0638142, -0.148281, -0.000509173, 0, 0, 0, -0.0997454, 4.94427e-06, -9.19029e-05, 0
1059801, -0.1, 0.10003, -0.0565275, -0.140688, -0.000153944, 0, 0, 0, -0.099923, 4.94427e-06, 0.000279151, 0
1059811, -0.1, 0.0997103, -0.0629802, -0.14734, -0.000415698, 0, 0, 0, -0.0997922, 4.94427e-06, -0.000214264, 0
1059821, -0.1, 0.0997103, -0.066129, -0.150545, -0.000513688, 0, 0, 0, -0.0997432, 4.94427e-06, -8.60021e-05, 0
1059830, -0.1, 0.10003, -0.0587856, -0.142892, -0.000155643, 0, 0, 0, -0.0999222, 4.94427e-06, 0.000281364, 0
1059841, -0.1, 0.0997103, -0.065217, -0.149522, -0.000416338, 0, 0, 0, -0.0997918, 4.94427e-06, -0.000213429, 0
1059851, -0.1, 0.0997103, -0.0683577, -0.152719, -0.000513926, 0, 0, 0, -0.099743, 4.94427e-06, -8.56891e-05, 0
1059861, -0.1, 0.10003, -0.0610109, -0.145063, -0.000155717, 0, 0, 0, -0.0999221, 4.94427e-06, 0.000281475, 0
1059871, -0.1, 0.0997103, -0.0674414, -0.151691, -0.000416368, 0, 0, 0, -0.0997918, 4.94427e-06, -0.000213392, 0
1059880, -0.1, 0.10003, -0.0613262, -0.14532, -0.000119209, 0, 0, 0, -0.0999404, 4.94427e-06, 0.000233673, 0
1059891, -0.1, 0.0993932, -0.0774071, -0.161929, -0.000794619, 0, 0, 0, -0.0996027, 4.94427e-06, -0.000548348, 0
1059901, -0.1, 0.0997103, -0.0757729, -0.160144, -0.000655532, 0, 0, 0, -0.0996722, 4.94427e-06, 9.96664e-05, 0
1059911, -0.1, 0.10003, -0.0666389, -0.150624, -0.000208735, 0, 0, 0, -0.0998956, 4.94427e-06, 0.000350863, 0
1059920, -0.1, 0.0997103, -0.0724002, -0.156554, -0.000436217, 0, 0, 0, -0.0997819, 4.94427e-06, -0.000187412, 0
1059931, -0.1, 0.0997103, -0.0752902, -0.159489, -0.000521377, 0, 0, 0, -0.0997393, 4.94427e-06, -7.59438e-05, 0
1059941, -0.1, 0.10003, -0.0678492, -0.151735, -0.000158504, 0, 0, 0, -0.0999207, 4.94427e-06, 0.000285126, 0
1059951, -0.1, 0.0997103, -0.0742446, -0.158327, -0.000417411, 0, 0, 0, -0.0997913, 4.94427e-06, -0.000212029, 0
1059960, -0.1, 0.10003, -0.0681162, -0.151942, -0.000119597, 0, 0, 0, -0.0999402, 4.94427e-06, 0.000234187, 0
1059971, -0.1, 0.10003, -0.0657469, -0.149479, -8.10623e-06, 0, 0, 0, -0.0999959, 4.94427e-06, 8.82521e-05, 0
1059981, -0.1, 0.0997103, -0.0740407, -0.158051, -0.000361115, 0, 0, 0, -0.0998194, 4.94427e-06, -0.000285722, 0
1059991, -0.1, 0.10003, -0.0686231, -0.152408, -9.85265e-05, 0, 0, 0, -0.0999507, 4.94427e-06, 0.000206597, 0
1060001, -0.1, 0.0997103, -0.0757757, -0.15979, -0.00039497, 0, 0, 0, -0.0998025, 4.94427e-06, -0.000241414, 0
1060011, -0.1, 0.101002, -0.0417598, -0.12458, 0.00109024, 0, 0, 0, -0.100545, 4.94427e-06, 0.00119518, 0
1060021, -0.1, 0.101002, -0.0264914, -0.108927, 0.00164621, 0, 0, 0, -0.100823, 4.94427e-06, 0.00046742, 0
1060031, -0.1, 0.101002, -0.0182409, -0.100596, 0.00185432, 0, 0, 0, -0.100927, 4.94427e-06, 0.000195004, 0
1060041, -0.1, 0.101002, -0.0126173, -0.0950047, 0.00193222, 0, 0, 0, -0.100966, 4.94427e-06, 9.30279e-05, 0
1060050, -0.1, 0.10133, 0.00155026, -0.080591, 0.00236771, 0, 0, 0, -0.101184, 4.94427e-06, 0.000383571, 0
1060061, -0.1, 0.0997103, -0.0367332, -0.120449, 0.000528216, 0, 0, 0, -0.100264, 4.94427e-06, -0.00144987, 0
1060071, -0.1, 0.10003, -0.0425414, -0.126516, 0.00023438, 0, 0, 0, -0.100117, 4.94427e-06, -0.000229172, 0
1060081, -0.1, 0.0997103, -0.0538962, -0.138282, -0.000270352, 0, 0, 0, -0.0998648, 4.94427e-06, -0.000404537, 0
1060090, -0.1, 0.0997103, -0.0588798, -0.143401, -0.000459284, 0, 0, 0, -0.0997704, 4.94427e-06, -0.000157222, 0
1060101, -0.1, 0.10003, -0.052223, -0.136465, -0.000135273, 0, 0, 0, -0.0999324, 4.94427e-06, 0.000254706, 0
1060111, -0.1, 0.0993932, -0.0681009, -0.152862, -0.000800624, 0, 0, 0, -0.0995997, 4.94427e-06, -0.00054048, 0
1060121, -0.1, 0.0997103, -0.0663906, -0.150998, -0.000657767, 0, 0, 0, -0.0996711, 4.94427e-06, 0.000102609, 0
1060130, -0.1, 0.10003, -0.0572283, -0.141448, -0.00020957, 0, 0, 0, -0.0998952, 4.94427e-06, 0.000351958, 0
1060141, -0.1, 0.0997103, -0.0629791, -0.147367, -0.00043653, 0, 0, 0, -0.0997817, 4.94427e-06, -0.000187002, 0
1060151, -0.1, 0.10003, -0.0566093, -0.140731, -0.000126749, 0, 0, 0, -0.0999366, 4.94427e-06, 0.000243552, 0
1060161, -0.1, 0.0997103, -0.0634053, -0.147741, -0.00040552, 0, 0, 0, -0.0997972, 4.94427e-06, -0.000227585, 0
1060171, -0.1, 0.0997103, -0.0666825, -0.15108, -0.000509873, 0, 0, 0, -0.0997451, 4.94427e-06, -9.09865e-05, 0
1060180, -0.1, 0.0993932, -0.0778321, -0.162544, -0.000940859, 0, 0, 0, -0.0995296, 4.94427e-06, -0.00035692, 0
1060191, -0.1, 0.10003, -0.0650962, -0.149266, -0.000315532, 0, 0, 0, -0.0998422, 4.94427e-06, 0.000490673, 0
1060201, -0.1, 0.0997103, -0.0695095, -0.15379, -0.000476196, 0, 0, 0, -0.0997619, 4.94427e-06, -0.000135086, 0
1060211, -0.1, 0.10003, -0.0626392, -0.146631, -0.000141606, 0, 0, 0, -0.0999292, 4.94427e-06, 0.000262991, 0
1060220, -0.1, 0.0997103, -0.069248, -0.153446, -0.000411093, 0, 0, 0, -0.0997945, 4.94427e-06, -0.000220306, 0
1060231, -0.1, 0.101002, -0.0350285, -0.118024, 0.00108421, 0, 0, 0, -0.100542, 4.94427e-06, 0.00120308, 0
1060241, -0.1, 0.101002, -0.0196841, -0.102292, 0.00164394, 0, 0, 0, -0.100822, 4.94427e-06, 0.000470378, 0
1060251, -0.1, 0.0997103, -0.0488314, -0.132619, 0.000257298, 0, 0, 0, -0.100129, 4.94427e-06, -0.00109523, 0
1060260, -0.1, 0.10003, -0.0512199, -0.135118, 0.000132963, 0, 0, 0, -0.100066, 4.94427e-06, -9.64254e-05, 0
1060271, -0.1, 0.10003, -0.0520388, -0.135981, 8.64267e-05, 0, 0, 0, -0.100043, 4.94427e-06, -3.5502e-05, 0
1060281, -0.1, 0.0997103, -0.0615258, -0.145798, -0.000325724, 0, 0, 0, -0.0998371, 4.94427e-06, -0.000332043, 0
1060291, -0.1, 0.10003, -0.0565549, -0.140621, -8.52793e-05, 0, 0, 0, -0.0999574, 4.94427e-06, 0.00018926, 0
1060300, -0.1, 0.0997103, -0.0638747, -0.148177, -0.000390008, 0, 0, 0, -0.099805, 4.94427e-06, -0.000247903, 0
1060311, -0.1, 0.0997103, -0.0673479, -0.151721, -0.000504076, 0, 0, 0, -0.099748, 4.94427e-06, -9.85861e-05, 0
1060321, -0.1, 0.0984555, -0.10575, -0.191357, -0.00209783, 0, 0, 0, -0.0989511, 4.94427e-06, -0.00129753, 0
1060331, -0.1, 0.0997103, -0.0876651, -0.172411, -0.00114335, 0, 0, 0, -0.0994283, 4.94427e-06, 0.000738241, 0
1060341, -0.1, 0.0997103, -0.0816288, -0.166034, -0.000786066, 0, 0, 0, -0.099607, 4.94427e-06, 0.000270545, 0
1060350, -0.1, 0.10003, -0.070847, -0.154795, -0.000257596, 0, 0, 0, -0.0998712, 4.94427e-06, 0.000414826, 0
1060361, -0.1, 0.0997103, -0.0759914, -0.160082, -0.0004545, 0, 0, 0, -0.0997728, 4.94427e-06, -0.000163473, 0
1060371, -0.1, 0.10003, -0.069395, -0.153208, -0.000133485, 0, 0, 0, -0.0999333, 4.94427e-06, 0.000252359, 0
1060381, -0.1, 0.0997103, -0.0761063, -0.16013, -0.000408053, 0, 0, 0, -0.099796, 4.94427e-06, -0.000224285, 0
1060390, -0.1, 0.0997103, -0.0793516, -0.163436, -0.000510827, 0, 0, 0, -0.0997446, 4.94427e-06, -8.97497e-05, 0
1060401, -0.1, 0.0993932, -0.0904892, -0.174888, -0.000941217, 0, 0, 0, -0.0995294, 4.94427e-06, -0.000356458, 0
1060411, -0.1, 0.10003, -0.0777488, -0.161605, -0.000315666, 0, 0, 0, -0.0998422, 4.94427e-06, 0.000490852, 0
1060421, -0.1, 0.0997103, -0.0821602, -0.166127, -0.000476241, 0, 0, 0, -0.0997619, 4.94427e-06, -0.000135019, 0
1060430, -0.1, 0.10003, -0.0752893, -0.158968, -0.000141621, 0, 0, 0, -0.0999292, 4.94427e-06, 0.000263013, 0
1060441, -0.1, 0.0997103, -0.0818978, -0.165782, -0.000411093, 0, 0, 0, -0.0997945, 4.94427e-06, -0.000220299, 0
1060451, -0.1, 0.0997103, -0.0851047, -0.169048, -0.000511959, 0, 0, 0, -0.099744, 4.94427e-06, -8.82596e-05, 0
1060461, -0.1, 0.10003, -0.0777828, -0.161418, -0.000154987, 0, 0, 0, -0.0999225, 4.94427e-06, 0.000280514, 0
1060470, -0.1, 0.0997103, -0.0842226, -0.168056, -0.0004161, 0, 0, 0, -0.099792, 4.94427e-06, -0.00021375, 0
1060481, -0.1, 0.10003, -0.0781108, -0.161688, -0.000119105, 0, 0, 0, -0.0999404, 4.94427e-06, 0.000233546, 0
1060491, -0.1, 0.10003, -0.0757479, -0.159231, -7.92742e-06, 0, 0, 0, -0.099996, 4.94427e-06, 8.80137e-05, 0
1060501, -0.1, 0.101002, -0.0466174, -0.129118, 0.00123513, 0, 0, 0, -0.100618, 4.94427e-06, 0.00100552, 0
1060511, -0.1, 0.10133, -0.0236507, -0.105525, 0.00210676, 0, 0, 0, -0.101053, 4.94427e-06, 0.00072515, 0
1060520, -0.1, 0.0997103, -0.0586402, -0.141946, 0.000430539, 0, 0, 0, -0.100215, 4.94427e-06, -0.001322, 0
1060531, -0.1, 0.0997103, -0.072471, -0.156295, -0.000196919, 0, 0, 0, -0.0999015, 4.94427e-06, -0.000500657, 0
1060541, -0.1, 0.0993932, -0.0875709, -0.17188, -0.000823706, 0, 0, 0, -0.0995881, 4.94427e-06, -0.000510268, 0
1060551, -0.1, 0.0997103, -0.0855693, -0.169713, -0.00066641, 0, 0, 0, -0.0996668, 4.94427e-06, 0.000113919, 0
1060560, -0.1, 0.0997103, -0.0855534, -0.169616, -0.000607535, 0, 0, 0, -0.0996962, 4.94427e-06, 3.68506e-05, 0
1060571, -0.1, 0.10003, -0.0770251, -0.160728, -0.000190765, 0, 0, 0, -0.0999046, 4.94427e-06, 0.000327349, 0
1060581, -0.1, 0.101002, -0.0455867, -0.128207, 0.00116669, 0, 0, 0, -0.100583, 4.94427e-06, 0.00109512, 0
1060591, -0.1, 0.10133, -0.021756, -0.103712, 0.00208114, 0, 0, 0, -0.101041, 4.94427e-06, 0.000758685, 0
1060600, -0.1, 0.0997103, -0.0564223, -0.139797, 0.000420943, 0, 0, 0, -0.10021, 4.94427e-06, -0.00130945, 0
1060611, -0.1, 0.0997103, -0.070132, -0.154019, -0.00020051, 0, 0, 0, -0.0998997, 4.94427e-06, -0.000495955, 0
1060621, -0.1, 0.10003, -0.0667415, -0.15049, -3.84003e-05, 0, 0, 0, -0.0999808, 4.94427e-06, 0.000127904, 0
1060631, -0.1, 0.0997103, -0.0746529, -0.158664, -0.000372455, 0, 0, 0, -0.0998138, 4.94427e-06, -0.000270881, 0
1060641, -0.1, 0.0997103, -0.0783477, -0.162438, -0.000497505, 0, 0, 0, -0.0997512, 4.94427e-06, -0.000107192, 0
1060651, -0.1, 0.10003, -0.0712083, -0.154999, -0.000149578, 0, 0, 0, -0.0999252, 4.94427e-06, 0.000273429, 0
1060661, -0.1, 0.101002, -0.0402897, -0.12302, 0.00118211, 0, 0, 0, -0.100591, 4.94427e-06, 0.00107493, 0
1060671, -0.1, 0.101002, -0.0261811, -0.108577, 0.00168058, 0, 0, 0, -0.10084, 4.94427e-06, 0.000422411, 0
1060681, -0.1, 0.0997103, -0.0557911, -0.139387, 0.000271007, 0, 0, 0, -0.100136, 4.94427e-06, -0.00111318, 0
1060690, -0.1, 0.0997103, -0.0676084, -0.151635, -0.000256643, 0, 0, 0, -0.0998717, 4.94427e-06, -0.000422485, 0
1060701, -0.1, 0.10003, -0.0635092, -0.147367, -5.94109e-05, 0, 0, 0, -0.0999703, 4.94427e-06, 0.000155412, 0
1060711, -0.1, 0.10003, -0.0619, -0.145696, 1.44094e-05, 0, 0, 0, -0.100007, 4.94427e-06, 5.87627e-05, 0
1060721, -0.1, 0.0997103, -0.0704779, -0.154565, -0.000352681, 0, 0, 0, -0.0998237, 4.94427e-06, -0.000296757, 0
1060730, -0.1, 0.10003, -0.0651666, -0.149032, -9.53674e-05, 0, 0, 0, -0.0999523, 4.94427e-06, 0.00020247, 0
1060741, -0.1, 0.0997103, -0.0723589, -0.156456, -0.000393778, 0, 0, 0, -0.0998031, 4.94427e-06, -0.000242963, 0
1060751, -0.1, 0.0997103, -0.0757843, -0.15995, -0.000505477, 0, 0, 0, -0.0997473, 4.94427e-06, -9.67458e-05, 0
1060761, -0.1, 0.100675, -0.0498316, -0.133061, 0.000645503, 0, 0, 0, -0.100323, 4.94427e-06, 0.000922985, 0
1060770, -0.1, 0.0997103, -0.0663759, -0.150241, -0.000116453, 0, 0, 0, -0.0999418, 4.94427e-06, -0.000605993, 0
1060781, -0.1, 0.10003, -0.0640466, -0.147819, -6.94394e-06, 0, 0, 0, -0.0999965, 4.94427e-06, 8.67173e-05, 0
1060791, -0.1, 0.10003, -0.0630997, -0.146839, 3.40492e-05, 0, 0, 0, -0.100017, 4.94427e-06, 3.30582e-05, 0
1060801, -0.1, 0.101002, -0.0344993, -0.117279, 0.00125083, 0, 0, 0, -0.100625, 4.94427e-06, 0.000984959, 0
1060811, -0.1, 0.101002, -0.021258, -0.103741, 0.00170632, 0, 0, 0, -0.100853, 4.94427e-06, 0.000388734, 0
1060820, -0.1, 0.101002, -0.0137663, -0.0962012, 0.00187682, 0, 0, 0, -0.100938, 4.94427e-06, 0.000165544, 0
1060831, -0.1, 0.0997103, -0.0458535, -0.129595, 0.000344455, 0, 0, 0, -0.100172, 4.94427e-06, -0.00120933, 0
1060841, -0.1, 0.100351, -0.0400194, -0.123605, 0.000563189, 0, 0, 0, -0.100282, 4.94427e-06, 0.000182524, 0
1060851, -0.1, 0.0997103, -0.0555248, -0.139701, -0.000147268, 0, 0, 0, -0.0999264, 4.94427e-06, -0.000565656, 0
1060860, -0.1, 0.0997103, -0.062062, -0.146441, -0.000413209, 0, 0, 0, -0.0997934, 4.94427e-06, -0.000217535, 0
1060871, -0.1, 0.10003, -0.0559865, -0.140111, -0.000118017, 0, 0, 0, -0.099941, 4.94427e-06, 0.000232123, 0
1060881, -0.1, 0.101002, -0.0254666, -0.108548, 0.00119391, 0, 0, 0, -0.100597, 4.94427e-06, 0.00105947, 0
1060891, -0.1, 0.101002, -0.0115069, -0.0942609, 0.00168501, 0, 0, 0, -0.100843, 4.94427e-06, 0.000416622, 0
1060900, -0.1, 0.0997103, -0.0411728, -0.125129, 0.000272661, 0, 0, 0, -0.100136, 4.94427e-06, -0.00111534, 0
1060911, -0.1, 0.0997103, -0.0530107, -0.137399, -0.000256017, 0, 0, 0, -0.099872, 4.94427e-06, -0.000423297, 0
1060921, -0.1, 0.10003, -0.0489194, -0.133139, -5.91725e-05, 0, 0, 0, -0.0999704, 4.94427e-06, 0.000155099, 0
1060931, -0.1, 0.0997103, -0.0565687, -0.141039, -0.000380233, 0, 0, 0, -0.0998099, 4.94427e-06, -0.000260696, 0
1060940, -0.1, 0.0997103, -0.0601651, -0.144711, -0.000500411, 0, 0, 0, -0.0997498, 4.94427e-06, -0.000103377, 0
1060951, -0.1, 0.10003, -0.0529891, -0.137233, -0.000150666, 0, 0, 0, -0.0999247, 4.94427e-06, 0.000274852, 0
1060961, -0.1, 0.0997103, -0.0594833, -0.143928, -0.000414476, 0, 0, 0, -0.0997928, 4.94427e-06, -0.000215866, 0
1060971, -0.1, 0.0997103, -0.0626475, -0.147149, -0.000513226, 0, 0, 0, -0.0997434, 4.94427e-06, -8.65981e-05, 0
1060981, -0.1, 0.0993932, -0.0737547, -0.158569, -0.000942111, 0, 0, 0, -0.0995289, 4.94427e-06, -0.000355281, 0
1060990, -0.1, 0.0997103, -0.0702587, -0.154843, -0.000710741, 0, 0, 0, -0.0996446, 4.94427e-06, 0.000171944, 0
1061001, -0.1, 0.10003, -0.0604275, -0.144595, -0.000229388, 0, 0, 0, -0.0998853, 4.94427e-06, 0.000377916, 0
1061011, -0.1, 0.10003, -0.0566726, -0.140686, -4.92185e-05, 0, 0, 0, -0.0999754, 4.94427e-06, 0.000142053, 0
1061021, -0.1, 0.0997103, -0.0644475, -0.148717, -0.000376508, 0, 0, 0, -0.0998117, 4.94427e-06, -0.000265576, 0
1061030, -0.1, 0.10003, -0.0588353, -0.14287, -0.000104278, 0, 0, 0, -0.0999479, 4.94427e-06, 0.000214145, 0
1061041, -0.1, 0.0997103, -0.0659152, -0.150176, -0.000397116, 0, 0, 0, -0.0998014, 4.94427e-06, -0.000238597, 0
1061051, -0.1, 0.10003, -0.060043, -0.144059, -0.000111997, 0, 0, 0, -0.099944, 4.94427e-06, 0.00022424, 0
1061061, -0.1, 0.100351, -0.0484473, -0.132059, 0.000392318, 0, 0, 0, -0.100196, 4.94427e-06, 0.000406191, 0
1061070, -0.1, 0.0997103, -0.0617956, -0.145904, -0.000211224, 0, 0, 0, -0.0998944, 4.94427e-06, -0.000481926, 0
1061081, -0.1, 0.10003, -0.0582698, -0.142234, -4.24087e-05, 0, 0, 0, -0.0999788, 4.94427e-06, 0.000133149, 0
1061091, -0.1, 0.10003, -0.0568752, -0.140787, 2.07722e-05, 0, 0, 0, -0.10001, 4.94427e-06, 5.0433e-05, 0
1061101, -0.1, 0.0997103, -0.0655337, -0.14974, -0.000350311, 0, 0, 0, -0.0998248, 4.94427e-06, -0.000299871, 0
1061110, -0.1, 0.10003, -0.0602522, -0.144239, -9.44734e-05, 0, 0, 0, -0.0999528, 4.94427e-06, 0.000201307, 0
1061121, -0.1, 0.101002, -0.0300293, -0.112986, 0.00120273, 0, 0, 0, -0.100601, 4.94427e-06, 0.00104793, 0
1061131, -0.1, 0.0997103, -0.0536074, -0.137503, 9.21339e-05, 0, 0, 0, -0.100046, 4.94427e-06, -0.000879034, 0
1061141, -0.1, 0.10003, -0.0539111, -0.137828, 7.11381e-05, 0, 0, 0, -0.100036, 4.94427e-06, -1.54898e-05, 0
1061151, -0.1, 0.0997103, -0.0632051, -0.147444, -0.000331447, 0, 0, 0, -0.0998343, 4.94427e-06, -0.000324555, 0
1061160, -0.1, 0.0997103, -0.0674172, -0.151758, -0.000482142, 0, 0, 0, -0.0997589, 4.94427e-06, -0.000127286, 0
1061171, -0.1, 0.10133, -0.0227736, -0.105551, 0.00146393, 0, 0, 0, -0.100732, 4.94427e-06, 0.00156661, 0
1061181, -0.1, 0.101002, -0.0122224, -0.09482, 0.00178608, 0, 0, 0, -0.100893, 4.94427e-06, 0.000284314, 0
1061191, -0.1, 0.10133, 0.00378985, -0.078482, 0.002313, 0, 0, 0, -0.101157, 4.94427e-06, 0.000455178, 0
1061200, -0.1, 0.0993932, -0.0429926, -0.127119, 0.000115827, 0, 0, 0, -0.100058, 4.94427e-06, -0.00174014, 0
1061211, -0.1, 0.0997103, -0.0528508, -0.137323, -0.000314727, 0, 0, 0, -0.0998426, 4.94427e-06, -0.000346452, 0
1061221, -0.1, 0.10003, -0.0480188, -0.132291, -8.11666e-05, 0, 0, 0, -0.0999594, 4.94427e-06, 0.000183873, 0
1061231, -0.1, 0.0997103, -0.0553903, -0.139901, -0.000388458, 0, 0, 0, -0.0998058, 4.94427e-06, -0.000249922, 0
1061240, -0.1, 0.101002, -0.0214564, -0.104776, 0.00109269, 0, 0, 0, -0.100546, 4.94427e-06, 0.00119199, 0
1061251, -0.1, 0.101002, -0.00621897, -0.0891562, 0.00164711, 0, 0, 0, -0.100824, 4.94427e-06, 0.000466228, 0
1061261, -0.1, 0.0997103, -0.0354066, -0.119525, 0.000258476, 0, 0, 0, -0.100129, 4.94427e-06, -0.00109678, 0
1061271, -0.1, 0.0997103, -0.0470653, -0.131608, -0.000261322, 0, 0, 0, -0.0998693, 4.94427e-06, -0.000416346, 0
1061281, -0.1, 0.10003, -0.0429073, -0.127278, -6.11693e-05, 0, 0, 0, -0.0999694, 4.94427e-06, 0.000157699, 0
1061291, -0.1, 0.0997103, -0.0505313, -0.135152, -0.000380978, 0, 0, 0, -0.0998095, 4.94427e-06, -0.00025972, 0
1061301, -0.1, 0.10003, -0.044863, -0.129247, -0.000105962, 0, 0, 0, -0.099947, 4.94427e-06, 0.000216335, 0
1061311, -0.1, 0.0997103, -0.0519215, -0.136531, -0.000397742, 0, 0, 0, -0.0998011, 4.94427e-06, -0.00023777, 0
1061321, -0.1, 0.101002, -0.0178703, -0.101284, 0.00108922, 0, 0, 0, -0.100545, 4.94427e-06, 0.00119653, 0
1061330, -0.1, 0.10133, 0.00693838, -0.0757695, 0.00205214, 0, 0, 0, -0.101026, 4.94427e-06, 0.000796646, 0
1061341, -0.1, 0.101002, 0.0100649, -0.0727834, 0.00200628, 0, 0, 0, -0.101003, 4.94427e-06, -3.91155e-06, 0
1061351, -0.1, 0.101002, 0.0137702, -0.0691937, 0.0019891, 0, 0, 0, -0.100995, 4.94427e-06, 1.85668e-05, 0
1061361, -0.1, 0.10003, -0.0104787, -0.0944984, 0.000781223, 0, 0, 0, -0.100391, 4.94427e-06, -0.000945002, 0
1061370, -0.1, 0.0997103, -0.0287363, -0.113465, -6.56545e-05, 0, 0, 0, -0.0999672, 4.94427e-06, -0.000672489, 0
1061381, -0.1, 0.10003, -0.0270483, -0.111712, 1.20699e-05, 0, 0, 0, -0.100006, 4.94427e-06, 6.18249e-05, 0
1061391, -0.1, 0.101002, 0.00183, -0.0818619, 0.00124262, 0, 0, 0, -0.100621, 4.94427e-06, 0.000995725, 0
1061401, -0.1, 0.0997103, -0.0222517, -0.106904, 0.000107065, 0, 0, 0, -0.100054, 4.94427e-06, -0.000898577, 0
1061410, -0.1, 0.0997103, -0.0319994, -0.116994, -0.000318006, 0, 0, 0, -0.099841, 4.94427e-06, -0.000342153, 0
1061421, -0.1, 0.100675, -0.00841323, -0.0925741, 0.000715673, 0, 0, 0, -0.100358, 4.94427e-06, 0.00083112, 0
1061431, -0.1, 0.101002, 0.0115832, -0.0719894, 0.00150599, 0, 0, 0, -0.100753, 4.94427e-06, 0.000650965, 0
1061441, -0.1, 0.10133, 0.0311308, -0.0519632, 0.00220814, 0, 0, 0, -0.101104, 4.94427e-06, 0.000592425, 0
1061451, -0.1, 0.0997103, -0.00513881, -0.0897201, 0.000468478, 0, 0, 0, -0.100234, 4.94427e-06, -0.00137168, 0
1061460, -0.1, 0.0997103, -0.0194485, -0.104568, -0.000182718, 0, 0, 0, -0.0999086, 4.94427e-06, -0.000519246, 0
1061471, -0.1, 0.0997103, -0.0255381, -0.110841, -0.000426471, 0, 0, 0, -0.0997868, 4.94427e-06, -0.00020016, 0
1061481, -0.1, 0.0997103, -0.0285511, -0.113905, -0.000517726, 0, 0, 0, -0.0997411, 4.94427e-06, -8.07196e-05, 0
1061491, -0.1, 0.0993932, -0.0396015, -0.125266, -0.000943795, 0, 0, 0, -0.0995281, 4.94427e-06, -0.000353076, 0
1061500, -0.1, 0.10003, -0.0268286, -0.111949, -0.000316635, 0, 0, 0, -0.0998417, 4.94427e-06, 0.000492111, 0
1061511, -0.1, 0.0997103, -0.0312277, -0.116459, -0.000476599, 0, 0, 0, -0.0997617, 4.94427e-06, -0.000134543, 0
1061521, -0.1, 0.10003, -0.0243523, -0.109294, -0.000141755, 0, 0, 0, -0.0999291, 4.94427e-06, 0.000263184, 0
1061531, -0.1, 0.0997103, -0.030959, -0.116107, -0.000411138, 0, 0, 0, -0.0997944, 4.94427e-06, -0.000220232, 0
1061540, -0.1, 0.101002, 0.00326114, -0.0806837, 0.00108419, 0, 0, 0, -0.100542, 4.94427e-06, 0.0012031, 0
1061551, -0.1, 0.101002, 0.0186059, -0.0649515, 0.00164394, 0, 0, 0, -0.100822, 4.94427e-06, 0.000470385, 0
1061561, -0.1, 0.101002, 0.0268849, -0.0565904, 0.00185347, 0, 0, 0, -0.100927, 4.94427e-06, 0.000196107, 0
1061571, -0.1, 0.10133, 0.0420463, -0.0411399, 0.00233822, 0, 0, 0, -0.101169, 4.94427e-06, 0.000422165, 0
1061580, -0.1, 0.10133, 0.0510891, -0.0320725, 0.00251968, 0, 0, 0, -0.10126, 4.94427e-06, 0.000184633, 0
1061591, -0.1, 0.0997103, 0.0108873, -0.0739315, 0.000585109, 0, 0, 0, -0.100293, 4.94427e-06, -0.00152434, 0
1061601, -0.1, 0.10003, 0.00436092, -0.080748, 0.000255674, 0, 0, 0, -0.100128, 4.94427e-06, -0.000257052, 0
1061611, -0.1, 0.0997103, -0.00726268, -0.0927941, -0.00026238, 0, 0, 0, -0.0998688, 4.94427e-06, -0.000414975, 0
1061621, -0.1, 0.101002, 0.0250797, -0.05933, 0.00113988, 0, 0, 0, -0.10057, 4.94427e-06, 0.00113021, 0
1061630, -0.1, 0.10133, 0.0492486, -0.0344829, 0.0020711, 0, 0, 0, -0.101036, 4.94427e-06, 0.000771821, 0
1061641, -0.1, 0.0997103, 0.0147092, -0.0704349, 0.000417188, 0, 0, 0, -0.100209, 4.94427e-06, -0.00130453, 0
1061651, -0.1, 0.0997103, 0.00104702, -0.0846076, -0.000201911, 0, 0, 0, -0.099899, 4.94427e-06, -0.000494115, 0
1061661, -0.1, 0.10003, 0.00445528, -0.0810602, -3.89218e-05, 0, 0, 0, -0.0999805, 4.94427e-06, 0.00012859, 0
1061670, -0.1, 0.0997103, -0.00344951, -0.0892269, -0.000372648, 0, 0, 0, -0.0998137, 4.94427e-06, -0.00027062, 0
1061681, -0.1, 0.10003, 0.00211398, -0.0834312, -0.000102833, 0, 0, 0, -0.0999486, 4.94427e-06, 0.000212252, 0
1061691, -0.1, 0.10003, 0.00427163, -0.0811885, -1.83284e-06, 0, 0, 0, -0.0999991, 4.94427e-06, 8.00416e-05, 0
1061701, -0.1, 0.0997103, -0.00410158, -0.0898437, -0.000358775, 0, 0, 0, -0.0998206, 4.94427e-06, -0.000288792, 0
1061710, -0.1, 0.0993932, -0.0171584, -0.103298, -0.000884295, 0, 0, 0, -0.0995579, 4.94427e-06, -0.000430964, 0
1061721, -0.1, 0.10003, -0.00513647, -0.0907646, -0.000294358, 0, 0, 0, -0.0998528, 4.94427e-06, 0.000462957, 0
1061731, -0.1, 0.0997103, -0.00981701, -0.0955676, -0.000468269, 0, 0, 0, -0.0997659, 4.94427e-06, -0.000145458, 0
1061741, -0.1, 0.10003, -0.00304684, -0.0885131, -0.00013864, 0, 0, 0, -0.0999307, 4.94427e-06, 0.000259109, 0
1061750, -0.1, 0.0997103, -0.00969289, -0.0953666, -0.000409976, 0, 0, 0, -0.099795, 4.94427e-06, -0.000221759, 0
1061761, -0.1, 0.0997103, -0.0129139, -0.098647, -0.000511542, 0, 0, 0, -0.0997442, 4.94427e-06, -8.88035e-05, 0
1061771, -0.1, 0.10003, -0.00559709, -0.0910223, -0.000154823, 0, 0, 0, -0.0999226, 4.94427e-06, 0.000280306, 0
1061781, -0.1, 0.0997103, -0.012039, -0.0976629, -0.00041604, 0, 0, 0, -0.099792, 4.94427e-06, -0.000213832, 0
1061791, -0.1, 0.100351, 0.00339446, -0.0816592, 0.000278503, 0, 0, 0, -0.100139, 4.94427e-06, 0.000555173, 0
1061800, -0.1, 0.10003, 0.000738399, -0.0844382, 0.000140905, 0, 0, 0, -0.10007, 4.94427e-06, -0.000106812, 0
1061811, -0.1, 0.0997103, -0.00943647, -0.094973, -0.00030534, 0, 0, 0, -0.0998473, 4.94427e-06, -0.000358738, 0
1061821, -0.1, 0.10003, -0.00472255, -0.0900635, -7.7635e-05, 0, 0, 0, -0.0999612, 4.94427e-06, 0.000179268, 0
1061831, -0.1, 0.0997103, -0.0121388, -0.0977205, -0.000387147, 0, 0, 0, -0.0998064, 4.94427e-06, -0.000251651, 0
1061840, -0.1, 0.101002, 0.0217785, -0.0626133, 0.00109318, 0, 0, 0, -0.100547, 4.94427e-06, 0.00119134, 0
1061851, -0.1, 0.100675, 0.0275515, -0.0567768, 0.00124392, 0, 0, 0, -0.100622, 4.94427e-06, 0.000139639, 0
1061861, -0.1, 0.0997103, 0.00345319, -0.0818365, 0.000107542, 0, 0, 0, -0.100054, 4.94427e-06, -0.000899211, 0
1061871, -0.1, 0.0997103, -0.00630048, -0.0919319, -0.000317827, 0, 0, 0, -0.0998411, 4.94427e-06, -0.000342391, 0
1061880, -0.1, 0.10133, 0.0362691, -0.0478891, 0.00152545, 0, 0, 0, -0.100763, 4.94427e-06, 0.00148609, 0
1061891, -0.1, 0.0997103, 0.00861743, -0.0766558, 0.000212938, 0, 0, 0, -0.100106, 4.94427e-06, -0.00103717, 0
1061901, -0.1, 0.10003, 0.006789, -0.0785714, 0.000116363, 0, 0, 0, -0.100058, 4.94427e-06, -7.46846e-05, 0
1061911, -0.1, 0.0997103, -0.00307589, -0.0887828, -0.000314519, 0, 0, 0, -0.0998427, 4.94427e-06, -0.000346713, 0
1061921, -0.1, 0.0997103, -0.00750177, -0.0933202, -0.000475809, 0, 0, 0, -0.0997621, 4.94427e-06, -0.000135578, 0
1061931, -0.1, 0.100351, 0.00868632, -0.0765293, 0.000256136, 0, 0, 0, -0.100128, 4.94427e-06, 0.000584453, 0
1061941, -0.1, 0.101002, 0.0344834, -0.0498933, 0.00133397, 0, 0, 0, -0.100667, 4.94427e-06, 0.000876136, 0
1061951, -0.1, 0.101002, 0.0466754, -0.03745, 0.00173745, 0, 0, 0, -0.100869, 4.94427e-06, 0.000347994, 0
1061961, -0.1, 0.101002, 0.0537742, -0.0303202, 0.00188847, 0, 0, 0, -0.100944, 4.94427e-06, 0.000150293, 0
1061970, -0.1, 0.0997103, 0.02154, -0.0638673, 0.000348821, 0, 0, 0, -0.100174, 4.94427e-06, -0.00121504, 0
1061981, -0.1, 0.10003, 0.0179961, -0.0675725, 0.000167221, 0, 0, 0, -0.100084, 4.94427e-06, -0.00014127, 0
1061991, -0.1, 0.10003, 0.016745, -0.0688859, 9.92566e-05, 0, 0, 0, -0.10005, 4.94427e-06, -5.22882e-05, 0
1062001, -0.1, 0.0997103, 0.0070959, -0.0788721, -0.000320926, 0, 0, 0, -0.0998395, 4.94427e-06, -0.000338331, 0
1062010, -0.1, 0.10003, 0.0120064, -0.0737576, -8.34763e-05, 0, 0, 0, -0.0999583, 4.94427e-06, 0.000186905, 0
1062021, -0.1, 0.10003, 0.0139196, -0.0717699, 5.40912e-06, 0, 0, 0, -0.100003, 4.94427e-06, 7.0557e-05, 0
1062031, -0.1, 0.101002, 0.0428817, -0.0418321, 0.00124012, 0, 0, 0, -0.10062, 4.94427e-06, 0.000998989, 0
1062041, -0.1, 0.10133, 0.0657856, -0.0183046, 0.00210863, 0, 0, 0, -0.101054, 4.94427e-06, 0.000722699, 0
1062050, -0.1, 0.0997103, 0.0307724, -0.0547509, 0.00043124, 0, 0, 0, -0.100216, 4.94427e-06, -0.00132293, 0
1062061, -0.1, 0.0997103, 0.0169329, -0.0691086, -0.000196651, 0, 0, 0, -0.0999017, 4.94427e-06, -0.000500999, 0
1062071, -0.1, 0.0993932, 0.00182968, -0.0846974, -0.000823602, 0, 0, 0, -0.0995882, 4.94427e-06, -0.000510402, 0
1062081, -0.1, 0.0997103, 0.00382975, -0.0825312, -0.00066638, 0, 0, 0, -0.0996668, 4.94427e-06, 0.000113875, 0
1062091, -0.1, 0.10003, 0.0131009, -0.0728677, -0.000212789, 0, 0, 0, -0.0998936, 4.94427e-06, 0.000356182, 0
1062100, -0.1, 0.10003, 0.0166466, -0.069177, -4.29899e-05, 0, 0, 0, -0.0999785, 4.94427e-06, 0.000133917, 0
1062111, -0.1, 0.0997103, 0.00879318, -0.07729, -0.000374168, 0, 0, 0, -0.0998129, 4.94427e-06, -0.000268631, 0
1062121, -0.1, 0.10003, 0.0143756, -0.0714746, -0.000103414, 0, 0, 0, -0.0999483, 4.94427e-06, 0.000212997, 0
1062131, -0.1, 0.0997103, 0.00728489, -0.0787919, -0.000396788, 0, 0, 0, -0.0998016, 4.94427e-06, -0.000239022, 0
1062140, -0.1, 0.0997103, 0.00389737, -0.0822461, -0.00050661, 0, 0, 0, -0.0997467, 4.94427e-06, -9.52706e-05, 0
1062151, -0.1, 0.100351, 0.0204742, -0.0650497, 0.000244603, 0, 0, 0, -0.100122, 4.94427e-06, 0.000599548, 0
1062161, -0.1, 0.0997103, 0.00899036, -0.07695, -0.000266522, 0, 0, 0, -0.0998667, 4.94427e-06, -0.000409551, 0
1062171, -0.1, 0.10003, 0.0132142, -0.0725518, -6.31064e-05, 0, 0, 0, -0.0999684, 4.94427e-06, 0.000160247, 0
1062180, -0.1, 0.10003, 0.0148704, -0.0708322, 1.30385e-05, 0, 0, 0, -0.100007, 4.94427e-06, 6.05732e-05, 0
1062191, -0.1, 0.0997103, 0.00630966, -0.0796831, -0.000353202, 0, 0, 0, -0.0998234, 4.94427e-06, -0.000296079, 0
1062201, -0.1, 0.10003, 0.0116275, -0.0741437, -9.55611e-05, 0, 0, 0, -0.0999522, 4.94427e-06, 0.000202723, 0
1062211, -0.1, 0.0997103, 0.00443761, -0.0815645, -0.000393853, 0, 0, 0, -0.0998031, 4.94427e-06, -0.000242867, 0
1062220, -0.1, 0.0997103, 0.00101312, -0.0850573, -0.000505507, 0, 0, 0, -0.0997472, 4.94427e-06, -9.67085e-05, 0
1062231, -0.1, 0.10003, 0.00825349, -0.0775122, -0.000152573, 0, 0, 0, -0.0999237, 4.94427e-06, 0.000277355, 0
1062241, -0.1, 0.0997103, 0.00178331, -0.0841822, -0.000415191, 0, 0, 0, -0.0997924, 4.94427e-06, -0.000214934, 0
1062251, -0.1, 0.0997103, -0.00137181, -0.087394, -0.000513494, 0, 0, 0, -0.0997433, 4.94427e-06, -8.62479e-05, 0
1062261, -0.1, 0.10003, 0.00596926, -0.0797439, -0.000155568, 0, 0, 0, -0.0999222, 4.94427e-06, 0.000281267, 0
1062272, -0.1, 0.0997103, -0.000463029, -0.0863744, -0.000416309, 0, 0, 0, -0.0997918, 4.94427e-06, -0.000213467, 0
1062281, -0.25, 0.0997103, -12, -12, -18.7821, 0, 0, 0, -0.099743, 4.94427e-06, -8.5704e-05, 0
1062291, -0.25, 0.0997103, 12, 12, -9.81698, 0, 0, 0, -0.171464, 4.94427e-06, -0.187854, 0
1062301, -0.25, 0.0984555, -12, -12, -10.77, -6.65835, -6.6268, 0, -0.16384, 4.94427e-06, -0.171179, 0
1062310, -0.25, 0.0987659, -12, -12, -10.655, 0.697742, 1.74961, 0, -0.16476, 4.94427e-06, -0.172774, 0
1062321, -0.25, 0.100675, -12, -12, -10.5185, -2.8085, -2.8085, 0, -0.165852, 4.94427e-06, -0.170635, 0
1062331, -0.25, 0.100675, -12, -12, -10.5315, -13.3237, -12.6049, 0, -0.165748, 4.94427e-06, -0.170362, 0
1062341, -0.25, 0.100675, -12, -12, -10.5303, -17.5382, -15.7781, 0, -0.165758, 4.94427e-06, -0.170388, 0
1062351, -0.25, 0.101995, -12, -12, -10.4285, -18.2079, -16.1392, 0, -0.166572, 4.94427e-06, -0.169066, 0
1062361, -0.25, 0.101995, -12, -12, -10.4382, -17.8433, -17.1455, 0, -0.166495, 4.94427e-06, -0.168862, 0
1062371, -0.25, 0.105111, -12, -12, -10.1965, -18.6111, -17.1841, 0, -0.168428, 4.94427e-06, -0.165765, 0
1062381, -0.25, 0.110407, -12, -12, -9.8105, -19.6244, -17.5452, 0, -0.171516, 4.94427e-06, -0.159986, 0
1062391, -0.25, 0.110808, -12, -12, -9.81637, -19.9751, -17.1736, 0, -0.171469, 4.94427e-06, -0.158813, 0
1062401, -0.25, 0.117238, -12, -12, -9.31908, -19.656, -17.8888, 0, -0.175447, 4.94427e-06, -0.152395, 0
1062411, -0.25, 0.123519, -12, -12, -8.88128, -20.2941, -18.5445, 0, -0.17895, 4.94427e-06, -0.145119, 0
1062421, -0.25, 0.123519, -12, -12, -8.92309, -20.6938, -19.3054, 0, -0.178615, 4.94427e-06, -0.144243, 0
1062431, -0.25, 0.131757, -12, -12, -8.28266, -20.6938, -20.3257, 0, -0.183739, 4.94427e-06, -0.136089, 0
1062440, -0.25, 0.141986, -10.2585, -9.04622, -7.55361, -21.062, -21.0375, 0, -0.189571, 4.94427e-06, -0.124579, 0
1062451, -0.25, 0.143388, -12, -12, -7.51494, -21.1742, -21.1917, 0, -0.18988, 4.94427e-06, -0.121719, 0
1062461, -0.25, 0.154107, -7.17349, -6.46484, -6.69054, -20.522, -20.1784, 0, -0.196476, 4.94427e-06, -0.110923, 0
1062471, -0.25, 0.154939, -12, -12, -6.70496, -21.2233, -21.2163, 0, -0.19636, 4.94427e-06, -0.108442, 0
1062480, -0.25, 0.164778, -7.57484, -7.50053, -5.94347, -19.7752, -18.7233, 0, -0.202452, 4.94427e-06, -0.0986316, 0
1062491, -0.25, 0.184144, 12, 12, -4.52013, -20.522, -19.8348, 0, -0.213839, 4.94427e-06, -0.0777433, 0
1062501, -0.25, 0.177169, -12, -12, -5.19489, -19.4842, -19.109, 0, -0.208441, 4.94427e-06, -0.0818716, 0
1062511, -0.25, 0.195777, 3.84238, 4.39318, -3.69286, -5.95009, -4.90874, 0, -0.220457, 4.94427e-06, -0.0646124, 0
1062521, -0.25, 0.210684, 12, 12, -2.68467, -4.17593, -4.86316, 0, -0.228523, 4.94427e-06, -0.0467014, 0
1062531, -0.25, 0.207514, -0.656387, -1.79132, -3.02589, -4.95081, -4.25307, 0, -0.225793, 4.94427e-06, -0.0478557, 0
1062541, -0.25, 0.22446, 12, 12, -1.6841, 3.81479, 4.84913, 0, -0.236527, 4.94427e-06, -0.0315914, 0
1062551, -0.25, 0.236107, 12, 12, -0.912439, 3.18717, 2.12829, 0, -0.2427, 4.94427e-06, -0.0172607, 0
1062561, -0.25, 0.238173, 8.34849, 8.40532, -0.826532, 8.05033, 7.00197, 0, -0.243388, 4.94427e-06, -0.0136516, 0
1062571, -0.25, 0.249098, 12, 12, 0.00927597, 17.0368, 16.3391, 0, -0.250074, 4.94427e-06, -0.00255467, 0
1062581, -0.25, 0.24683, 3.67611, 2.99394, -0.24577, 18.7479, 18.7163, 0, -0.248034, 4.94427e-06, -0.0031513, 0
1062591, -0.25, 0.256173, 12, 12, 0.500336, 19.116, 18.7759, 0, -0.254003, 4.94427e-06, 0.00568116, 0
1062601, -0.25, 0.266286, 12, 12, 1.21037, 13.776, 11.3181, 0, -0.259683, 4.94427e-06, 0.0172864, 0
1062610, -0.25, 0.268946, 12, 12, 1.34806, 13.6954, 12.6295, 0, -0.260784, 4.94427e-06, 0.0213664, 0
1062621, -0.25, 0.280164, 12, 12, 2.20155, 19.919, 18.5375, 0, -0.267612, 4.94427e-06, 0.0328598, 0
1062631, -0.25, 0.292402, 12, 12, 3.06547, 21.7703, 21.7387, 0, -0.274524, 4.94427e-06, 0.0468046, 0
1062641, -0.25, 0.292402, 12, 12, 2.98297, 21.3705, 21.0515, 0, -0.273864, 4.94427e-06, 0.0485325, 0
1062651, -0.25, 0.292402, 12, 12, 2.99085, 20.7184, 20.3257, 0, -0.273927, 4.94427e-06, 0.0483675, 0
1062661, -0.25, 0.305805, 12, 12, 4.02556, 22.0508, 21.0515, 0, -0.282205, 4.94427e-06, 0.0617866, 0
1062671, -0.25, 0.309358, 12, 12, 4.20122, 22.7976, 22.4119, 0, -0.28361, 4.94427e-06, 0.0674087, 0
1062681, -0.25, 0.305805, 12, 11.8856, 3.90999, 22.4925, 22.4575, 0, -0.28128, 4.94427e-06, 0.0642073, 0
1062691, -0.25, 0.305805, 12, 12, 3.9378, 21.5984, 20.9673, 0, -0.281502, 4.94427e-06, 0.0636249, 0
1062701, -0.25, 0.320549, 12, 12, 5.07415, 21.1216, 21.0795, 0, -0.290593, 4.94427e-06, 0.0784242, 0
1062711, -0.25, 0.320549, 12, 12, 4.96564, 22.4119, 21.7282, 0, -0.289725, 4.94427e-06, 0.0806969, 0
1062721, -0.25, 0.316726, 12, 12, 4.6807, 22.8362, 22.1069, 0, -0.287446, 4.94427e-06, 0.0766574, 0
1062731, -0.25, 0.324468, 12, 12, 5.30599, 23.1131, 21.3881, 0, -0.292448, 4.94427e-06, 0.0838292, 0
1062740, -0.25, 0.320549, 12, 12, 4.9435, 22.4399, 20.6868, 0, -0.289548, 4.94427e-06, 0.0811606, 0
1062751, -0.25, 0.324468, 12, 12, 5.28089, 22.7625, 20.2871, 0, -0.292247, 4.94427e-06, 0.0843548, 0
1062761, -0.25, 0.320549, 12, 12, 4.9459, 23.1657, 20.3432, 0, -0.289567, 4.94427e-06, 0.0811104, 0
1062771, -0.25, 0.320549, 12, 12, 4.97789, 23.4813, 20.7429, 0, -0.289823, 4.94427e-06, 0.0804404, 0
1062781, -0.25, 0.320549, 12, 12, 4.97483, 23.4988, 21.0375, 0, -0.289799, 4.94427e-06, 0.0805044, 0
1062791, -0.25, 0.320549, 12, 12, 4.97513, 22.8151, 20.6693, 0, -0.289801, 4.94427e-06, 0.0804983, 0
1062801, -0.25, 0.324468, 12, 12, 5.27787, 22.7976, 20.3362, 0, -0.292223, 4.94427e-06, 0.0844181, 0
1062811, -0.25, 0.309358, -7.18098, -7.70788, 4.08164, 23.4322, 20.3011, 0, -0.282653, 4.94427e-06, 0.0699134, 0
1062821, -0.25, 0.305805, -3.76029, -4.66201, 3.9214, 22.9834, 20.2275, 0, -0.281371, 4.94427e-06, 0.0639682, 0
1062831, -0.25, 0.309358, 12, 12, 4.21117, 9.84202, 8.07838, 0, -0.283689, 4.94427e-06, 0.0672004, 0
1062841, -0.25, 0.298947, 8.2717, 7.2514, 3.37926, -0.704755, -1.76364, 0, -0.277034, 4.94427e-06, 0.0573697, 0
1062851, -0.25, 0.305805, 12, 12, 3.98847, 7.65763, 6.60927, 0, -0.281908, 4.94427e-06, 0.0625634, 0
1062861, -0.25, 0.302336, 8.80842, 8.06611, 3.6623, 12.0124, 11.2936, 0, -0.279298, 4.94427e-06, 0.0603127, 0
1062871, -0.25, 0.292402, -3.91017, -5.17255, 2.92598, 14.9611, 13.9058, 0, -0.273408, 4.94427e-06, 0.0497261, 0
1062881, -0.25, 0.295637, 6.49137, 5.32512, 3.24623, 17.8503, 16.83, 0, -0.27597, 4.94427e-06, 0.0514888, 0
1062891, -0.25, 0.295637, 12, 12, 3.21565, 9.14077, 7.72776, 0, -0.275725, 4.94427e-06, 0.0521293, 0
1062901, -0.25, 0.277269, -12, -12, 1.79956, 7.05456, 4.9438, 0, -0.264396, 4.94427e-06, 0.0337, 0
1062910, -0.25, 0.271662, -12, -12, 1.50161, 12.2789, 11.9142, 0, -0.262013, 4.94427e-06, 0.0252607, 0
1062921, -0.25, 0.274435, 3.75105, 3.89032, 1.74434, 1.74961, 1.75312, 0, -0.263955, 4.94427e-06, 0.0274386, 0
1062931, -0.25, 0.280164, 12, 12, 2.1637, -11.8125, -12.1491, 0, -0.26731, 4.94427e-06, 0.0336524, 0
1062941, -0.25, 0.268946, -6.78382, -7.94604, 1.25702, -8.13448, -8.14851, 0, -0.260056, 4.94427e-06, 0.0232731, 0
1062951, -0.25, 0.266286, -12, -12, 1.13811, 6.60225, 6.59173, 0, -0.259105, 4.94427e-06, 0.0187998, 0
1062961, -0.25, 0.253768, -12, -12, 0.182442, 3.18367, 2.83304, 0, -0.25146, 4.94427e-06, 0.00604457, 0
1062971, -0.25, 0.256173, 2.18377, 2.93649, 0.459444, -6.99846, -7.69269, 0, -0.253676, 4.94427e-06, 0.00653757, 0
1062981, -0.25, 0.220841, -12, -12, -2.29651, -14.2529, -14.2529, 0, -0.231628, 4.94427e-06, -0.0282398, 0
1062991, -0.25, 0.253768, 12, 12, 0.510417, -7.07209, -5.66258, 0, -0.254083, 4.94427e-06, -0.00082466, 0
1063001, -0.25, 0.253768, 6.38781, 5.7651, 0.242382, -5.95009, -4.20398, 0, -0.251939, 4.94427e-06, 0.00478919, 0
1063011, -0.25, 0.258625, 10.989, 10.6358, 0.643179, 1.73559, 3.12056, 0, -0.255145, 4.94427e-06, 0.00910985, 0
1063021, -0.25, 0.258625, 6.35024, 6.73778, 0.604905, 8.43251, 8.43602, 0, -0.254839, 4.94427e-06, 0.00991145, 0
1063031, -0.25, 0.261127, 9.09904, 10.0738, 0.80185, 11.9037, 11.2059, 0, -0.256415, 4.94427e-06, 0.0123369, 0
1063041, -0.25, 0.258625, 3.15353, 3.67696, 0.589754, 14.4036, 14.025, 0, -0.254718, 4.94427e-06, 0.0102288, 0
1063051, -0.25, 0.261127, 7.72436, 7.5474, 0.803295, 15.3714, 16.1217, 0, -0.256426, 4.94427e-06, 0.0123066, 0
1063061, -0.25, 0.249098, -10.0722, -11.1567, -0.146359, 10.2032, 11.2445, 0, -0.248829, 4.94427e-06, 0.000704989, 0
1063071, -0.25, 0.242421, -12, -12, -0.571547, 9.09169, 9.09169, 0, -0.245428, 4.94427e-06, -0.0078719, 0
1063080, -0.25, 0.24683, 1.11549, 2.4689, -0.190306, 1.05888, 0, 0, -0.248478, 4.94427e-06, -0.00431295, 0
1063091, -0.25, 0.244605, 4.25394, 5.80657, -0.398638, -10.4241, -11.4829, 0, -0.246811, 4.94427e-06, -0.00577591, 0
1063101, -0.25, 0.251411, 12, 12, 0.147048, -5.97464, -5.26287, 0, -0.251176, 4.94427e-06, 0.000613421, 0
1063111, -0.25, 0.244605, -7.87946, -9.43768, -0.430852, 3.52377, 5.28741, 0, -0.246553, 4.94427e-06, -0.00510122, 0
1063121, -0.25, 0.234079, -12, -12, -1.18883, 10.1015, 10.8027, 0, -0.240489, 4.94427e-06, -0.0167829, 0
1063131, -0.25, 0.236107, -5.12761, -3.68328, -0.959733, 3.89193, 3.18367, 0, -0.242322, 4.94427e-06, -0.0162702, 0
1063141, -0.25, 0.240277, 8.21173, 10.0096, -0.659466, -7.63659, -7.99073, 0, -0.244724, 4.94427e-06, -0.0116421, 0
1063151, -0.25, 0.236107, -0.030241, 0.215719, -1.01028, -8.77612, -7.36661, 0, -0.241918, 4.94427e-06, -0.0152115, 0
1063161, -0.25, 0.242421, 3.68884, 2.994, -0.489051, 0.701248, 3.50624, 0, -0.246088, 4.94427e-06, -0.00959975, 0
1063171, -0.25, 0.244605, 4.39781, 4.68517, -0.370109, 2.10024, 3.49923, 0, -0.247039, 4.94427e-06, -0.00637342, 0
1063181, -0.25, 0.24683, 7.52839, 8.686, -0.209542, 1.74961, 2.10024, 0, -0.248324, 4.94427e-06, -0.00391008, 0
1063191, -0.25, 0.24683, 5.07054, 6.69034, -0.224875, 3.85687, 3.50624, 0, -0.248201, 4.94427e-06, -0.00358893, 0
1063201, -0.25, 0.249098, 5.65573, 6.81271, -0.0481792, 7.71373, 8.07838, 0, -0.249615, 4.94427e-06, -0.00135134, 0
1063211, -0.25, 0.251411, 7.30386, 6.9516, 0.113584, 9.81046, 12.2403, 0, -0.250909, 4.94427e-06, 0.00131434, 0
1063221, -0.25, 0.244605, -4.75383, -5.39037, -0.427656, 8.41147, 10.5117, 0, -0.246579, 4.94427e-06, -0.00516814, 0
1063231, -0.25, 0.236107, -12, -12, -1.03242, 9.12324, 9.12675, 0, -0.241741, 4.94427e-06, -0.0147479, 0
1063241, -0.25, 0.238173, -5.21668, -4.01894, -0.815075, 3.18016, 2.12128, 0, -0.243479, 4.94427e-06, -0.0138915, 0
1063250, -0.25, 0.240277, 3.97724, 5.37744, -0.673279, -7.3035, -7.99073, 0, -0.244614, 4.94427e-06, -0.0113528, 0
1063261, -0.25, 0.240277, 3.83468, 4.27167, -0.686821, -8.76911, -8.07487, 0, -0.244505, 4.94427e-06, -0.0110692, 0
1063271, -0.25, 0.240277, -3.45257, -4.33723, -0.685526, 0, 2.11076, 0, -0.244516, 4.94427e-06, -0.0110963, 0
1063281, -0.25, 0.236107, -12, -12, -1.0078, 4.55811, 5.58194, 0, -0.241938, 4.94427e-06, -0.0152636, 0
1063290, -0.25, 0.236107, -10.2694, -9.35577, -0.977021, 0, 0, 0, -0.242184, 4.94427e-06, -0.0159081, 0
1063301, -0.25, 0.228207, -12, -12, -1.59034, -8.00124, -7.62257, 0, -0.237277, 4.94427e-06, -0.0237475, 0
1063311, -0.25, 0.230129, -7.70875, -8.49299, -1.38323, -10.9465, -9.17233, 0, -0.238934, 4.94427e-06, -0.0230514, 0
1063321, -0.25, 0.234079, -1.2022, -2.00589, -1.09789, -13.5762, -11.4724, 0, -0.241217, 4.94427e-06, -0.0186876, 0
1063331, -0.25, 0.242421, 12, 12, -0.480685, -14.3265, -13.3062, 0, -0.246155, 4.94427e-06, -0.00977495, 0
1063341, -0.25, 0.234079, -9.11352, -8.57154, -1.18408, -8.15201, -8.85326, 0, -0.240527, 4.94427e-06, -0.0168825, 0
1063351, -0.25, 0.236107, -12, -12, -0.960188, 2.77694, 3.12406, 0, -0.242318, 4.94427e-06, -0.0162607, 0
1063361, -0.25, 0.244605, 3.57874, 4.20228, -0.325121, -1.05888, -0.704755, 0, -0.247399, 4.94427e-06, -0.00731568, 0
1063371, -0.25, 0.242421, 5.80764, 6.52972, -0.554478, -12.1667, -11.8266, 0, -0.245564, 4.94427e-06, -0.0082294, 0
1063380, -0.25, 0.24683, 10.933, 11.819, -0.191936, -8.07137, -7.72074, 0, -0.248465, 4.94427e-06, -0.00427879, 0
1063391, -0.25, 0.253768, 12, 12, 0.309449, 0, 0.350624, 0, -0.252476, 4.94427e-06, 0.00338447, 0
1063401, -0.25, 0.256173, 10.6455, 10.5701, 0.447318, 7.06858, 7.38064, 0, -0.253579, 4.94427e-06, 0.00679159, 0
1063411, -0.25, 0.258625, 9.15331, 8.97307, 0.62361, 15.3083, 15.6308, 0, -0.254989, 4.94427e-06, 0.00951973, 0
1063421, -0.25, 0.268946, 12, 12, 1.40408, 19.2668, 18.9547, 0, -0.261233, 4.94427e-06, 0.0201929, 0
1063431, -0.25, 0.266286, 8.2604, 8.37165, 1.12407, 17.6504, 16.9281, 0, -0.258993, 4.94427e-06, 0.0190939, 0
1063441, -0.25, 0.266286, 9.99622, 10.6279, 1.15081, 17.7241, 16.3671, 0, -0.259206, 4.94427e-06, 0.0185339, 0
1063451, -0.25, 0.268946, 12, 12, 1.35374, 18.2465, 17.1385, 0, -0.26083, 4.94427e-06, 0.0212473, 0
1063461, -0.25, 0.268946, 12, 12, 1.33437, 18.0081, 17.0053, 0, -0.260675, 4.94427e-06, 0.0216532, 0
1063471, -0.25, 0.268946, 12, 12, 1.33621, 19.3369, 18.5901, 0, -0.26069, 4.94427e-06, 0.0216144, 0
1063481, -0.25, 0.268946, 12, 12, 1.33604, 20.3117, 19.5929, 0, -0.260688, 4.94427e-06, 0.0216181, 0
1063491, -0.25, 0.258625, -5.81548, -6.19998, 0.538744, 21.0515, 19.9996, 0, -0.25431, 4.94427e-06, 0.0112972, 0
1063501, -0.25, 0.261127, -0.85602, -0.780772, 0.808168, 22.5451, 21.2163, 0, -0.256465, 4.94427e-06, 0.0122045, 0
1063511, -0.25, 0.256173, -1.11474, -1.44753, 0.399694, 10.1997, 9.48789, 0, -0.253198, 4.94427e-06, 0.00778902, 0
1063521, -0.25, 0.261127, 12, 12, 0.821445, 1.39899, 1.04837, 0, -0.256572, 4.94427e-06, 0.0119264, 0
1063531, -0.25, 0.244605, -12, -12, -0.495251, 1.41302, 1.05888, 0, -0.246038, 4.94427e-06, -0.00375243, 0
1063541, -0.25, 0.242421, -12, -12, -0.538232, 8.75158, 9.0987, 0, -0.245694, 4.94427e-06, -0.00856969, 0
1063550, -0.25, 0.244605, -3.66842, -2.51143, -0.365414, 0.701248, 0, 0, -0.247077, 4.94427e-06, -0.00647177, 0
1063561, -0.25, 0.251411, 12, 12, 0.143874, -11.4619, -11.4444, 0, -0.251151, 4.94427e-06, 0.00067988, 0
1063571, -0.25, 0.242421, -4.75861, -5.90186, -0.599261, -10.964, -10.2698, 0, -0.245206, 4.94427e-06, -0.00729144, 0
1063581, -0.25, 0.249098, -1.6703, -2.46033, -0.0124276, 2.78045, 3.13107, 0, -0.249901, 4.94427e-06, -0.00210012, 0
1063590, -0.25, 0.251411, 2.01725, 1.87687, 0.110168, 1.4025, 1.05187, 0, -0.250881, 4.94427e-06, 0.00138584, 0
1063601, -0.25, 0.251411, 4.46763, 4.95941, 0.0984631, -2.10374, -3.15562, 0, -0.250788, 4.94427e-06, 0.00163102, 0
1063611, -0.25, 0.24683, -5.53538, -5.87249, -0.254286, 0.697742, 0.350624, 0, -0.247966, 4.94427e-06, -0.00297292, 0
1063621, -0.25, 0.24683, -7.64459, -8.26288, -0.220602, 3.85687, 3.85687, 0, -0.248235, 4.94427e-06, -0.00367843, 0
1063631, -0.25, 0.249098, 0.0882006, -0.496112, -0.0485871, -2.10024, -1.74961, 0, -0.249611, 4.94427e-06, -0.00134279, 0
1063641, -0.25, 0.240277, -12, -12, -0.746472, -7.0195, -7.72074, 0, -0.244028, 4.94427e-06, -0.00981979, 0
1063651, -0.25, 0.236107, -12, -12, -1.00197, -4.57565, -5.98515, 0, -0.241984, 4.94427e-06, -0.0153855, 0
1063661, -0.25, 0.24683, 8.05167, 7.8376, -0.149205, -7.03001, -7.023, 0, -0.248806, 4.94427e-06, -0.00517379, 0
1063671, -0.25, 0.242421, 2.60716, 1.1564, -0.571275, -12.8574, -11.4829, 0, -0.24543, 4.94427e-06, -0.00787759, 0
1063681, -0.25, 0.249098, 8.92145, 7.86065, -0.0151005, -4.211, -3.15562, 0, -0.249879, 4.94427e-06, -0.00204416, 0
1063691, -0.25, 0.24683, -0.853404, -0.715328, -0.243442, 2.10024, 1.04837, 0, -0.248052, 4.94427e-06, -0.00320004, 0
1063701, -0.25, 0.249098, 0.278822, 0.834062, -0.0464059, 5.96412, 4.5511, 0, -0.249629, 4.94427e-06, -0.00138848, 0
1063711, -0.25, 0.251411, 4.58755, 5.39429, 0.113413, 4.55461, 3.15562, 0, -0.250907, 4.94427e-06, 0.00131789, 0
1063720, -0.25, 0.258625, 12, 12, 0.655495, 1.05187, 1.05187, 0, -0.255244, 4.94427e-06, 0.00885192, 0
1063731, -0.25, 0.256173, 6.04887, 4.96789, 0.414271, 3.17666, 4.23203, 0, -0.253314, 4.94427e-06, 0.00748368, 0
1063741, -0.25, 0.258625, 7.60371, 5.95444, 0.626765, 8.68847, 10.4206, 0, -0.255014, 4.94427e-06, 0.00945362, 0
1063751, -0.25, 0.258625, 7.03254, 6.7922, 0.606474, 9.79644, 9.45984, 0, -0.254852, 4.94427e-06, 0.00987862, 0
1063761, -0.25, 0.261127, 10.6299, 12, 0.801697, 11.9493, 9.48789, 0, -0.256414, 4.94427e-06, 0.01234, 0
1063771, -0.25, 0.256173, 0.7711, 1.65566, 0.400312, 13.7339, 11.6092, 0, -0.253202, 4.94427e-06, 0.00777608, 0
1063781, -0.25, 0.261127, 9.64841, 9.61519, 0.821386, 14.9927, 14.6421, 0, -0.256571, 4.94427e-06, 0.0119277, 0
1063791, -0.25, 0.256173, 4.77339, 4.02064, 0.398431, 9.13376, 9.48438, 0, -0.253187, 4.94427e-06, 0.00781545, 0
1063801, -0.25, 0.258625, 10.6614, 10.0718, 0.628278, 8.7656, 9.11623, 0, -0.255026, 4.94427e-06, 0.00942194, 0
1063811, -0.25, 0.258625, 9.32175, 9.42587, 0.606328, 10.8588, 10.1576, 0, -0.254851, 4.94427e-06, 0.00988165, 0
1063821, -0.25, 0.258625, 8.60685, 8.70734, 0.608426, 12.626, 11.9142, 0, -0.254867, 4.94427e-06, 0.00983775, 0
1063831, -0.25, 0.249098, -9.51815, -10.0092, -0.127751, 14.3791, 13.6673, 0, -0.248978, 4.94427e-06, 0.000315264, 0
1063841, -0.25, 0.242421, -12, -12, -0.573324, 14.3405, 13.6743, 0, -0.245413, 4.94427e-06, -0.00783467, 0
1063851, -0.25, 0.244605, -1.16645, -0.333986, -0.362063, 3.5378, 2.47541, 0, -0.247103, 4.94427e-06, -0.00654195, 0
1063861, -0.25, 0.240277, -1.40949, -0.488435, -0.716537, -8.69899, -9.72631, 0, -0.244268, 4.94427e-06, -0.0104467, 0
1063871, -0.25, 0.242421, -0.179785, 0.121363, -0.5171, -5.25936, -5.26638, 0, -0.245863, 4.94427e-06, -0.00901225, 0
1063881, -0.25, 0.240277, -9.63113, -10.4145, -0.701735, 0.701248, 1.75312, 0, -0.244386, 4.94427e-06, -0.0107568, 0
1063890, -0.25, 0.238173, -12, -12, -0.846652, 0.347118, 1.04837, 0, -0.243227, 4.94427e-06, -0.0132302, 0
1063901, -0.25, 0.238173, -9.26471, -8.57308, -0.832815, -5.29443, -5.30144, 0, -0.243337, 4.94427e-06, -0.01352, 0
1063911, -0.25, 0.232086, -12, -12, -1.30437, -10.7607, -10.396, 0, -0.239565, 4.94427e-06, -0.0195792, 0
1063921, -0.25, 0.230129, -12, -12, -1.41054, -11.3146, -9.20739, 0, -0.238716, 4.94427e-06, -0.0224794, 0
1063931, -0.25, 0.238173, 2.13425, 2.85615, -0.778967, -13.3237, -11.5461, 0, -0.243768, 4.94427e-06, -0.0146478, 0
1063941, -0.25, 0.240277, 6.05153, 7.64787, -0.676727, -16.3777, -15.6624, 0, -0.244586, 4.94427e-06, -0.0112806, 0
1063951, -0.25, 0.234079, -10.8444, -10.8901, -1.16535, -9.45984, -7.37363, 0, -0.240677, 4.94427e-06, -0.0172746, 0
1063961, -0.25, 0.242421, -2.88465, -2.16727, -0.474243, -0.701248, 0.701248, 0, -0.246206, 4.94427e-06, -0.0099099, 0
1063971, -0.25, 0.249098, 10.0995, 11.7533, -0.0243653, -5.25235, -4.5476, 0, -0.249805, 4.94427e-06, -0.00185008, 0
1063981, -0.25, 0.244605, 3.58215, 4.42227, -0.414483, -8.42199, -7.0195, 0, -0.246684, 4.94427e-06, -0.00544403, 0
1063991, -0.25, 0.258625, 12, 12, 0.705905, 1.39899, 3.14861, 0, -0.255647, 4.94427e-06, 0.00779611, 0
1064001, -0.25, 0.256173, 3.78342, 3.56602, 0.409458, 4.94731, 6.37084, 0, -0.253276, 4.94427e-06, 0.0075845, 0
1064011, -0.25, 0.261127, 9.62656, 10.0377, 0.820514, 10.7887, 11.49, 0, -0.256564, 4.94427e-06, 0.011946, 0
1064020, -0.25, 0.266286, 12, 12, 1.17979, 11.9212, 11.9212, 0, -0.259438, 4.94427e-06, 0.0179268, 0
1064031, -0.25, 0.26368, 7.29365, 7.03862, 0.944182, 13.0432, 13.0432, 0, -0.257553, 4.94427e-06, 0.0160397, 0
1064041, -0.25, 0.271662, 12, 12, 1.58329, 18.0992, 18.4323, 0, -0.262666, 4.94427e-06, 0.02355, 0
1064051, -0.25, 0.277269, 12, 12, 1.95543, 19.0985, 18.7374, 0, -0.265643, 4.94427e-06, 0.0304353, 0
1064060, -0.25, 0.280164, 12, 12, 2.14355, 17.5102, 18.9232, 0, -0.267148, 4.94427e-06, 0.0340746, 0
1064071, -0.25, 0.277269, 11.6482, 11.9082, 1.90194, 14.7297, 15.4205, 0, -0.265215, 4.94427e-06, 0.0315558, 0
1064081, -0.25, 0.280164, 12, 12, 2.14865, 18.4253, 17.7311, 0, -0.267189, 4.94427e-06, 0.0339676, 0
1064091, -0.25, 0.280164, 12, 11.9593, 2.1251, 21.5318, 21.1952, 0, -0.267001, 4.94427e-06, 0.034461, 0
1064101, -0.25, 0.280164, 12, 12, 2.12735, 23.4533, 23.4042, 0, -0.267019, 4.94427e-06, 0.0344139, 0
1064111, -0.25, 0.283122, 12, 12, 2.35569, 24.5998, 24.2772, 0, -0.268846, 4.94427e-06, 0.037377, 0
1064121, -0.25, 0.283122, 12, 12, 2.33389, 25.2029, 24.8522, 0, -0.268671, 4.94427e-06, 0.0378337, 0
1064131, -0.25, 0.280164, 10.0578, 9.56214, 2.10741, 24.9118, 24.9118, 0, -0.266859, 4.94427e-06, 0.0348315, 0
1064141, -0.25, 0.280164, 12, 12, 2.12904, 22.2787, 19.4912, 0, -0.267032, 4.94427e-06, 0.0343785, 0
1064151, -0.25, 0.266286, -7.13913, -7.47487, 1.05484, 18.0466, 14.8595, 0, -0.258439, 4.94427e-06, 0.0205438, 0
1064161, -0.25, 0.258625, -12, -12, 0.565596, 20.5045, 18.3973, 0, -0.254525, 4.94427e-06, 0.0107348, 0
1064171, -0.25, 0.258625, -3.22474, -3.87092, 0.612315, 9.8841, 9.19687, 0, -0.254899, 4.94427e-06, 0.00975628, 0
1064181, -0.25, 0.268946, 12, 12, 1.40516, -6.26916, -6.95288, 0, -0.261241, 4.94427e-06, 0.0201703, 0
1064190, -0.25, 0.261127, 2.02378, 0.764771, 0.72543, -9.89812, -9.56853, 0, -0.255803, 4.94427e-06, 0.0139374, 0
1064201, -0.25, 0.261127, -6.00223, -7.94454, 0.790339, 5.90451, 6.58472, 0, -0.256323, 4.94427e-06, 0.0125779, 0
1064211, -0.25, 0.258625, -11.5606, -12, 0.590853, 8.77262, 7.38064, 0, -0.254727, 4.94427e-06, 0.0102058, 0
1064221, -0.25, 0.256173, -8.69181, -8.43584, 0.420444, 0.350624, -1.76013, 0, -0.253364, 4.94427e-06, 0.00735439, 0
1064231, -0.25, 0.249098, -12, -12, -0.109801, -9.4388, -11.8686, 0, -0.249122, 4.94427e-06, -6.07073e-05, 0
1064241, -0.25, 0.24683, -12, -12, -0.234399, -12.7031, -12.3735, 0, -0.248125, 4.94427e-06, -0.00338946, 0
1064251, -0.25, 0.249098, -8.88105, -10.1845, -0.0472683, -10.5257, -8.40446, 0, -0.249622, 4.94427e-06, -0.00137039, 0
1064261, -0.25, 0.249098, -5.44973, -6.75943, -0.0651386, -14.9506, -12.8889, 0, -0.249479, 4.94427e-06, -0.000996128, 0
1064271, -0.25, 0.249098, -2.39825, -2.77148, -0.0634324, -17.9029, -17.1666, 0, -0.249493, 4.94427e-06, -0.00103186, 0
1064281, -0.25, 0.251411, -0.824585, -0.680843, 0.115041, -12.9801, -12.9906, 0, -0.25092, 4.94427e-06, 0.00128382, 0
1064291, -0.25, 0.258625, 7.98089, 9.1598, 0.655338, -6.29721, -7.3561, 0, -0.255243, 4.94427e-06, 0.00885516, 0
1064301, -0.25, 0.256173, 2.53856, 3.22524, 0.414286, -4.2145, -4.91575, 0, -0.253314, 4.94427e-06, 0.00748336, 0
1064311, -0.25, 0.266286, 12, 12, 1.21858, 2.44736, 1.39899, 0, -0.259749, 4.94427e-06, 0.0171143, 0
1064321, -0.25, 0.26368, 5.70585, 4.36004, 0.940479, 5.30494, 5.64856, 0, -0.257524, 4.94427e-06, 0.0161172, 0
1064331, -0.25, 0.271662, 12, 12, 1.58365, 11.1253, 11.1323, 0, -0.262669, 4.94427e-06, 0.0235426, 0
1064341, -0.25, 0.277269, 12, 12, 1.9554, 13.776, 12.0264, 0, -0.265643, 4.94427e-06, 0.030436, 0
1064351, -0.25, 0.277269, 12, 12, 1.9199, 13.3237, 10.5222, 0, -0.265359, 4.94427e-06, 0.0311795, 0
1064360, -0.25, 0.280164, 12, 12, 2.14694, 17.8643, 15.0558, 0, -0.267176, 4.94427e-06, 0.0340035, 0
1064371, -0.25, 0.280164, 11.8557, 10.7963, 2.12526, 21.7632, 20.3187, 0, -0.267002, 4.94427e-06, 0.0344576, 0
1064381, -0.25, 0.280164, 12, 12, 2.12733, 23.6426, 22.6153, 0, -0.267019, 4.94427e-06, 0.0344142, 0
1064391, -0.25, 0.274435, 6.23673, 6.75519, 1.68459, 21.2233, 19.1301, 0, -0.263477, 4.94427e-06, 0.02869, 0
1064401, -0.25, 0.283122, 12, 12, 2.39797, 19.8103, 18.0712, 0, -0.269184, 4.94427e-06, 0.0364915, 0
1064411, -0.25, 0.280164, 9.4553, 8.50874, 2.10129, 18.7549, 18.0081, 0, -0.26681, 4.94427e-06, 0.0349596, 0
1064421, -0.25, 0.283122, 12, 12, 2.35818, 19.4456, 19.1301, 0, -0.268865, 4.94427e-06, 0.0373249, 0
1064431, -0.25, 0.277269, 5.16764, 4.79884, 1.88144, 18.4008, 18.0186, 0, -0.265052, 4.94427e-06, 0.0319851, 0
1064441, -0.25, 0.283122, 12, 12, 2.37918, 17.7451, 16.7143, 0, -0.269033, 4.94427e-06, 0.0368852, 0
1064451, -0.25, 0.277269, 5.36889, 4.7324, 1.87944, 15.9043, 15.2136, 0, -0.265035, 4.94427e-06, 0.0320271, 0
1064461, -0.25, 0.280164, 12, 12, 2.1508, 16.6617, 16.3145, 0, -0.267206, 4.94427e-06, 0.0339226, 0
1064471, -0.25, 0.280164, 12, 12, 2.12489, 15.5817, 15.2101, 0, -0.266999, 4.94427e-06, 0.0344653, 0
1064481, -0.25, 0.266286, -9.61585, -10.2787, 1.05523, 15.4205, 14.7367, 0, -0.258442, 4.94427e-06, 0.0205355, 0
1064491, -0.25, 0.258625, -12, -12, 0.565559, 18.0992, 18.4113, 0, -0.254524, 4.94427e-06, 0.0107356, 0
1064501, -0.25, 0.26368, 6.13722, 7.49789, 1.00284, 7.4122, 6.71796, 0, -0.258023, 4.94427e-06, 0.0148112, 0
1064511, -0.25, 0.258625, 8.18937, 9.83305, 0.570562, -6.95638, -7.99423, 0, -0.254564, 4.94427e-06, 0.0106308, 0
1064521, -0.25, 0.256173, 1.45026, 1.77998, 0.422381, -0.347118, 0, 0, -0.253379, 4.94427e-06, 0.00731382, 0
1064530, -0.25, 0.256173, -4.32803, -5.06462, 0.436533, 9.12675, 10.5187, 0, -0.253492, 4.94427e-06, 0.00701745, 0
1064541, -0.25, 0.261127, 5.97656, 6.00129, 0.817928, 7.6962, 8.40797, 0, -0.256543, 4.94427e-06, 0.0120001, 0
1064551, -0.25, 0.256173, 2.23402, 2.56229, 0.398763, 1.05187, 1.05187, 0, -0.25319, 4.94427e-06, 0.00780854, 0
1064561, -0.25, 0.249098, -11.2241, -11.661, -0.10773, 4.20749, 4.55811, 0, -0.249138, 4.94427e-06, -0.00010407, 0
1064571, -0.25, 0.242421, -12, -12, -0.575235, 6.66186, 7.00898, 0, -0.245398, 4.94427e-06, -0.00779465, 0
1064581, -0.25, 0.24683, 2.69309, 3.52837, -0.189954, -3.17666, -3.18016, 0, -0.24848, 4.94427e-06, -0.00432031, 0
1064591, -0.25, 0.24683, 8.54018, 10.3733, -0.226745, -12.5103, -13.5481, 0, -0.248186, 4.94427e-06, -0.00354977, 0
1064601, -0.25, 0.24683, 3.09689, 4.80511, -0.223232, -4.56513, -5.62051, 0, -0.248214, 4.94427e-06, -0.00362335, 0
1064611, -0.25, 0.251411, 3.45718, 3.37419, 0.130299, 5.95009, 7.3561, 0, -0.251042, 4.94427e-06, 0.000964224, 0
1064621, -0.25, 0.240277, -12, -12, -0.763554, 7.02651, 9.46685, 0, -0.243892, 4.94427e-06, -0.00946201, 0
1064631, -0.25, 0.236107, -12, -12, -1.00034, 6.3498, 7.42271, 0, -0.241997, 4.94427e-06, -0.0154196, 0
1064641, -0.25, 0.238173, -2.38793, -1.17373, -0.818137, -4.20749, -4.20048, 0, -0.243455, 4.94427e-06, -0.0138274, 0
1064651, -0.25, 0.240277, 6.50541, 8.38491, -0.672989, -13.5411, -13.9058, 0, -0.244616, 4.94427e-06, -0.0113589, 0
1064660, -0.25, 0.236107, -4.35344, -2.53859, -1.00899, -10.1891, -10.8799, 0, -0.241928, 4.94427e-06, -0.0152385, 0
1064671, -0.25, 0.238173, -9.82684, -9.93918, -0.817312, 1.39899, 3.15562, 0, -0.243462, 4.94427e-06, -0.0138447, 0
1064681, -0.25, 0.236107, -12, -12, -0.995211, -0.350624, 2.10374, 0, -0.242038, 4.94427e-06, -0.0155272, 0
1064691, -0.25, 0.240277, -0.0785007, 1.09273, -0.656078, -8.45355, -7.05456, 0, -0.244751, 4.94427e-06, -0.011713, 0
1064701, -0.25, 0.240277, 2.15018, 3.61761, -0.688462, -13.5797, -12.5243, 0, -0.244492, 4.94427e-06, -0.0110348, 0
1064711, -0.25, 0.240277, -3.15907, -1.63272, -0.68537, -7.01599, -6.31825, 0, -0.244517, 4.94427e-06, -0.0110995, 0
1064721, -0.25, 0.251411, 11.1247, 12, 0.174429, -0.347118, 0.697742, 0, -0.251395, 4.94427e-06, 3.99649e-05, 0
1064731, -0.25, 0.244605, -1.18271, -1.62941, -0.433467, -2.46839, -0.350624, 0, -0.246532, 4.94427e-06, -0.00504644, 0
1064741, -0.25, 0.249098, 3.44917, 3.35448, -0.0282582, 3.13809, 4.88069, 0, -0.249774, 4.94427e-06, -0.00176854, 0
1064751, -0.25, 0.244605, -6.13039, -5.85001, -0.414113, 3.50624, 4.211, 0, -0.246687, 4.94427e-06, -0.00545181, 0
1064761, -0.25, 0.249098, 2.57902, 2.90651, -0.0301078, 2.45086, 3.50274, 0, -0.249759, 4.94427e-06, -0.00172983, 0
1064771, -0.25, 0.24683, 1.01628, 0.967412, -0.24201, -2.45788, -1.05187, 0, -0.248064, 4.94427e-06, -0.00323005, 0
1064781, -0.25, 0.249098, 4.99838, 4.75001, -0.0465419, -2.10024, -0.347118, 0, -0.249628, 4.94427e-06, -0.00138561, 0
1064791, -0.25, 0.251411, 6.97924, 7.75584, 0.113428, 0.350624, 0.701248, 0, -0.250907, 4.94427e-06, 0.00131762, 0
1064801, -0.25, 0.24683, -3.27943, -2.3476, -0.255715, 2.80499, 2.45437, 0, -0.247954, 4.94427e-06, -0.00294299, 0
1064811, -0.25, 0.258625, 12, 12, 0.690743, 6.66186, 7.00898, 0, -0.255526, 4.94427e-06, 0.00811365, 0
1064821, -0.25, 0.253768, 5.16258, 4.03613, 0.22516, 2.4719, 3.88842, 0, -0.251801, 4.94427e-06, 0.00514984, 0
1064830, -0.25, 0.261127, 12, 12, 0.838112, 5.5609, 6.94236, 0, -0.256705, 4.94427e-06, 0.0115774, 0
1064841, -0.25, 0.256173, 0.591719, 1.0875, 0.396833, 8.83573, 8.84625, 0, -0.253175, 4.94427e-06, 0.00784892, 0
1064851, -0.25, 0.261127, 8.06735, 9.62748, 0.821717, 12.5313, 11.4584, 0, -0.256574, 4.94427e-06, 0.0119207, 0
1064861, -0.25, 0.24683, -12, -12, -0.323351, 10.1611, 10.5292, 0, -0.247413, 4.94427e-06, -0.00152642, 0
1064870, -0.25, 0.242421, -12, -12, -0.554645, 8.83924, 9.89111, 0, -0.245563, 4.94427e-06, -0.00822589, 0
1064881, -0.25, 0.24683, 2.36118, 3.14937, -0.19192, -1.39899, -0.701248, 0, -0.248465, 4.94427e-06, -0.00427915, 0
1064891, -0.25, 0.249098, 12, 12, -0.0513252, -11.4759, -11.1253, 0, -0.249589, 4.94427e-06, -0.00128545, 0
1064901, -0.25, 0.244605, 0.140322, -0.859474, -0.411909, -6.00619, -4.94731, 0, -0.246705, 4.94427e-06, -0.00549795, 0
1064911, -0.25, 0.242421, -12, -12, -0.546189, 7.99073, 9.03909, 0, -0.24563, 4.94427e-06, -0.008403, 0
1064921, -0.25, 0.234079, -12, -12, -1.17782, 7.06858, 6.71796, 0, -0.240577, 4.94427e-06, -0.0170135, 0
1064931, -0.25, 0.238173, 2.28673, 3.22058, -0.801191, -4.20048, -4.89471, 0, -0.24359, 4.94427e-06, -0.0141823, 0
1064941, -0.25, 0.238173, 5.72201, 6.63315, -0.837155, -11.8476, -12.1982, 0, -0.243303, 4.94427e-06, -0.0134291, 0
1064951, -0.25, 0.232086, -11.0368, -11.1458, -1.30396, -5.26287, -4.91575, 0, -0.239568, 4.94427e-06, -0.0195878, 0
1064961, -0.25, 0.228207, -12, -12, -1.55912, 3.15562, 4.55811, 0, -0.237527, 4.94427e-06, -0.0244014, 0
1064971, -0.25, 0.230129, -5.8826, -4.7681, -1.38621, -4.23554, -3.8779, 0, -0.23891, 4.94427e-06, -0.0229889, 0
1064981, -0.25, 0.232086, 0.840027, 1.77338, -1.25153, -12.5348, -11.4759, 0, -0.239988, 4.94427e-06, -0.020686, 0
1064991, -0.25, 0.234079, 1.67345, 1.89194, -1.11047, -11.5601, -9.48088, 0, -0.241116, 4.94427e-06, -0.0184242, 0
1065000, -0.25, 0.240277, 5.36803, 6.18639, -0.645073, -3.85687, -2.45437, 0, -0.244839, 4.94427e-06, -0.0119435, 0
1065011, -0.25, 0.242421, 4.80325, 5.85014, -0.523925, -0.697742, 0.347118, 0, -0.245809, 4.94427e-06, -0.00886932, 0
1065021, -0.25, 0.240277, -2.45025, -1.38844, -0.701083, 2.10725, 2.80499, 0, -0.244391, 4.94427e-06, -0.0107705, 0
1065031, -0.25, 0.249098, 10.287, 10.7555, -0.00270456, 4.90523, 7.00547, 0, -0.249978, 4.94427e-06, -0.00230376, 0
1065040, -0.25, 0.242421, -1.8818, -1.67447, -0.585265, 2.45086, 4.20749, 0, -0.245318, 4.94427e-06, -0.0075846, 0
1065051, -0.25, 0.251411, 12, 12, 0.16487, 4.20398, 7.36311, 0, -0.251319, 4.94427e-06, 0.000240177, 0
1065061, -0.25, 0.244605, -0.141906, 0.581995, -0.432555, 1.76715, 3.17666, 0, -0.24654, 4.94427e-06, -0.00506558, 0
1065071, -0.25, 0.251411, 9.20979, 10.4999, 0.150286, 6.25514, 7.29649, 0, -0.251202, 4.94427e-06, 0.000545591, 0
1065081, -0.25, 0.24683, -1.30917, -0.17124, -0.259236, 7.36661, 8.06436, 0, -0.247926, 4.94427e-06, -0.00286928, 0
1065091, -0.25, 0.251411, 6.89916, 7.77733, 0.133738, 7.36661, 8.78664, 0, -0.25107, 4.94427e-06, 0.000892222, 0
1065101, -0.25, 0.24683, 0.115492, 0.435785, -0.257656, 3.85336, 5.60297, 0, -0.247939, 4.94427e-06, -0.00290237, 0
1065111, -0.25, 0.249098, 3.55019, 3.927, -0.0450481, 4.90173, 6.64433, 0, -0.24964, 4.94427e-06, -0.00141691, 0
1065121, -0.25, 0.251411, 7.626, 7.76806, 0.113282, 3.85687, 5.97464, 0, -0.250906, 4.94427e-06, 0.0013206, 0
1065131, -0.25, 0.242421, -9.02979, -8.23224, -0.596341, 3.85687, 4.20749, 0, -0.245229, 4.94427e-06, -0.00735262, 0
1065141, -0.25, 0.234079, -12, -12, -1.17303, 7.70672, 7.3561, 0, -0.240616, 4.94427e-06, -0.0171138, 0
1065151, -0.25, 0.238173, -0.498762, -0.457403, -0.801647, 0, 0.35413, 0, -0.243587, 4.94427e-06, -0.0141728, 0
1065161, -0.25, 0.232086, -6.55225, -6.40025, -1.30735, -10.0804, -10.0419, 0, -0.239541, 4.94427e-06, -0.0195168, 0
1065170, -0.25, 0.234079, -6.36007, -5.25286, -1.10514, -6.66537, -7.71724, 0, -0.241159, 4.94427e-06, -0.0185358, 0
1065181, -0.25, 0.230129, -12, -12, -1.42956, -3.15211, -3.84985, 0, -0.238563, 4.94427e-06, -0.0220809, 0
1065191, -0.25, 0.228207, -12, -12, -1.54713, -6.0097, -4.24255, 0, -0.237623, 4.94427e-06, -0.0246526, 0
1065201, -0.25, 0.230129, -7.97044, -7.77234, -1.38736, -10.1576, -8.40446, 0, -0.238901, 4.94427e-06, -0.0229649, 0
1065211, -0.25, 0.232086, -3.66413, -3.82791, -1.25142, -14.6315, -12.1912, 0, -0.239989, 4.94427e-06, -0.0206883, 0
1065221, -0.25, 0.232086, -6.3123, -5.82906, -1.2644, -13.6498, -12.2508, 0, -0.239885, 4.94427e-06, -0.0204164, 0
1065231, -0.25, 0.232086, -10.5583, -9.94114, -1.26316, -10.1751, -9.12324, 0, -0.239895, 4.94427e-06, -0.0204423, 0
1065241, -0.25, 0.238173, -1.99879, -0.500214, -0.793042, -9.45283, -9.11623, 0, -0.243656, 4.94427e-06, -0.014353, 0
1065251, -0.25, 0.240277, 2.34075, 3.73468, -0.675384, -12.9661, -12.2508, 0, -0.244597, 4.94427e-06, -0.0113087, 0
1065261, -0.25, 0.24683, 11.0827, 11.6956, -0.180392, -9.828, -7.72074, 0, -0.248557, 4.94427e-06, -0.00452061, 0
1065271, -0.25, 0.244605, 2.05643, 1.95194, -0.399584, -4.20749, -1.75312, 0, -0.246803, 4.94427e-06, -0.0057561, 0
1065281, -0.25, 0.258625, 12, 12, 0.704482, 4.5511, 5.95009, 0, -0.255636, 4.94427e-06, 0.00782591, 0
1065291, -0.25, 0.256173, 4.63414, 4.74725, 0.409596, 6.71796, 7.44025, 0, -0.253277, 4.94427e-06, 0.00758165, 0
1065300, -0.25, 0.258625, 7.66117, 8.09897, 0.627212, 10.0769, 10.417, 0, -0.255018, 4.94427e-06, 0.00944428, 0
1065311, -0.25, 0.258625, 5.68471, 5.97862, 0.606433, 12.9521, 13.3167, 0, -0.254851, 4.94427e-06, 0.00987951, 0
1065321, -0.25, 0.268946, 12, 12, 1.40573, 13.3483, 13.6743, 0, -0.261246, 4.94427e-06, 0.0201586, 0
1065331, -0.25, 0.266286, 8.13199, 7.02512, 1.12391, 12.37, 13.7936, 0, -0.258991, 4.94427e-06, 0.0190972, 0
1065340, -0.25, 0.271662, 12, 12, 1.56613, 10.7642, 14.6035, 0, -0.262529, 4.94427e-06, 0.0239094, 0
1065351, -0.25, 0.277269, 12, 12, 1.95707, 11.6758, 12.3805, 0, -0.265657, 4.94427e-06, 0.030401, 0
1065361, -0.25, 0.277269, 10.831, 11.1003, 1.91974, 16.4793, 16.4723, 0, -0.265358, 4.94427e-06, 0.0311829, 0
1065371, -0.25, 0.280164, 12, 12, 2.14696, 21.2093, 20.8762, 0, -0.267176, 4.94427e-06, 0.0340032, 0
1065381, -0.25, 0.280164, 12, 12, 2.12526, 22.5732, 22.5662, 0, -0.267002, 4.94427e-06, 0.0344576, 0
1065391, -0.25, 0.280164, 12, 12, 2.12733, 22.8432, 23.5269, 0, -0.267019, 4.94427e-06, 0.0344142, 0
1065401, -0.25, 0.277269, 10.9986, 11.0102, 1.90348, 20.9954, 21.3425, 0, -0.265228, 4.94427e-06, 0.0315234, 0
1065411, -0.25, 0.280164, 12, 12, 2.14851, 19.8488, 17.7731, 0, -0.267188, 4.94427e-06, 0.0339707, 0
1065421, -0.25, 0.280164, 12, 12, 2.12511, 20.8516, 19.4386, 0, -0.267001, 4.94427e-06, 0.0344607, 0
1065431, -0.25, 0.280164, 12, 12, 2.12735, 22.8081, 21.7387, 0, -0.267019, 4.94427e-06, 0.0344139, 0
1065441, -0.25, 0.280164, 12, 12, 2.12713, 22.7695, 23.4708, 0, -0.267017, 4.94427e-06, 0.0344184, 0
1065451, -0.25, 0.280164, 12, 12, 2.12715, 21.3776, 22.0788, 0, -0.267017, 4.94427e-06, 0.034418, 0
1065461, -0.25, 0.268946, -5.35168, -5.37058, 1.26051, 21.3881, 21.062, 0, -0.260084, 4.94427e-06, 0.0232, 0
1065470, -0.25, 0.271662, 1.80358, 3.35743, 1.55308, 22.6153, 20.48, 0, -0.262425, 4.94427e-06, 0.0241827, 0
1065481, -0.25, 0.271662, 11.0198, 12, 1.52515, 11.5811, 9.13727, 0, -0.262201, 4.94427e-06, 0.0247678, 0
1065491, -0.25, 0.256173, -9.42723, -10.7199, 0.331227, 4.57915, 4.22853, 0, -0.25265, 4.94427e-06, 0.00922298, 0
1065501, -0.25, 0.249098, -12, -12, -0.101281, 11.1604, 11.8546, 0, -0.24919, 4.94427e-06, -0.000239149, 0
1065510, -0.25, 0.256173, 7.27303, 8.46341, 0.486538, 2.4719, 2.4719, 0, -0.253892, 4.94427e-06, 0.00597012, 0
1065521, -0.25, 0.244605, -5.65373, -4.67773, -0.463271, -9.0461, -9.40023, 0, -0.246294, 4.94427e-06, -0.00442223, 0
1065531, -0.25, 0.244605, -8.24547, -9.45749, -0.372572, -3.15211, -0.697742, 0, -0.247019, 4.94427e-06, -0.00632186, 0
1065541, -0.25, 0.24683, -7.564, -8.07426, -0.209307, 0.350624, 1.75663, 0, -0.248326, 4.94427e-06, -0.003915, 0
1065551, -0.25, 0.24683, -4.2424, -4.70003, -0.224898, -5.25235, -3.84985, 0, -0.248201, 4.94427e-06, -0.00358845, 0
1065561, -0.25, 0.249098, 1.60274, 1.52342, -0.0481755, -7.72074, -6.66186, 0, -0.249615, 4.94427e-06, -0.0013514, 0
1065571, -0.25, 0.249098, 1.08068, 0.369093, -0.065051, -7.00898, -5.26287, 0, -0.24948, 4.94427e-06, -0.000997946, 0
1065581, -0.25, 0.249098, -2.18566, -2.33811, -0.0634398, -2.10374, -1.4025, 0, -0.249492, 4.94427e-06, -0.00103171, 0
1065591, -0.25, 0.249098, -3.99629, -2.91572, -0.0635944, 0.350624, -0.701248, 0, -0.249491, 4.94427e-06, -0.00102846, 0
1065601, -0.25, 0.249098, -2.59754, -1.39471, -0.0635795, -1.74961, -2.80149, 0, -0.249491, 4.94427e-06, -0.00102879, 0
1065611, -0.25, 0.249098, -1.3252, -1.0831, -0.0635795, -3.49572, -3.1451, 0, -0.249491, 4.94427e-06, -0.00102876, 0
1065621, -0.25, 0.24683, -5.32319, -6.05197, -0.238813, -3.51676, -2.10725, 0, -0.248089, 4.94427e-06, -0.00329702, 0
1065631, -0.25, 0.258625, 12, 12, 0.68913, -3.49923, -2.45086, 0, -0.255513, 4.94427e-06, 0.00814748, 0
1065640, -0.25, 0.253768, 4.35154, 5.00277, 0.225317, -5.65206, -6.00619, 0, -0.251803, 4.94427e-06, 0.00514662, 0
1065651, -0.25, 0.258625, 8.27257, 9.02458, 0.64481, 3.47469, 3.12757, 0, -0.255158, 4.94427e-06, 0.00907573, 0
1065661, -0.25, 0.256173, 0.0688791, 0.777738, 0.415292, 8.77963, 8.07137, 0, -0.253322, 4.94427e-06, 0.00746231, 0
1065671, -0.25, 0.261127, 7.78511, 9.03903, 0.819955, 11.5636, 10.5187, 0, -0.25656, 4.94427e-06, 0.0119576, 0
1065680, -0.25, 0.240277, -12, -12, -0.829412, 8.06436, 8.06436, 0, -0.243365, 4.94427e-06, -0.0080827, 0
1065691, -0.25, 0.251411, 10.9029, 11.2694, 0.188183, 6.35682, 7.05806, 0, -0.251505, 4.94427e-06, -0.000248134, 0
1065701, -0.25, 0.253768, 12, 12, 0.273149, -2.78396, -2.78045, 0, -0.252185, 4.94427e-06, 0.00414473, 0
1065711, -0.25, 0.253768, 10.2334, 9.32463, 0.265036, 0.350624, 1.40951, 0, -0.25212, 4.94427e-06, 0.00431466, 0
1065721, -0.25, 0.258625, 11.6086, 11.9877, 0.641018, 11.1288, 10.4346, 0, -0.255128, 4.94427e-06, 0.00915515, 0
1065731, -0.25, 0.258625, 8.18393, 9.53253, 0.605114, 15.431, 13.3272, 0, -0.254841, 4.94427e-06, 0.00990713, 0
1065741, -0.25, 0.258625, 6.20837, 7.33806, 0.608541, 18.5445, 16.7949, 0, -0.254868, 4.94427e-06, 0.00983532, 0
1065751, -0.25, 0.261127, 10.7284, 11.3119, 0.801504, 18.6181, 17.9239, 0, -0.256412, 4.94427e-06, 0.0123441, 0
1065761, -0.25, 0.253768, 0.28146, -0.2752, 0.214584, 14.7262, 15.0874, 0, -0.251717, 4.94427e-06, 0.00537136, 0
1065771, -0.25, 0.258625, 9.89317, 10.4815, 0.645835, 14.7122, 14.0074, 0, -0.255167, 4.94427e-06, 0.00905426, 0
1065781, -0.25, 0.256173, 7.69184, 9.02887, 0.415195, 10.8764, 9.12324, 0, -0.253322, 4.94427e-06, 0.00746435, 0
1065791, -0.25, 0.24683, -8.81507, -8.18995, -0.284532, 11.213, 9.79644, 0, -0.247724, 4.94427e-06, -0.00233947, 0
1065801, -0.25, 0.242421, -12, -12, -0.558352, 12.2789, 11.5881, 0, -0.245533, 4.94427e-06, -0.00814825, 0
1065810, -0.25, 0.236107, -12, -12, -1.01994, 2.46839, 2.11777, 0, -0.24184, 4.94427e-06, -0.0150092, 0
1065821, -0.25, 0.238173, -0.397673, -0.929107, -0.816267, -9.81748, -8.75859, 0, -0.24347, 4.94427e-06, -0.0138666, 0
1065831, -0.25, 0.236107, -1.5785, -2.93995, -0.99531, -15.3083, -13.222, 0, -0.242038, 4.94427e-06, -0.0155251, 0
1065841, -0.25, 0.236107, -7.83237, -9.21473, -0.978213, -7.72074, -5.97464, 0, -0.242174, 4.94427e-06, -0.0158831, 0
1065851, -0.25, 0.228207, -12, -12, -1.59023, -1.75312, -1.05187, 0, -0.237278, 4.94427e-06, -0.0237499, 0
1065861, -0.25, 0.230129, -8.19473, -7.12351, -1.38324, -4.58967, -4.94029, 0, -0.238934, 4.94427e-06, -0.0230511, 0
1065871, -0.25, 0.22446, -12, -12, -1.84095, -10.4346, -9.37218, 0, -0.235272, 4.94427e-06, -0.0283061, 0
1065881, -0.25, 0.230129, -2.91718, -3.81636, -1.3593, -11.6337, -8.84274, 0, -0.239126, 4.94427e-06, -0.0235526, 0
1065891, -0.25, 0.226317, -10.9788, -11.9467, -1.6998, -14.2809, -11.8301, 0, -0.236402, 4.94427e-06, -0.0264014, 0
1065901, -0.25, 0.230129, -8.13894, -7.41192, -1.37278, -11.2095, -10.8588, 0, -0.239018, 4.94427e-06, -0.0232703, 0
1065911, -0.25, 0.234079, -4.06373, -0.94956, -1.09889, -10.8588, -13.3237, 0, -0.241209, 4.94427e-06, -0.0186667, 0
1065921, -0.25, 0.242421, 10.7047, 12, -0.480589, -13.3237, -13.6673, 0, -0.246155, 4.94427e-06, -0.00977695, 0
1065931, -0.25, 0.242421, 7.15496, 6.75861, -0.539631, -10.5608, -8.80768, 0, -0.245683, 4.94427e-06, -0.00854036, 0
1065940, -0.25, 0.249098, 11.4155, 11.353, -0.0181217, -0.347118, 1.04486, 0, -0.249855, 4.94427e-06, -0.00198086, 0
1065951, -0.25, 0.256173, 12, 12, 0.478595, 8.06436, 7.71373, 0, -0.253829, 4.94427e-06, 0.00613645, 0
1065961, -0.25, 0.256173, 7.37767, 8.04687, 0.431165, 13.4394, 12.0019, 0, -0.253449, 4.94427e-06, 0.00712988, 0
1065971, -0.25, 0.261127, 12, 12, 0.818439, 15.6308, 14.2669, 0, -0.256548, 4.94427e-06, 0.0119894, 0
1065980, -0.25, 0.266286, 12, 12, 1.17999, 15.2206, 14.1582, 0, -0.25944, 4.94427e-06, 0.0179226, 0
1065991, -0.25, 0.268946, 12, 12, 1.35095, 17.5382, 16.4583, 0, -0.260808, 4.94427e-06, 0.0213057, 0
1066001, -0.25, 0.271662, 12, 12, 1.54445, 21.3776, 21.0269, 0, -0.262356, 4.94427e-06, 0.0243635, 0
1066011, -0.25, 0.268946, 6.85603, 6.60029, 1.31615, 23.5094, 23.1587, 0, -0.260529, 4.94427e-06, 0.0220346, 0
1066021, -0.25, 0.268946, 7.69122, 7.40066, 1.33795, 24.6664, 24.3368, 0, -0.260704, 4.94427e-06, 0.021578, 0
1066031, -0.25, 0.271662, 12, 12, 1.54569, 22.7801, 22.1069, 0, -0.262366, 4.94427e-06, 0.0243375, 0
1066041, -0.25, 0.266286, 6.50433, 7.37046, 1.11054, 18.7023, 16.5775, 0, -0.258884, 4.94427e-06, 0.0193771, 0
1066051, -0.25, 0.266286, 12, 12, 1.15209, 12.5559, 10.105, 0, -0.259217, 4.94427e-06, 0.0185068, 0
1066061, -0.25, 0.26368, 7.83495, 6.41685, 0.946827, 13.776, 13.0818, 0, -0.257575, 4.94427e-06, 0.0159843, 0
1066071, -0.25, 0.268946, 12, 12, 1.37322, 17.3839, 17.3839, 0, -0.260986, 4.94427e-06, 0.0208393, 0
1066081, -0.25, 0.268946, 11.757, 12, 1.33251, 18.7093, 18.001, 0, -0.26066, 4.94427e-06, 0.0216921, 0
1066091, -0.25, 0.268946, 11.9403, 12, 1.33639, 20.6448, 19.1826, 0, -0.260691, 4.94427e-06, 0.0216107, 0
1066101, -0.25, 0.268946, 12, 11.2149, 1.33602, 22.4294, 22.1139, 0, -0.260688, 4.94427e-06, 0.0216185, 0
1066112, -0.25, 0.268946, 12, 11.2398, 1.33606, 23.7828, 23.7548, 0, -0.260688, 4.94427e-06, 0.0216177, 0
1066121, -0.25, 0.268946, 12, 12, 1.33605, 24.9118, 24.2702, 0, -0.260688, 4.94427e-06, 0.0216178, 0
1066131, -0.25, 0.26368, 7.13596, 8.63815, 0.929263, 20.1118, 17.2542, 0, -0.257434, 4.94427e-06, 0.0163522, 0
1066141, -0.25, 0.261127, 5.52973, 6.7928, 0.770874, 18.0782, 15.6519, 0, -0.256167, 4.94427e-06, 0.0129856, 0
1066151, -0.25, 0.261127, 5.95235, 5.7573, 0.785999, 18.5445, 18.2149, 0, -0.256288, 4.94427e-06, 0.0126688, 0
1066161, -0.25, 0.261127, 8.36219, 6.93318, 0.784557, 15.7956, 17.1841, 0, -0.256276, 4.94427e-06, 0.0126991, 0
1066171, -0.25, 0.249098, -11.5282, -12, -0.144571, 14.025, 15.0558, 0, -0.248843, 4.94427e-06, 0.000667527, 0
1066181, -0.25, 0.232086, -12, -12, -1.37009, 14.7893, 14.4668, 0, -0.239039, 4.94427e-06, -0.0182027, 0
1066190, -0.25, 0.236107, 3.11225, 4.1538, -0.942426, 2.81551, 2.11076, 0, -0.242461, 4.94427e-06, -0.0166327, 0
1066201, -0.25, 0.234079, 3.07342, 3.47845, -1.13998, -6.26215, -5.91503, 0, -0.24088, 4.94427e-06, -0.017806, 0
1066211, -0.25, 0.234079, -0.19626, -1.95195, -1.12112, -3.84985, -0.697742, 0, -0.241031, 4.94427e-06, -0.0182011, 0
1066221, -0.25, 0.234079, -6.9421, -8.47362, -1.12292, 2.45437, 4.91224, 0, -0.241017, 4.94427e-06, -0.0181634, 0
1066231, -0.25, 0.222635, -12, -12, -2.0068, 2.45437, 1.74961, 0, -0.233946, 4.94427e-06, -0.0296105, 0
1066241, -0.25, 0.222635, -10.9088, -10.3049, -1.9224, -2.12128, -3.18367, 0, -0.234621, 4.94427e-06, -0.0313782, 0
1066251, -0.25, 0.222635, -10.5622, -10.4685, -1.93046, -7.99073, -7.99073, 0, -0.234556, 4.94427e-06, -0.0312094, 0
1066261, -0.25, 0.222635, -10.299, -11.0795, -1.92969, -12.9766, -11.5566, 0, -0.234562, 4.94427e-06, -0.0312255, 0
1066271, -0.25, 0.220841, -12, -12, -2.06837, -14.7192, -12.2894, 0, -0.233453, 4.94427e-06, -0.0330181, 0
1066280, -0.25, 0.222635, -11.3784, -10.8174, -1.91652, -15.189, -13.4149, 0, -0.234668, 4.94427e-06, -0.0315014, 0
1066291, -0.25, 0.232086, 3.54464, 4.70694, -1.20088, -16.6617, -14.9366, 0, -0.240393, 4.94427e-06, -0.0217466, 0
1066301, -0.25, 0.228207, -6.04806, -5.28483, -1.56896, -17.2332, -15.445, 0, -0.237448, 4.94427e-06, -0.0241952, 0
1066311, -0.25, 0.238173, 3.95692, 4.83502, -0.763841, -8.06436, -5.97113, 0, -0.243889, 4.94427e-06, -0.0149646, 0
1066321, -0.25, 0.236107, -3.67284, -2.33549, -1.00032, -6.65485, -5.59246, 0, -0.241997, 4.94427e-06, -0.0154202, 0
1066331, -0.25, 0.240277, 0.983498, 2.24875, -0.655591, -4.20749, -2.8085, 0, -0.244755, 4.94427e-06, -0.0117232, 0
1066341, -0.25, 0.249098, 12, 12, -0.00704825, -3.50274, -2.45437, 0, -0.249944, 4.94427e-06, -0.00221278, 0
1066351, -0.25, 0.240277, -5.71907, -6.94353, -0.750439, -2.82603, -1.05888, 0, -0.243996, 4.94427e-06, -0.0097367, 0
1066361, -0.25, 0.251411, 8.04832, 8.06991, 0.180643, 6.25864, 6.95989, 0, -0.251445, 4.94427e-06, -9.01818e-05, 0
1066371, -0.25, 0.256173, 12, 12, 0.459615, 4.20398, 3.50274, 0, -0.253677, 4.94427e-06, 0.00653398, 0
1066381, -0.25, 0.256173, 12, 12, 0.432976, 4.23554, 3.52728, 0, -0.253464, 4.94427e-06, 0.00709191, 0
1066391, -0.25, 0.256173, 6.20135, 5.74682, 0.43552, 12.9976, 12.64, 0, -0.253484, 4.94427e-06, 0.00703864, 0
1066401, -0.25, 0.268946, 12, 12, 1.42205, 17.3839, 18.4323, 0, -0.261376, 4.94427e-06, 0.0198167, 0
1066411, -0.25, 0.266286, 11.0001, 11.331, 1.12235, 11.6477, 11.9949, 0, -0.258979, 4.94427e-06, 0.0191298, 0
1066421, -0.25, 0.266286, 11.2887, 11.7767, 1.15097, 14.2599, 14.2669, 0, -0.259208, 4.94427e-06, 0.0185304, 0
1066431, -0.25, 0.268946, 12, 12, 1.35373, 19.2843, 19.2913, 0, -0.26083, 4.94427e-06, 0.0212476, 0
1066441, -0.25, 0.268946, 11.3752, 11.0046, 1.33437, 21.5844, 21.9315, 0, -0.260675, 4.94427e-06, 0.0216531, 0
1066451, -0.25, 0.268946, 11.7719, 11.3144, 1.33621, 22.9203, 23.2674, 0, -0.26069, 4.94427e-06, 0.0216144, 0
1066461, -0.25, 0.268946, 12, 12, 1.33604, 22.4575, 22.4294, 0, -0.260688, 4.94427e-06, 0.0216181, 0
1066471, -0.25, 0.266286, 11.4707, 12, 1.13056, 18.3937, 16.9912, 0, -0.259044, 4.94427e-06, 0.0189578, 0
1066481, -0.25, 0.268946, 12, 12, 1.35568, 18.8425, 18.1518, 0, -0.260845, 4.94427e-06, 0.0212068, 0
1066491, -0.25, 0.26368, 1.33508, 0.400291, 0.927389, 21.7983, 21.7983, 0, -0.257419, 4.94427e-06, 0.0163914, 0
1066501, -0.25, 0.268946, 11.1858, 10.2893, 1.37508, 23.3411, 23.6882, 0, -0.261001, 4.94427e-06, 0.0208005, 0
1066511, -0.25, 0.266286, 11.2357, 11.5647, 1.12683, 17.1666, 15.7816, 0, -0.259015, 4.94427e-06, 0.0190359, 0
1066521, -0.25, 0.256173, -1.6993, -1.50834, 0.369262, 12.2543, 10.5012, 0, -0.252954, 4.94427e-06, 0.00842635, 0
1066531, -0.25, 0.258625, 2.04323, 3.28912, 0.631064, 15.452, 12.6295, 0, -0.255049, 4.94427e-06, 0.00936362, 0
1066541, -0.25, 0.258625, 5.90645, 6.62366, 0.606064, 9.828, 8.07838, 0, -0.254849, 4.94427e-06, 0.00988722, 0
1066551, -0.25, 0.249098, -7.05145, -8.30009, -0.127526, 4.90523, 5.25586, 0, -0.24898, 4.94427e-06, 0.000310525, 0
1066561, -0.25, 0.236107, -12, -12, -1.06108, 7.36311, 8.7621, 0, -0.241511, 4.94427e-06, -0.0141476, 0
1066571, -0.25, 0.234079, -12, -10.9671, -1.12865, 1.76364, 1.76715, 0, -0.240971, 4.94427e-06, -0.0180433, 0
1066580, -0.25, 0.238173, -0.400593, 1.16237, -0.805886, -6.97742, -6.97041, 0, -0.243553, 4.94427e-06, -0.014084, 0
1066591, -0.25, 0.234079, -4.33284, -5.20984, -1.15302, -14.2985, -11.1779, 0, -0.240776, 4.94427e-06, -0.0175329, 0
1066601, -0.25, 0.234079, -8.81154, -11.5953, -1.11987, -9.13025, -3.85687, 0, -0.241041, 4.94427e-06, -0.0182272, 0
1066611, -0.25, 0.230129, -12, -12, -1.42816, -3.85687, -1.75312, 0, -0.238575, 4.94427e-06, -0.0221104, 0
1066620, -0.25, 0.230129, -11.8773, -9.97227, -1.39872, -6.71095, -7.06508, 0, -0.23881, 4.94427e-06, -0.022727, 0
1066631, -0.25, 0.228207, -12, -12, -1.55007, -11.4759, -11.8125, 0, -0.237599, 4.94427e-06, -0.0245909, 0
1066641, -0.25, 0.230129, -8.39509, -10.2489, -1.38707, -14.4773, -12.0124, 0, -0.238903, 4.94427e-06, -0.0229708, 0
1066651, -0.25, 0.234079, -1.86515, -3.79126, -1.09752, -16.7072, -13.9163, 0, -0.24122, 4.94427e-06, -0.0186953, 0
1066661, -0.25, 0.242421, 10.454, 10.7127, -0.480719, -15.3889, -15.0558, 0, -0.246154, 4.94427e-06, -0.00977424, 0
1066671, -0.25, 0.242421, 4.71494, 6.61656, -0.539619, -9.47737, -11.5776, 0, -0.245683, 4.94427e-06, -0.0085406, 0
1066681, -0.25, 0.24683, 4.82242, 6.89134, -0.193356, 0.701248, -1.4025, 0, -0.248453, 4.94427e-06, -0.00424908, 0
1066691, -0.25, 0.256173, 12, 12, 0.495329, 6.30773, 5.60648, 0, -0.253963, 4.94427e-06, 0.00578597, 0
1066701, -0.25, 0.256173, 10.4957, 9.10967, 0.429567, 7.0791, 8.13799, 0, -0.253437, 4.94427e-06, 0.00716335, 0
1066711, -0.25, 0.253768, 4.49383, 2.83555, 0.250101, 10.0804, 11.1113, 0, -0.252001, 4.94427e-06, 0.0046275, 0
1066721, -0.25, 0.268946, 12, 12, 1.43975, 14.0109, 13.3167, 0, -0.261518, 4.94427e-06, 0.0194459, 0
1066731, -0.25, 0.266286, 6.97932, 7.82632, 1.12066, 13.4464, 11.3217, 0, -0.258965, 4.94427e-06, 0.0191652, 0
1066741, -0.25, 0.271662, 12, 12, 1.56644, 16.3216, 14.2529, 0, -0.262532, 4.94427e-06, 0.023903, 0
1066750, -0.25, 0.266286, 2.66754, 0.79357, 1.10856, 17.3384, 17.3173, 0, -0.258868, 4.94427e-06, 0.0194186, 0
1066761, -0.25, 0.201465, -12, -12, -3.8554, 19.8103, 19.8103, 0, -0.219157, 4.94427e-06, -0.0463179, 0
1066771, -0.25, 0.271662, 12, 12, 2.04161, 15.2136, 14.8559, 0, -0.266333, 4.94427e-06, 0.0139509, 0
1066781, -0.25, 0.271662, 12, 12, 1.4785, -3.85687, -1.4025, 0, -0.261828, 4.94427e-06, 0.0257449, 0
1066790, -0.25, 0.277269, 12, 12, 1.96544, 2.10024, 2.44736, 0, -0.265724, 4.94427e-06, 0.0302257, 0
1066801, -0.25, 0.277269, 6.52718, 7.15872, 1.91894, 13.2992, 12.2508, 0, -0.265352, 4.94427e-06, 0.0311996, 0
1066811, -0.25, 0.283122, 12, 12, 2.3756, 19.8558, 18.7759, 0, -0.269005, 4.94427e-06, 0.0369602, 0
1066821, -0.25, 0.280164, 9.76644, 8.96041, 2.10343, 19.0915, 18.7829, 0, -0.266827, 4.94427e-06, 0.0349149, 0
1066831, -0.25, 0.280164, 12, 12, 2.12942, 19.4526, 17.717, 0, -0.267035, 4.94427e-06, 0.0343706, 0
1066841, -0.25, 0.277269, 11.1085, 11.8545, 1.90328, 17.6855, 14.8384, 0, -0.265226, 4.94427e-06, 0.0315276, 0
1066851, -0.25, 0.274435, 8.42821, 8.5314, 1.70599, 18.7829, 16.6827, 0, -0.263648, 4.94427e-06, 0.0282419, 0
1066861, -0.25, 0.280164, 12, 12, 2.16737, 21.3776, 19.9856, 0, -0.267339, 4.94427e-06, 0.0335757, 0
1066871, -0.25, 0.280164, 12, 12, 2.12331, 19.7822, 19.0985, 0, -0.266986, 4.94427e-06, 0.0344984, 0
1066881, -0.25, 0.277269, 10.5531, 10.6567, 1.90387, 18.9337, 17.8713, 0, -0.265231, 4.94427e-06, 0.0315154, 0
1066891, -0.25, 0.268946, -2.00245, -2.70379, 1.28183, 19.8103, 19.1301, 0, -0.260255, 4.94427e-06, 0.0227534, 0
1066901, -0.25, 0.271662, 5.76581, 4.81649, 1.55105, 19.663, 19.6034, 0, -0.262408, 4.94427e-06, 0.0242253, 0
1066911, -0.25, 0.268946, 8.65629, 7.62425, 1.31552, 10.8553, 10.8904, 0, -0.260524, 4.94427e-06, 0.0220478, 0
1066921, -0.25, 0.268946, 12, 12, 1.33802, 7.37363, 6.66186, 0, -0.260704, 4.94427e-06, 0.0215767, 0
1066931, -0.25, 0.253768, -12, -12, 0.16335, 10.9325, 10.5924, 0, -0.251307, 4.94427e-06, 0.00644439, 0
1066941, -0.25, 0.249098, -12, -12, -0.0852495, 14.0355, 14.0074, 0, -0.249318, 4.94427e-06, -0.000574902, 0
1066951, -0.25, 0.256173, 8.0682, 8.78561, 0.485007, 3.50624, 3.50975, 0, -0.25388, 4.94427e-06, 0.00600219, 0
1066961, -0.25, 0.232086, -12, -12, -1.43021, -9.74034, -11.1393, 0, -0.238558, 4.94427e-06, -0.0169435, 0
1066971, -0.25, 0.234079, -11.5124, -11.8008, -1.0934, -2.82252, -3.53079, 0, -0.241253, 4.94427e-06, -0.0187816, 0
1066981, -0.25, 0.236107, -11.449, -12, -0.968847, -1.7391, -1.04135, 0, -0.242249, 4.94427e-06, -0.0160793, 0
1066991, -0.25, 0.238173, -4.11597, -4.62721, -0.821145, -9.51243, -8.45706, 0, -0.243431, 4.94427e-06, -0.0137644, 0
1067001, -0.25, 0.234079, -9.39121, -9.5461, -1.15156, -14.3055, -13.9548, 0, -0.240787, 4.94427e-06, -0.0175634, 0
1067011, -0.25, 0.232086, -12, -12, -1.27393, -11.9107, -12.2754, 0, -0.239809, 4.94427e-06, -0.0202167, 0
1067021, -0.25, 0.230129, -12, -12, -1.41344, -9.18285, -9.89111, 0, -0.238692, 4.94427e-06, -0.0224185, 0
1067031, -0.25, 0.232086, -8.42173, -7.8595, -1.24892, -11.9212, -12.9731, 0, -0.240009, 4.94427e-06, -0.0207404, 0
1067041, -0.25, 0.242421, 10.915, 11.4915, -0.466261, -15.6764, -15.6694, 0, -0.24627, 4.94427e-06, -0.010077, 0
1067051, -0.25, 0.234079, -6.59371, -7.1386, -1.18545, -14.7262, -14.0285, 0, -0.240516, 4.94427e-06, -0.0168537, 0
1067061, -0.25, 0.240277, -4.55828, -5.26235, -0.637913, -2.10024, -1.04837, 0, -0.244897, 4.94427e-06, -0.0120935, 0
1067071, -0.25, 0.24683, 5.43545, 5.87107, -0.183968, -2.80499, -2.80149, 0, -0.248528, 4.94427e-06, -0.00444569, 0
1067081, -0.25, 0.244605, 3.55861, 5.01299, -0.399243, -7.36311, -8.7621, 0, -0.246806, 4.94427e-06, -0.00576325, 0
1067090, -0.25, 0.249098, 8.2125, 8.06059, -0.0315271, -2.45437, -1.4025, 0, -0.249748, 4.94427e-06, -0.00170009, 0
1067101, -0.25, 0.256173, 12, 12, 0.479877, 1.04837, 2.10024, 0, -0.253839, 4.94427e-06, 0.00610963, 0
1067111, -0.25, 0.256173, 8.11843, 8.13557, 0.431042, 5.99217, 6.69342, 0, -0.253448, 4.94427e-06, 0.00713244, 0
1067121, -0.25, 0.258625, 7.81848, 8.54743, 0.625163, 13.2326, 12.8925, 0, -0.255001, 4.94427e-06, 0.00948718, 0
1067131, -0.25, 0.268946, 12, 12, 1.40394, 15.8132, 15.0803, 0, -0.261232, 4.94427e-06, 0.020196, 0
1067141, -0.25, 0.268946, 11.562, 10.8932, 1.32957, 16.5565, 16.5985, 0, -0.260637, 4.94427e-06, 0.0217536, 0
1067151, -0.25, 0.271662, 12, 12, 1.54649, 19.1441, 19.1055, 0, -0.262372, 4.94427e-06, 0.0243208, 0
1067161, -0.25, 0.268946, 6.47535, 6.40602, 1.31596, 21.921, 21.5844, 0, -0.260528, 4.94427e-06, 0.0220387, 0
1067171, -0.25, 0.271662, 12, 12, 1.54779, 20.1819, 20.2065, 0, -0.262382, 4.94427e-06, 0.0242936, 0
1067181, -0.25, 0.266286, 8.86233, 8.93752, 1.11034, 13.0713, 12.7136, 0, -0.258883, 4.94427e-06, 0.0193813, 0
1067191, -0.25, 0.268946, 12, 12, 1.35761, 15.6308, 15.2837, 0, -0.260861, 4.94427e-06, 0.0211664, 0
1067201, -0.25, 0.268946, 11.167, 10.8028, 1.334, 18.4078, 18.3937, 0, -0.260672, 4.94427e-06, 0.0216609, 0
1067211, -0.25, 0.268946, 10.959, 10.7714, 1.33625, 20.8516, 20.48, 0, -0.26069, 4.94427e-06, 0.0216137, 0
1067220, -0.25, 0.268946, 11.1591, 10.8853, 1.33603, 22.4575, 22.1314, 0, -0.260688, 4.94427e-06, 0.0216182, 0
1067231, -0.25, 0.271662, 12, 12, 1.54587, 23.1026, 22.4014, 0, -0.262367, 4.94427e-06, 0.0243337, 0
1067241, -0.25, 0.268946, 8.37375, 7.91917, 1.31602, 22.9834, 22.6468, 0, -0.260528, 4.94427e-06, 0.0220374, 0
1067251, -0.25, 0.271662, 12, 12, 1.54778, 19.4702, 18.0852, 0, -0.262382, 4.94427e-06, 0.0242937, 0
1067260, -0.25, 0.256173, -12, -12, 0.329066, 16.6301, 13.783, 0, -0.252633, 4.94427e-06, 0.00926825, 0
1067271, -0.25, 0.249098, -12, -12, -0.101075, 19.2738, 17.1911, 0, -0.249191, 4.94427e-06, -0.00024347, 0
1067281, -0.25, 0.253768, 4.7643, 4.76632, 0.300772, 7.37012, 6.30773, 0, -0.252406, 4.94427e-06, 0.00356621, 0
1067291, -0.25, 0.242421, -4.16359, -4.95274, -0.614244, -9.40023, -9.74385, 0, -0.245086, 4.94427e-06, -0.00697763, 0
1067301, -0.25, 0.244605, -3.16881, -2.51547, -0.358155, -3.49923, -5.60999, 0, -0.247135, 4.94427e-06, -0.00662379, 0
1067311, -0.25, 0.251411, 4.71723, 4.72274, 0.143182, 1.05187, 0.350624, 0, -0.251145, 4.94427e-06, 0.000694394, 0
1067321, -0.25, 0.238173, -12, -12, -0.927335, -1.39899, 0, 0, -0.242581, 4.94427e-06, -0.0115403, 0
1067331, -0.25, 0.236107, -12, -12, -0.984706, 1.05888, 3.17666, 0, -0.242122, 4.94427e-06, -0.0157472, 0
1067341, -0.25, 0.238173, -6.06013, -4.25418, -0.819633, -4.56513, -4.56513, 0, -0.243443, 4.94427e-06, -0.0137961, 0
1067351, -0.25, 0.240277, 1.85581, 2.68716, -0.672843, -12.4962, -10.7642, 0, -0.244617, 4.94427e-06, -0.0113619, 0
1067361, -0.25, 0.238173, -3.80383, -4.85837, -0.849411, -11.213, -7.3596, 0, -0.243205, 4.94427e-06, -0.0131724, 0
1067371, -0.25, 0.242421, -2.1559, -2.5454, -0.504412, -3.86738, -1.05187, 0, -0.245965, 4.94427e-06, -0.009278, 0
1067381, -0.25, 0.249098, 8.37122, 9.8196, -0.0214856, -3.84985, -3.14861, 0, -0.249828, 4.94427e-06, -0.0019104, 0
1067390, -0.25, 0.24683, 4.16239, 6.22395, -0.242833, -4.90173, -5.26287, 0, -0.248057, 4.94427e-06, -0.00321282, 0
1067401, -0.25, 0.249098, 2.89353, 3.60444, -0.0464637, 2.80499, 4.20048, 0, -0.249628, 4.94427e-06, -0.00138725, 0
1067411, -0.25, 0.249098, -0.152944, 0.110588, -0.0652149, 5.96061, 7.71373, 0, -0.249478, 4.94427e-06, -0.000994518, 0
