QGPIORecord, QRC v6.1.0, 20-12-2023 @ 16:45:22, Windows 10 Version 2009, 10.0.22621, x86_64
Time, ValueIn0, ValueIn1, ValueIn2, ValueIn3, ValueIn4, ValueIn5, ValueIn6, ValueIn7x, ValueIn8, ValueIn9, ValueIn10, ValueIn11
1958430, 0, 0, 0, 0, 0, 0, 0, 0, 0, 0, 0, 0
1958440, 0, 0, 0, 0, 0, 0, 0, 0, 0, 0, 0, 0
1958452, 0, 0, 0, 0, 0, 0, 0, 0, 0, 0, 0, 0
1958460, 0, 0, 0, 0, 0, 0, 0, 0, 0, 0, 0, 0
1958470, 0, 0, 0, 0, 0, 0, 0, 0, 0, 0, 0, 0
1958480, 0, 0, 0, 0, 0, 0, 0, 0, 0, 0, 0, 0
1958490, 0, 0, 0, 0, 0, 0, 0, 0, 0, 0, 0, 0
1958500, 0, 0, 0, 0, 0, 0, 0, 0, 0, 0, 0, 0
1958510, 0, 0, 0, 0, 0, 0, 0, 0, 0, 0, 0, 0
1958520, 0, 0, 0, 0, 0, 0, 0, 0, 0, 0, 0, 0
1958531, 0, 0, 0, 0, 0, 0, 0, 0, 0, 0, 0, 0
1958540, 0, 0, 0, 0, 0, 0, 0, 0, 0, 0, 0, 0
1958550, 0, 0, 0, 0, 0, 0, 0, 0, 0, 0, 0, 0
1958560, 0, 0, 0, 0, 0, 0, 0, 0, 0, 0, 0, 0
1958571, 0, 0, 0, 0, 0, 0, 0, 0, 0, 0, 0, 0
1958580, 0, 0, 0, 0, 0, 0, 0, 0, 0, 0, 0, 0
1958590, 0, 0, 0, 0, 0, 0, 0, 0, 0, 0, 0, 0
1958600, 0, 0, 0, 0, 0, 0, 0, 0, 0, 0, 0, 0
1958610, 0, 0, 0, 0, 0, 0, 0, 0, 0, 0, 0, 0
1958620, 0, 0, 0, 0, 0, 0, 0, 0, 0, 0, 0, 0
1958630, 0, 0, 0, 0, 0, 0, 0, 0, 0, 0, 0, 0
1958640, 0, 0, 0, 0, 0, 0, 0, 0, 0, 0, 0, 0
1958650, 0, 0, 0, 0, 0, 0, 0, 0, 0, 0, 0, 0
1958661, 0, 0, 0, 0, 0, 0, 0, 0, 0, 0, 0, 0
1958670, 0, 0, 0, 0, 0, 0, 0, 0, 0, 0, 0, 0
1958680, 0, 0, 0, 0, 0, 0, 0, 0, 0, 0, 0, 0
1958690, 0, 0, 0, 0, 0, 0, 0, 0, 0, 0, 0, 0
1958701, 0, 0, 0, 0, 0, 0, 0, 0, 0, 0, 0, 0
1958710, 0, 0, 0, 0, 0, 0, 0, 0, 0, 0, 0, 0
1958720, 0, 0, 0, 0, 0, 0, 0, 0, 0, 0, 0, 0
1958730, 0, 0, 0, 0, 0, 0, 0, 0, 0, 0, 0, 0
1958740, 0, 0, 0, 0, 0, 0, 0, 0, 0, 0, 0, 0
1958750, 0, 0, 0, 0, 0, 0, 0, 0, 0, 0, 0, 0
1958760, 0, 0, 0, 0, 0, 0, 0, 0, 0, 0, 0, 0
1958770, 0, 0, 0, 0, 0, 0, 0, 0, 0, 0, 0, 0
1958780, 0, 0, 0, 0, 0, 0, 0, 0, 0, 0, 0, 0
1958790, 0, 0, 0, 0, 0, 0, 0, 0, 0, 0, 0, 0
1958800, 0, 0, 0, 0, 0, 0, 0, 0, 0, 0, 0, 0
1958810, 0, 0, 0, 0, 0, 0, 0, 0, 0, 0, 0, 0
1958820, 0, 0, 0, 0, 0, 0, 0, 0, 0, 0, 0, 0
1958831, 0, 0, 0, 0, 0, 0, 0, 0, 0, 0, 0, 0
1958840, 0, 0, 0, 0, 0, 0, 0, 0, 0, 0, 0, 0
1958850, 0, 0, 0, 0, 0, 0, 0, 0, 0, 0, 0, 0
1958860, 0, 0, 0, 0, 0, 0, 0, 0, 0, 0, 0, 0
1958871, 0, 0, 0, 0, 0, 0, 0, 0, 0, 0, 0, 0
1958880, 0, 0, 0, 0, 0, 0, 0, 0, 0, 0, 0, 0
1958890, 0, 0, 0, 0, 0, 0, 0, 0, 0, 0, 0, 0
1958900, 0, 0, 0, 0, 0, 0, 0, 0, 0, 0, 0, 0
1958910, 0, 0, 0, 0, 0, 0, 0, 0, 0, 0, 0, 0
1958920, 0, 0, 0, 0, 0, 0, 0, 0, 0, 0, 0, 0
1958930, 0, 0, 0, 0, 0, 0, 0, 0, 0, 0, 0, 0
1958940, 0, 0, 0, 0, 0, 0, 0, 0, 0, 0, 0, 0
1958950, 0, 0, 0, 0, 0, 0, 0, 0, 0, 0, 0, 0
1958960, 0, 0, 0, 0, 0, 0, 0, 0, 0, 0, 0, 0
1958970, 0, 0, 0, 0, 0, 0, 0, 0, 0, 0, 0, 0
1958980, 0, 0, 0, 0, 0, 0, 0, 0, 0, 0, 0, 0
1958990, 0, 0, 0, 0, 0, 0, 0, 0, 0, 0, 0, 0
1959001, 0, 0, 0, 0, 0, 0, 0, 0, 0, 0, 0, 0
1959010, 0, 0, 0, 0, 0, 0, 0, 0, 0, 0, 0, 0
1959020, 0, 0, 0, 0, 0, 0, 0, 0, 0, 0, 0, 0
1959030, 0, 0, 0, 0, 0, 0, 0, 0, 0, 0, 0, 0
1959041, 0, 0, 0, 0, 0, 0, 0, 0, 0, 0, 0, 0
1959050, 0, 0, 0, 0, 0, 0, 0, 0, 0, 0, 0, 0
1959060, 0, 0, 0, 0, 0, 0, 0, 0, 0, 0, 0, 0
1959070, 0, 0, 0, 0, 0, 0, 0, 0, 0, 0, 0, 0
1959080, 0, 0, 0, 0, 0, 0, 0, 0, 0, 0, 0, 0
1959090, 0, 0, 0, 0, 0, 0, 0, 0, 0, 0, 0, 0
1959100, 0, 0, 0, 0, 0, 0, 0, 0, 0, 0, 0, 0
1959110, 0, 0, 0, 0, 0, 0, 0, 0, 0, 0, 0, 0
1959120, 0, 0, 0, 0, 0, 0, 0, 0, 0, 0, 0, 0
1959130, 0, 0, 0, 0, 0, 0, 0, 0, 0, 0, 0, 0
1959140, 0, 0, 0, 0, 0, 0, 0, 0, 0, 0, 0, 0
1959150, 0, 0, 0, 0, 0, 0, 0, 0, 0, 0, 0, 0
1959160, 0, 0, 0, 0, 0, 0, 0, 0, 0, 0, 0, 0
1959171, 0, 0, 0, 0, 0, 0, 0, 0, 0, 0, 0, 0
1959180, 0, 0, 0, 0, 0, 0, 0, 0, 0, 0, 0, 0
1959190, 0, 0, 0, 0, 0, 0, 0, 0, 0, 0, 0, 0
1959200, 0, 0, 0, 0, 0, 0, 0, 0, 0, 0, 0, 0
1959211, 0, 0, 0, 0, 0, 0, 0, 0, 0, 0, 0, 0
1959220, 0, 0, 0, 0, 0, 0, 0, 0, 0, 0, 0, 0
1959230, 0, 0, 0, 0, 0, 0, 0, 0, 0, 0, 0, 0
1959240, 0, 0, 0, 0, 0, 0, 0, 0, 0, 0, 0, 0
1959250, 0, 0, 0, 0, 0, 0, 0, 0, 0, 0, 0, 0
1959260, 0, 0, 0, 0, 0, 0, 0, 0, 0, 0, 0, 0
1959270, 0, 0, 0, 0, 0, 0, 0, 0, 0, 0, 0, 0
1959280, 0, 0, 0, 0, 0, 0, 0, 0, 0, 0, 0, 0
1959290, 0, 0, 0, 0, 0, 0, 0, 0, 0, 0, 0, 0
1959301, 0, 0, 0, 0, 0, 0, 0, 0, 0, 0, 0, 0
1959310, 0, 0, 0, 0, 0, 0, 0, 0, 0, 0, 0, 0
1959320, 0, 0, 0, 0, 0, 0, 0, 0, 0, 0, 0, 0
1959330, 0, 0, 0, 0, 0, 0, 0, 0, 0, 0, 0, 0
1959341, 0, 0, 0, 0, 0, 0, 0, 0, 0, 0, 0, 0
1959350, 0, 0, 0, 0, 0, 0, 0, 0, 0, 0, 0, 0
1959360, 0, 0, 0, 0, 0, 0, 0, 0, 0, 0, 0, 0
1959370, 0, 0, 0, 0, 0, 0, 0, 0, 0, 0, 0, 0
1959380, 0, 0, 0, 0, 0, 0, 0, 0, 0, 0, 0, 0
1959390, 0, 0, 0, 0, 0, 0, 0, 0, 0, 0, 0, 0
1959400, 0, 0, 0, 0, 0, 0, 0, 0, 0, 0, 0, 0
1959410, 0, 0, 0, 0, 0, 0, 0, 0, 0, 0, 0, 0
1959420, 0, 0, 0, 0, 0, 0, 0, 0, 0, 0, 0, 0
1959430, 0, 0, 0, 0, 0, 0, 0, 0, 0, 0, 0, 0
1959440, 0, 0, 0, 0, 0, 0, 0, 0, 0, 0, 0, 0
1959450, 0, 0, 0, 0, 0, 0, 0, 0, 0, 0, 0, 0
1959460, 0, 0, 0, 0, 0, 0, 0, 0, 0, 0, 0, 0
1959471, 0, 0, 0, 0, 0, 0, 0, 0, 0, 0, 0, 0
1959480, 0, 0, 0, 0, 0, 0, 0, 0, 0, 0, 0, 0
1959490, 0, 0, 0, 0, 0, 0, 0, 0, 0, 0, 0, 0
1959500, 0, 0, 0, 0, 0, 0, 0, 0, 0, 0, 0, 0
1959511, 0, 0, 0, 0, 0, 0, 0, 0, 0, 0, 0, 0
1959520, 0, 0, 0, 0, 0, 0, 0, 0, 0, 0, 0, 0
1959530, 0, 0, 0, 0, 0, 0, 0, 0, 0, 0, 0, 0
1959540, 0, 0, 0, 0, 0, 0, 0, 0, 0, 0, 0, 0
1959550, 0, 0, 0, 0, 0, 0, 0, 0, 0, 0, 0, 0
1959560, 0, 0, 0, 0, 0, 0, 0, 0, 0, 0, 0, 0
1959570, 0, 0, 0, 0, 0, 0, 0, 0, 0, 0, 0, 0
1959580, 0, 0, 0, 0, 0, 0, 0, 0, 0, 0, 0, 0
1959590, 0, 0, 0, 0, 0, 0, 0, 0, 0, 0, 0, 0
1959600, 0, 0, 0, 0, 0, 0, 0, 0, 0, 0, 0, 0
1959610, 0, 0, 0, 0, 0, 0, 0, 0, 0, 0, 0, 0
1959620, 0, 0, 0, 0, 0, 0, 0, 0, 0, 0, 0, 0
1959630, 0, 0, 0, 0, 0, 0, 0, 0, 0, 0, 0, 0
1959641, 0, 0, 0, 0, 0, 0, 0, 0, 0, 0, 0, 0
1959650, 0, 0, 0, 0, 0, 0, 0, 0, 0, 0, 0, 0
1959660, 0, 0, 0, 0, 0, 0, 0, 0, 0, 0, 0, 0
1959670, 0, 0, 0, 0, 0, 0, 0, 0, 0, 0, 0, 0
1959681, 0, 0, 0, 0, 0, 0, 0, 0, 0, 0, 0, 0
1959690, 0, 0, 0, 0, 0, 0, 0, 0, 0, 0, 0, 0
1959700, 0, 0, 0, 0, 0, 0, 0, 0, 0, 0, 0, 0
1959710, 0, 0, 0, 0, 0, 0, 0, 0, 0, 0, 0, 0
1959720, 0, 0, 0, 0, 0, 0, 0, 0, 0, 0, 0, 0
1959730, 0, 0, 0, 0, 0, 0, 0, 0, 0, 0, 0, 0
1959740, 0, 0, 0, 0, 0, 0, 0, 0, 0, 0, 0, 0
1959750, 0, 0, 0, 0, 0, 0, 0, 0, 0, 0, 0, 0
1959760, 0, 0, 0, 0, 0, 0, 0, 0, 0, 0, 0, 0
1959770, 0, 0, 0, 0, 0, 0, 0, 0, 0, 0, 0, 0
1959780, 0, 0, 0, 0, 0, 0, 0, 0, 0, 0, 0, 0
1959790, 0, 0, 0, 0, 0, 0, 0, 0, 0, 0, 0, 0
1959800, 0, 0, 0, 0, 0, 0, 0, 0, 0, 0, 0, 0
1959811, 0, 0, 0, 0, 0, 0, 0, 0, 0, 0, 0, 0
1959820, 0, 0, 0, 0, 0, 0, 0, 0, 0, 0, 0, 0
1959830, 0, 0, 0, 0, 0, 0, 0, 0, 0, 0, 0, 0
1959840, 0, 0, 0, 0, 0, 0, 0, 0, 0, 0, 0, 0
1959851, 0, 0, 0, 0, 0, 0, 0, 0, 0, 0, 0, 0
1959860, 0, 0, 0, 0, 0, 0, 0, 0, 0, 0, 0, 0
1959870, 0, 0, 0, 0, 0, 0, 0, 0, 0, 0, 0, 0
1959880, 0, 0, 0, 0, 0, 0, 0, 0, 0, 0, 0, 0
1959890, 0, 0, 0, 0, 0, 0, 0, 0, 0, 0, 0, 0
1959900, 0, 0, 0, 0, 0, 0, 0, 0, 0, 0, 0, 0
1959910, 0, 0, 0, 0, 0, 0, 0, 0, 0, 0, 0, 0
1959920, 0, 0, 0, 0, 0, 0, 0, 0, 0, 0, 0, 0
1959930, 0, 0, 0, 0, 0, 0, 0, 0, 0, 0, 0, 0
1959941, 0, 0, 0, 0, 0, 0, 0, 0, 0, 0, 0, 0
1959950, 0, 0, 0, 0, 0, 0, 0, 0, 0, 0, 0, 0
1959960, 0, 0, 0, 0, 0, 0, 0, 0, 0, 0, 0, 0
1959970, 0, 0, 0, 0, 0, 0, 0, 0, 0, 0, 0, 0
1959981, 0, 0, 0, 0, 0, 0, 0, 0, 0, 0, 0, 0
1959990, 0, 0, 0, 0, 0, 0, 0, 0, 0, 0, 0, 0
1960000, 0, 0, 0, 0, 0, 0, 0, 0, 0, 0, 0, 0
1960010, 0, 0, 0, 0, 0, 0, 0, 0, 0, 0, 0, 0
1960020, 0, 0, 0, 0, 0, 0, 0, 0, 0, 0, 0, 0
1960030, 0, 0, 0, 0, 0, 0, 0, 0, 0, 0, 0, 0
1960040, 0, 0, 0, 0, 0, 0, 0, 0, 0, 0, 0, 0
1960050, 0, 0, 0, 0, 0, 0, 0, 0, 0, 0, 0, 0
1960060, 0, 0, 0, 0, 0, 0, 0, 0, 0, 0, 0, 0
1960070, 0, 0, 0, 0, 0, 0, 0, 0, 0, 0, 0, 0
1960080, 0, 0, 0, 0, 0, 0, 0, 0, 0, 0, 0, 0
1960090, 0, 0, 0, 0, 0, 0, 0, 0, 0, 0, 0, 0
1960100, 0, 0, 0, 0, 0, 0, 0, 0, 0, 0, 0, 0
1960111, 0, 0, 0, 0, 0, 0, 0, 0, 0, 0, 0, 0
1960120, 0, 0, 0, 0, 0, 0, 0, 0, 0, 0, 0, 0
1960130, 0, 0, 0, 0, 0, 0, 0, 0, 0, 0, 0, 0
1960140, 0, 0, 0, 0, 0, 0, 0, 0, 0, 0, 0, 0
1960151, 0, 0, 0, 0, 0, 0, 0, 0, 0, 0, 0, 0
1960160, 0, 0, 0, 0, 0, 0, 0, 0, 0, 0, 0, 0
1960170, 0, 0, 0, 0, 0, 0, 0, 0, 0, 0, 0, 0
1960180, 0, 0, 0, 0, 0, 0, 0, 0, 0, 0, 0, 0
1960190, 0, 0, 0, 0, 0, 0, 0, 0, 0, 0, 0, 0
1960200, 0, 0, 0, 0, 0, 0, 0, 0, 0, 0, 0, 0
1960210, 0, 0, 0, 0, 0, 0, 0, 0, 0, 0, 0, 0
1960220, 0, 0, 0, 0, 0, 0, 0, 0, 0, 0, 0, 0
1960230, 0, 0, 0, 0, 0, 0, 0, 0, 0, 0, 0, 0
1960240, 0, 0, 0, 0, 0, 0, 0, 0, 0, 0, 0, 0
1960250, 0, 0, 0, 0, 0, 0, 0, 0, 0, 0, 0, 0
1960260, 0, 0, 0, 0, 0, 0, 0, 0, 0, 0, 0, 0
1960270, 0, 0, 0, 0, 0, 0, 0, 0, 0, 0, 0, 0
1960281, 0, 0, 0, 0, 0, 0, 0, 0, 0, 0, 0, 0
1960290, 0, 0, 0, 0, 0, 0, 0, 0, 0, 0, 0, 0
1960300, 0, 0, 0, 0, 0, 0, 0, 0, 0, 0, 0, 0
1960310, 0, 0, 0, 0, 0, 0, 0, 0, 0, 0, 0, 0
1960321, 0, 0, 0, 0, 0, 0, 0, 0, 0, 0, 0, 0
1960330, 0, 0, 0, 0, 0, 0, 0, 0, 0, 0, 0, 0
1960340, 0, 0, 0, 0, 0, 0, 0, 0, 0, 0, 0, 0
1960350, 0, 0, 0, 0, 0, 0, 0, 0, 0, 0, 0, 0
1960360, 0, 0, 0, 0, 0, 0, 0, 0, 0, 0, 0, 0
1960370, 0, 0, 0, 0, 0, 0, 0, 0, 0, 0, 0, 0
1960380, 0, 0, 0, 0, 0, 0, 0, 0, 0, 0, 0, 0
1960390, 0, 0, 0, 0, 0, 0, 0, 0, 0, 0, 0, 0
1960400, 0, 0, 0, 0, 0, 0, 0, 0, 0, 0, 0, 0
1960411, 0, 0, 0, 0, 0, 0, 0, 0, 0, 0, 0, 0
1960420, 0, 0, 0, 0, 0, 0, 0, 0, 0, 0, 0, 0
1960430, 0, 0, 0, 0, 0, 0, 0, 0, 0, 0, 0, 0
1960440, 0, 0, 0, 0, 0, 0, 0, 0, 0, 0, 0, 0
1960451, 0, 0, 0, 0, 0, 0, 0, 0, 0, 0, 0, 0
1960460, 0, 0, 0, 0, 0, 0, 0, 0, 0, 0, 0, 0
1960470, 0, 0, 0, 0, 0, 0, 0, 0, 0, 0, 0, 0
1960480, 0, 0, 0, 0, 0, 0, 0, 0, 0, 0, 0, 0
1960491, 0, 0, 0, 0, 0, 0, 0, 0, 0, 0, 0, 0
1960500, 0, 0, 0, 0, 0, 0, 0, 0, 0, 0, 0, 0
1960510, 0, 0, 0, 0, 0, 0, 0, 0, 0, 0, 0, 0
1960520, 0, 0, 0, 0, 0, 0, 0, 0, 0, 0, 0, 0
1960530, 0, 0, 0, 0, 0, 0, 0, 0, 0, 0, 0, 0
1960540, 0, 0, 0, 0, 0, 0, 0, 0, 0, 0, 0, 0
1960550, 0, 0, 0, 0, 0, 0, 0, 0, 0, 0, 0, 0
1960560, 0, 0, 0, 0, 0, 0, 0, 0, 0, 0, 0, 0
1960570, 0, 0, 0, 0, 0, 0, 0, 0, 0, 0, 0, 0
1960581, 0, 0, 0, 0, 0, 0, 0, 0, 0, 0, 0, 0
1960590, 0, 0, 0, 0, 0, 0, 0, 0, 0, 0, 0, 0
1960600, 0, 0, 0, 0, 0, 0, 0, 0, 0, 0, 0, 0
1960610, 0, 0, 0, 0, 0, 0, 0, 0, 0, 0, 0, 0
1960621, 0, 0, 0, 0, 0, 0, 0, 0, 0, 0, 0, 0
1960630, 0, 0, 0, 0, 0, 0, 0, 0, 0, 0, 0, 0
1960640, 0, 0, 0, 0, 0, 0, 0, 0, 0, 0, 0, 0
1960650, 0, 0, 0, 0, 0, 0, 0, 0, 0, 0, 0, 0
1960660, 0, 0, 0, 0, 0, 0, 0, 0, 0, 0, 0, 0
1960670, 0, 0, 0, 0, 0, 0, 0, 0, 0, 0, 0, 0
1960680, 0, 0, 0, 0, 0, 0, 0, 0, 0, 0, 0, 0
1960691, 0, 0, 0, 0, 0, 0, 0, 0, 0, 0, 0, 0
1960700, 7.386, 7.635, 10, 10, 0, 0, 10, 0, 0, 0, 0, 0
1960711, 8.031, 8.264, 10, 10, 0, 0, 10, 0, 0, 0, 0, 0
1960721, 5.31715, 5.43429, 5.4524, 5.46994, 4.5476, 4.53006, 10, 0, 0, 0, 0, 0
1960730, 4.61999, 2.81222, 4.03238, 1.58502, 5.96762, 8.41498, 10, 0, 0, 0, 0, 0
1960740, 4.88526, 2.91192, 4.03939, 1.58502, 5.96061, 8.41498, 10, 0, 0, 0, 0, 0
1960751, 5.41254, 4.6205, 4.40053, 3.69227, 5.59947, 6.30773, 10, 0, 0, 0, 0, 0
1960761, 5.94499, 6.1859, 4.73713, 5.43838, 5.26287, 4.56162, 10, 0, 0, 0, 0, 0
1960770, 6.51209, 6.79835, 5.09126, 5.79251, 4.90874, 4.20749, 10, 0, 0, 0, 0, 0
1960780, 7.36619, 5.8349, 5.80303, 4.05341, 4.19697, 5.94659, 10, 0, 0, 0, 0, 0
1960791, 6.68907, 4.99764, 4.37949, 2.62287, 5.62051, 7.37713, 10, 0, 0, 0, 0, 0
1960801, 5.43585, 4.38093, 2.30029, 1.59904, 7.69971, 8.40096, 10, 0, 0, 0, 0, 0
1960811, 4.54315, 4.74385, 0.890783, 1.94266, 9.10922, 8.05734, 10, 0, 0, 0, 0, 0
1960820, 5.36198, 5.91811, 1.92162, 3.32061, 8.07838, 6.67939, 10, 0, 0, 0, 0, 0
1960830, 7.05011, 6.14037, 4.03939, 3.33814, 5.96061, 6.66186, 10, 0, 0, 0, 0, 0
1960841, 6.79789, 5.56061, 3.34515, 2.3038, 6.65485, 7.6962, 10, 0, 0, 0, 0, 0
1960851, 5.71362, 5.42711, 1.58502, 1.93915, 8.41498, 8.06085, 10, 0, 0, 0, 0, 0
1960860, 5.81585, 5.80876, 1.58502, 2.27926, 8.41498, 7.72074, 10, 0, 0, 0, 0, 0
1960870, 5.92326, 5.69781, 1.59203, 1.94616, 8.40797, 8.05384, 10, 0, 0, 0, 0, 0
1960881, 6.01818, 5.26875, 1.58151, 1.22388, 8.41849, 8.77612, 10, 0, 0, 0, 0, 0
1960891, 5.8664, 5.08071, 1.2379, 0.876759, 8.7621, 9.12324, 10, 0, 0, 0, 0, 0
1960900, 5.69763, 5.15728, 0.901302, 0.904809, 9.0987, 9.09519, 10, 0, 0, 0, 0, 0
1960910, 5.47349, 4.93042, 0.519122, 0.533147, 9.48088, 9.46685, 10, 0, 0, 0, 0, 0
1960921, 5.53805, 5.24237, 0.561197, 0.897797, 9.4388, 9.1022, 10, 0, 0, 0, 0, 0
1960931, 5.80473, 5.28545, 0.873253, 0.880265, 9.12675, 9.11973, 10, 0, 0, 0, 0, 0
1960941, 5.5969, 5.06509, 0.515615, 0.519122, 9.48438, 9.48088, 10, 0, 0, 0, 0, 0
1960950, 5.39191, 5.1031, 0.193042, 0.526134, 9.80696, 9.47387, 10, 0, 0, 0, 0, 0
1960961, 5.40177, 4.6222, 0.189535, -0.147064, 9.81046, 10.1471, 10, 0, 0, 0, 0, 0
1960971, 5.15502, 4.85924, -0.161089, 0.17551, 10.1611, 9.82449, 10, 0, 0, 0, 0, 0
1960981, 5.12909, 4.87028, -0.182126, 0.17551, 10.1821, 9.82449, 10, 0, 0, 0, 0, 0
1960990, 5.38667, 4.88667, 0.182523, 0.182523, 9.81748, 9.81748, 10, 0, 0, 0, 0, 0
1961000, 5.39845, 4.89815, 0.182523, 0.182523, 9.81748, 9.81748, 10, 0, 0, 0, 0, 0
1961011, 5.4154, 4.92302, 0.189535, 0.200054, 9.81046, 9.79995, 10, 0, 0, 0, 0, 0
1961021, 5.17642, 4.92757, -0.15057, 0.189535, 10.1506, 9.81046, 10, 0, 0, 0, 0, 0
1961030, 5.40496, 5.18846, 0.172004, 0.515615, 9.828, 9.48438, 10, 0, 0, 0, 0, 0
1961040, 5.17263, 4.9746, -0.157582, 0.193042, 10.1576, 9.80696, 10, 0, 0, 0, 0, 0
1961051, 5.40589, 4.70833, 0.172004, -0.171608, 9.828, 10.1716, 10, 0, 0, 0, 0, 0
1961061, 5.17874, 4.97327, -0.15057, 0.189535, 10.1506, 9.81046, 10, 0, 0, 0, 0, 0
1961070, 5.41505, 4.97984, 0.182523, 0.182523, 9.81748, 9.81748, 10, 0, 0, 0, 0, 0
1961080, 5.42682, 5.25902, 0.182523, 0.533147, 9.81748, 9.46685, 10, 0, 0, 0, 0, 0
1961091, 5.436, 4.75716, 0.179017, -0.168101, 9.82098, 10.1681, 10, 0, 0, 0, 0, 0
1961101, 5.44496, 4.75194, 0.17551, -0.161089, 9.82449, 10.1611, 10, 0, 0, 0, 0, 0
1961111, 5.19731, 5.25847, -0.175114, 0.515615, 10.1751, 9.48438, 10, 0, 0, 0, 0, 0
1961120, 5.45016, 5.03658, 0.182523, 0.182523, 9.81748, 9.81748, 10, 0, 0, 0, 0, 0
1961131, 5.4723, 4.79642, 0.196548, -0.147064, 9.80345, 10.1471, 10, 0, 0, 0, 0, 0
1961141, 5.21564, 4.76576, -0.168101, -0.175114, 10.1681, 10.1751, 10, 0, 0, 0, 0, 0
1961151, 5.456, 4.76545, 0.172004, -0.161089, 9.828, 10.1611, 10, 0, 0, 0, 0, 0
1961160, 5.22625, 5.02302, -0.154077, 0.189535, 10.1541, 9.81046, 10, 0, 0, 0, 0, 0
1961170, 5.21373, 5.02691, -0.157582, 0.179017, 10.1576, 9.82098, 10, 0, 0, 0, 0, 0
1961181, 5.20097, 4.78118, -0.161089, -0.157582, 10.1611, 10.1576, 10, 0, 0, 0, 0, 0
1961191, 5.18022, 4.76323, -0.175114, -0.168101, 10.1751, 10.1681, 10, 0, 0, 0, 0, 0
1961200, 5.16893, 4.74195, -0.175114, -0.182126, 10.1751, 10.1821, 10, 0, 0, 0, 0, 0
1961210, 5.41401, 5.00891, 0.172004, 0.182523, 9.828, 9.81748, 10, 0, 0, 0, 0, 0
1961221, 5.45101, 5.03913, 0.207067, 0.207067, 9.79293, 9.79293, 10, 0, 0, 0, 0, 0
1961231, 5.18208, 4.75233, -0.175114, -0.185633, 10.1751, 10.1856, 10, 0, 0, 0, 0, 0
1961241, 5.1682, 4.746, -0.17862, -0.17862, 10.1786, 10.1786, 10, 0, 0, 0, 0, 0
1961250, 5.43119, 4.75618, 0.193042, -0.15057, 9.80696, 10.1506, 10, 0, 0, 0, 0, 0
1961261, 5.44623, 5.01174, 0.196548, 0.196548, 9.80345, 9.80345, 10, 0, 0, 0, 0, 0
1961271, 5.19734, 5.01339, -0.157582, 0.182523, 10.1576, 9.81748, 10, 0, 0, 0, 0, 0
1961281, 5.4332, 5.0222, 0.17551, 0.179017, 9.82449, 9.82098, 10, 0, 0, 0, 0, 0
1961290, 5.44452, 4.7604, 0.17551, -0.17862, 9.82449, 10.1786, 10, 0, 0, 0, 0, 0
1961300, 5.45843, 5.02222, 0.179017, 0.179017, 9.82098, 9.82098, 10, 0, 0, 0, 0, 0
1961311, 5.22655, 5.31725, -0.15057, 0.550678, 10.1506, 9.44932, 10, 0, 0, 0, 0, 0
1961321, 5.71406, 5.06544, 0.522629, 0.17551, 9.47737, 9.82449, 10, 0, 0, 0, 0, 0
1961330, 5.22983, 4.80343, -0.17862, -0.182126, 10.1786, 10.1821, 10, 0, 0, 0, 0, 0
1961340, 4.97487, 4.81071, -0.508206, -0.157582, 10.5082, 10.1576, 10, 0, 0, 0, 0, 0
1961351, 5.20365, 5.07118, -0.154077, 0.196548, 10.1541, 9.80345, 10, 0, 0, 0, 0, 0
1961361, 5.19113, 4.81316, -0.157582, -0.157582, 10.1576, 10.1576, 10, 0, 0, 0, 0, 0
1961370, 5.41145, 5.04953, 0.154473, 0.164991, 9.84553, 9.83501, 10, 0, 0, 0, 0, 0
1961380, 5.19352, 4.81363, -0.154077, -0.157582, 10.1541, 10.1576, 10, 0, 0, 0, 0, 0
1961391, 5.17322, 4.78765, -0.168101, -0.17862, 10.1681, 10.1786, 10, 0, 0, 0, 0, 0
1961401, 5.17533, 5.06821, -0.15057, 0.20356, 10.1506, 9.79644, 10, 0, 0, 0, 0, 0
1961411, 5.1449, 4.80528, -0.17862, -0.157582, 10.1786, 10.1576, 10, 0, 0, 0, 0, 0
1961420, 5.13855, 4.77128, -0.171608, -0.189138, 10.1716, 10.1891, 10, 0, 0, 0, 0, 0
1961431, 5.1249, 4.77544, -0.175114, -0.168101, 10.1751, 10.1681, 10, 0, 0, 0, 0, 0
1961441, 5.39329, 5.04863, 0.20356, 0.20356, 9.79644, 9.79644, 10, 0, 0, 0, 0, 0
1961451, 5.11637, 4.75626, -0.189138, -0.196151, 10.1891, 10.1962, 10, 0, 0, 0, 0, 0
1961460, 4.87369, 4.7814, -0.501194, -0.147064, 10.5012, 10.1471, 10, 0, 0, 0, 0, 0
1961470, 5.34118, 4.75341, 0.17551, -0.171608, 9.82449, 10.1716, 10, 0, 0, 0, 0, 0
1961481, 5.35509, 5.00229, 0.179017, 0.168498, 9.82098, 9.8315, 10, 0, 0, 0, 0, 0
1961491, 5.11802, 5.0343, -0.157582, 0.196548, 10.1576, 9.80345, 10, 0, 0, 0, 0, 0
1961500, 5.10527, 5.04399, -0.161089, 0.193042, 10.1611, 9.80696, 10, 0, 0, 0, 0, 0
1961510, 5.35644, 5.04542, 0.193042, 0.179017, 9.80696, 9.82098, 10, 0, 0, 0, 0, 0
1961521, 5.35335, 5.054, 0.172004, 0.17551, 9.828, 9.82449, 10, 0, 0, 0, 0, 0
1961531, 5.11065, 4.80805, -0.171608, -0.161089, 10.1716, 10.1611, 10, 0, 0, 0, 0, 0
1961540, 5.11512, 5.07365, -0.15057, 0.200054, 10.1506, 9.79995, 10, 0, 0, 0, 0, 0
1961550, 5.34366, 5.33252, 0.172004, 0.522629, 9.828, 9.47737, 10, 0, 0, 0, 0, 0
1961561, 5.36253, 5.09769, 0.182523, 0.172004, 9.81748, 9.828, 10, 0, 0, 0, 0, 0
1961571, 5.38207, 5.12457, 0.193042, 0.193042, 9.80696, 9.80696, 10, 0, 0, 0, 0, 0
1961581, 5.12519, 5.12601, -0.171608, 0.179017, 10.1716, 9.82098, 10, 0, 0, 0, 0, 0
1961590, 5.36791, 5.13459, 0.172004, 0.17551, 9.828, 9.82449, 10, 0, 0, 0, 0, 0
1961601, 5.38678, 5.15098, 0.182523, 0.182523, 9.81748, 9.81748, 10, 0, 0, 0, 0, 0
1961611, 5.40632, 5.16782, 0.193042, 0.189535, 9.80696, 9.81046, 10, 0, 0, 0, 0, 0
1961621, 5.40323, 5.17438, 0.172004, 0.182523, 9.828, 9.81748, 10, 0, 0, 0, 0, 0
1961630, 5.43245, 5.19925, 0.196548, 0.200054, 9.80345, 9.79995, 10, 0, 0, 0, 0, 0
1961640, 5.18357, 4.9361, -0.157582, -0.161089, 10.1576, 10.1611, 10, 0, 0, 0, 0, 0
1961651, 5.16564, 4.91258, -0.168101, -0.17862, 10.1681, 10.1786, 10, 0, 0, 0, 0, 0
1961661, 5.67015, 5.45014, 0.529641, 0.540159, 9.47036, 9.45984, 10, 0, 0, 0, 0, 0
1961670, 5.18637, 5.2057, -0.171608, 0.17551, 10.1716, 9.82449, 10, 0, 0, 0, 0, 0
1961680, 5.43168, 4.95975, 0.17551, -0.161089, 9.82449, 10.1611, 10, 0, 0, 0, 0, 0
1961691, 5.44559, 4.94962, 0.179017, -0.161089, 9.82098, 10.1611, 10, 0, 0, 0, 0, 0
1961701, 5.2137, 5.19916, -0.15057, 0.179017, 10.1506, 9.82098, 10, 0, 0, 0, 0, 0
1961710, 5.19104, 5.22112, -0.168101, 0.193042, 10.1681, 9.80696, 10, 0, 0, 0, 0, 0
1961720, 5.17761, 4.94683, -0.171608, -0.182126, 10.1716, 10.1821, 10, 0, 0, 0, 0, 0
1961731, 5.43328, 4.68641, 0.189535, -0.508206, 9.81046, 10.5082, 10, 0, 0, 0, 0, 0
1961741, 5.45069, 5.19252, 0.196548, 0.196548, 9.80345, 9.80345, 10, 0, 0, 0, 0, 0
1961751, 5.1785, 5.17811, -0.189138, 0.161486, 10.1891, 9.83851, 10, 0, 0, 0, 0, 0
1961760, 5.4408, 4.95269, 0.182523, -0.147064, 9.81748, 10.1471, 10, 0, 0, 0, 0, 0
1961771, 5.44999, 4.91935, 0.179017, -0.17862, 9.82098, 10.1786, 10, 0, 0, 0, 0, 0
1961781, 5.22328, 4.93221, -0.143558, -0.147064, 10.1436, 10.1471, 10, 0, 0, 0, 0, 0
1961791, 5.18295, 5.16389, -0.185633, 0.168498, 10.1856, 9.8315, 10, 0, 0, 0, 0, 0
1961800, 5.45325, 5.1852, 0.196548, 0.182523, 9.80345, 9.81748, 10, 0, 0, 0, 0, 0
1961810, 5.19401, 4.9263, -0.171608, -0.171608, 10.1716, 10.1716, 10, 0, 0, 0, 0, 0
1961821, 5.20107, 4.93157, -0.147064, -0.15057, 10.1471, 10.1506, 10, 0, 0, 0, 0, 0
1961831, 5.17345, 4.90603, -0.171608, -0.171608, 10.1716, 10.1716, 10, 0, 0, 0, 0, 0
1961840, 5.14426, 5.14956, -0.196151, 0.161486, 10.1962, 9.83851, 10, 0, 0, 0, 0, 0
1961850, 5.17045, 4.92414, -0.143558, -0.147064, 10.1436, 10.1471, 10, 0, 0, 0, 0, 0
1961861, 5.3865, 4.88544, 0.161486, -0.185633, 9.83851, 10.1856, 10, 0, 0, 0, 0, 0
1961871, 5.17938, 4.91392, -0.133039, -0.133039, 10.133, 10.133, 10, 0, 0, 0, 0, 0
1961881, 5.39092, 4.87343, 0.164991, -0.175114, 9.83501, 10.1751, 10, 0, 0, 0, 0, 0
1961890, 5.40933, 5.12208, 0.17551, 0.164991, 9.82449, 9.83501, 10, 0, 0, 0, 0, 0
1961901, 5.43101, 5.15655, 0.189535, 0.196548, 9.81046, 9.80345, 10, 0, 0, 0, 0, 0
1961911, 5.19203, 4.90389, -0.15057, -0.15057, 10.1506, 10.1506, 10, 0, 0, 0, 0, 0
1961921, 5.43611, 5.15409, 0.193042, 0.189535, 9.80696, 9.81046, 10, 0, 0, 0, 0, 0
1961930, 5.43303, 4.88225, 0.172004, -0.182126, 9.828, 10.1821, 10, 0, 0, 0, 0, 0
1961940, 5.44671, 5.14385, 0.17551, 0.17551, 9.82449, 9.82449, 10, 0, 0, 0, 0, 0
1961951, 4.95304, 5.16827, -0.508206, 0.193042, 10.5082, 9.80696, 10, 0, 0, 0, 0, 0
1961961, 5.16628, 4.91271, -0.175114, -0.157582, 10.1751, 10.1576, 10, 0, 0, 0, 0, 0
1961970, 5.41396, 4.87335, 0.17551, -0.196151, 9.82449, 10.1962, 10, 0, 0, 0, 0, 0
1961980, 5.18702, 4.90117, -0.147064, -0.143558, 10.1471, 10.1436, 10, 0, 0, 0, 0, 0
1961991, 5.15682, 5.1411, -0.175114, 0.182523, 10.1751, 9.81748, 10, 0, 0, 0, 0, 0
1962001, 5.15847, 5.14991, -0.157582, 0.179017, 10.1576, 9.82098, 10, 0, 0, 0, 0, 0
1962010, 5.12759, 4.88544, -0.185633, -0.182126, 10.1856, 10.1821, 10, 0, 0, 0, 0, 0
1962020, 4.87478, 4.62234, -0.511713, -0.511713, 10.5117, 10.5117, 10, 0, 0, 0, 0, 0
1962031, 5.10592, 4.59551, -0.154077, -0.504701, 10.1541, 10.5047, 10, 0, 0, 0, 0, 0
1962041, 5.08045, 5.0831, -0.175114, 0.17551, 10.1751, 9.82449, 10, 0, 0, 0, 0, 0
1962051, 5.07433, 5.0995, -0.168101, 0.182523, 10.1681, 9.81748, 10, 0, 0, 0, 0, 0
1962060, 5.31728, 5.10562, 0.17551, 0.17551, 9.82449, 9.82449, 10, 0, 0, 0, 0, 0
1962071, 5.08517, 4.86235, -0.154077, -0.157582, 10.1541, 10.1576, 10, 0, 0, 0, 0, 0
1962081, 5.07523, 4.59009, -0.154077, -0.501194, 10.1541, 10.5012, 10, 0, 0, 0, 0, 0
1962091, 5.03939, 4.81288, -0.189138, -0.168101, 10.1891, 10.1681, 10, 0, 0, 0, 0, 0
1962100, 4.78117, 4.78892, -0.522232, -0.185633, 10.5222, 10.1856, 10, 0, 0, 0, 0, 0
1962110, 5.022, 5.07172, -0.15057, 0.200054, 10.1506, 9.79995, 10, 0, 0, 0, 0, 0
1962121, 5.51469, 5.07627, 0.529641, 0.189535, 9.47036, 9.81046, 10, 0, 0, 0, 0, 0
1962131, 5.29247, 5.0748, 0.182523, 0.172004, 9.81748, 9.828, 10, 0, 0, 0, 0, 0
1962140, 5.3146, 5.10972, 0.196548, 0.20356, 9.80345, 9.79644, 10, 0, 0, 0, 0, 0
1962150, 5.30397, 5.36613, 0.164991, 0.522629, 9.83501, 9.47737, 10, 0, 0, 0, 0, 0
1962161, 5.07895, 4.87163, -0.154077, -0.168101, 10.1541, 10.1681, 10, 0, 0, 0, 0, 0
1962171, 5.06642, 5.12876, -0.157582, 0.182523, 10.1576, 9.81748, 10, 0, 0, 0, 0, 0
1962180, 5.29451, 5.14024, 0.164991, 0.182523, 9.83501, 9.81748, 10, 0, 0, 0, 0, 0
1962190, 5.0669, 5.14904, -0.157582, 0.179017, 10.1576, 9.82098, 10, 0, 0, 0, 0, 0
1962201, 5.31312, 5.43604, 0.189535, 0.540159, 9.81046, 9.45984, 10, 0, 0, 0, 0, 0
1962211, 5.31498, 5.19428, 0.17551, 0.179017, 9.82449, 9.82098, 10, 0, 0, 0, 0, 0
1962221, 5.07769, 5.20286, -0.161089, 0.17551, 10.1611, 9.82449, 10, 0, 0, 0, 0, 0
1962230, 5.31332, 5.21122, 0.172004, 0.172004, 9.828, 9.828, 10, 0, 0, 0, 0, 0
1962241, 5.59116, 5.23007, 0.533147, 0.182523, 9.46685, 9.81748, 10, 0, 0, 0, 0, 0
1962251, 5.37693, 5.25226, 0.196548, 0.196548, 9.80345, 9.80345, 10, 0, 0, 0, 0, 0
1962261, 5.1151, 5.25124, -0.175114, 0.179017, 10.1751, 9.82098, 10, 0, 0, 0, 0, 0
1962270, 5.36796, 5.27053, 0.182523, 0.189535, 9.81748, 9.81046, 10, 0, 0, 0, 0, 0
1962280, 5.12853, 5.02011, -0.157582, -0.154077, 10.1576, 10.1541, 10, 0, 0, 0, 0, 0
1962291, 5.11836, 4.99703, -0.157582, -0.171608, 10.1576, 10.1716, 10, 0, 0, 0, 0, 0
1962301, 5.36458, 5.54038, 0.189535, 0.554185, 9.81046, 9.44582, 10, 0, 0, 0, 0, 0
1962310, 5.11265, 5.27809, -0.168101, 0.164991, 10.1681, 9.83501, 10, 0, 0, 0, 0, 0
1962320, 5.09663, 5.03147, -0.175114, -0.171608, 10.1751, 10.1716, 10, 0, 0, 0, 0, 0
1962331, 5.34172, 5.02068, 0.172004, -0.171608, 9.828, 10.1716, 10, 0, 0, 0, 0, 0
1962341, 5.12492, 5.29632, -0.136545, 0.20356, 10.1365, 9.79644, 10, 0, 0, 0, 0, 0
1962350, 5.33365, 5.00395, 0.157979, -0.196151, 9.84202, 10.1962, 10, 0, 0, 0, 0, 0
1962360, 5.10299, 5.02106, -0.168101, -0.157582, 10.1681, 10.1576, 10, 0, 0, 0, 0, 0
1962371, 5.35889, 5.26814, 0.193042, 0.179017, 9.80696, 9.82098, 10, 0, 0, 0, 0, 0
1962381, 5.63031, 5.02508, 0.543666, -0.154077, 9.45633, 10.1541, 10, 0, 0, 0, 0, 0
1962391, 5.1319, 5.26435, -0.17862, 0.172004, 10.1786, 9.828, 10, 0, 0, 0, 0, 0
1962400, 5.39489, 5.29927, 0.193042, 0.20356, 9.80696, 9.79644, 10, 0, 0, 0, 0, 0
1962411, 5.38921, 5.27727, 0.168498, 0.157979, 9.8315, 9.84202, 10, 0, 0, 0, 0, 0
1962421, 5.167, 5.06234, -0.147064, -0.136545, 10.1471, 10.1365, 10, 0, 0, 0, 0, 0
1962431, 5.39318, 5.28933, 0.172004, 0.172004, 9.828, 9.828, 10, 0, 0, 0, 0, 0
1962440, 5.15049, 5.03244, -0.171608, -0.17862, 10.1716, 10.1786, 10, 0, 0, 0, 0, 0
1962450, 5.16531, 5.05333, -0.136545, -0.136545, 10.1365, 10.1365, 10, 0, 0, 0, 0, 0
1962461, 5.12025, 5.0153, -0.185633, -0.175114, 10.1856, 10.1751, 10, 0, 0, 0, 0, 0
1962471, 5.14453, 5.02302, -0.136545, -0.15057, 10.1365, 10.1506, 10, 0, 0, 0, 0, 0
1962480, 5.35585, 4.9841, 0.161486, -0.189138, 9.83851, 10.1891, 10, 0, 0, 0, 0, 0
1962490, 5.37404, 5.24794, 0.172004, 0.172004, 9.828, 9.828, 10, 0, 0, 0, 0, 0
1962501, 5.13393, 5.26679, -0.168101, 0.182523, 10.1681, 9.81748, 10, 0, 0, 0, 0, 0
1962511, 5.38983, 5.02931, 0.193042, -0.143558, 9.80696, 10.1436, 10, 0, 0, 0, 0, 0
1962521, 5.38933, 4.99083, 0.17551, -0.182126, 9.82449, 10.1821, 10, 0, 0, 0, 0, 0
1962530, 5.15722, 5.25778, -0.154077, 0.182523, 10.1541, 9.81748, 10, 0, 0, 0, 0, 0
1962541, 5.3933, 5.26926, 0.179017, 0.182523, 9.82098, 9.81748, 10, 0, 0, 0, 0, 0
1962551, 5.41521, 5.28878, 0.193042, 0.193042, 9.80696, 9.80696, 10, 0, 0, 0, 0, 0
1962561, 5.40953, 5.02519, 0.168498, -0.168101, 9.8315, 10.1681, 10, 0, 0, 0, 0, 0
1962570, 5.42817, 5.00123, 0.179017, -0.185633, 9.82098, 10.1856, 10, 0, 0, 0, 0, 0
1962580, 5.44748, 5.27599, 0.189535, 0.189535, 9.81046, 9.81046, 10, 0, 0, 0, 0, 0
1962591, 5.20333, 5.29059, -0.157582, 0.193042, 10.1576, 9.80696, 10, 0, 0, 0, 0, 0
1962601, 5.43919, 5.05109, 0.17551, -0.136545, 9.82449, 10.1365, 10, 0, 0, 0, 0, 0
1962610, 5.46605, 5.01038, 0.196548, -0.17862, 9.80345, 10.1786, 10, 0, 0, 0, 0, 0
1962621, 5.20939, 5.26417, -0.168101, 0.168498, 10.1681, 9.8315, 10, 0, 0, 0, 0, 0
1962631, 0, 0, 0, 0, 10.1751, 10.1611, 0, 0, 0, 0, 0, 0
1962640, 0, 0, 0, 0, 10.1786, 10.1786, 0, 0, 0, 0, 0, 0
1962650, 0, 0, 0, 0, 6.31825, 6.66537, 0, 0, 0, 0, 0, 0
1962660, 0, 0, 0, 0, 4.56162, 4.2145, 0, 0, 0, 0, 0, 0
1962671, 0, 0, 0, 0, 3.84635, 4.19697, 0, 0, 0, 0, 0, 0
1962680, 0, 0, 0, 0, 4.211, 3.86037, 0, 0, 0, 0, 0, 0
1962690, 0, 0, 0, 0, 4.20048, 3.84985, 0, 0, 0, 0, 0, 0
1962700, 0, 0, 0, 0, 3.86037, 3.51325, 0, 0, 0, 0, 0, 0
1962711, 0, 0, 0, 0, 3.50624, 3.15562, 0, 0, 0, 0, 0, 0
1962720, 0, 0, 0, 0, 2.80149, 2.44736, 0, 0, 0, 0, 0, 0
1962730, 0, 0, 0, 0, 2.45086, 1.75312, 0, 0, 0, 0, 0, 0
1962740, 0, 0, 0, 0, 1.75312, 1.75312, 0, 0, 0, 0, 0, 0
1962750, 0, 0, 0, 0, 2.10374, 1.75312, 0, 0, 0, 0, 0, 0
1962761, 0, 0, 0, 0, 2.10024, 1.74961, 0, 0, 0, 0, 0, 0
1962770, 0, 0, 0, 0, 1.75312, 1.74961, 0, 0, 0, 0, 0, 0
1962780, 0, 0, 0, 0, 1.74961, 1.75312, 0, 0, 0, 0, 0, 0
1962790, 0, 0, 0, 0, 1.75312, 1.4025, 0, 0, 0, 0, 0, 0
1962801, 0, 0, 0, 0, 1.74961, 1.74961, 0, 0, 0, 0, 0, 0
1962810, 0, 0, 0, 0, 1.4025, 1.39899, 0, 0, 0, 0, 0, 0
1962820, 0, 0, 0, 0, 1.39899, 1.39899, 0, 0, 0, 0, 0, 0
1962830, 0, 0, 0, 0, 1.05187, 0.701248, 0, 0, 0, 0, 0, 0
1962841, 0, 0, 0, 0, 0, -0.350624, 0, 0, 0, 0, 0, 0
1962850, 0, 0, 0, 0, -1.04837, -0.694236, 0, 0, 0, 0, 0, 0
1962860, 0, 0, 0, 0, -1.05187, -1.05187, 0, 0, 0, 0, 0, 0
1962870, 0, 0, 0, 0, -1.05187, -0.701248, 0, 0, 0, 0, 0, 0
1962881, 0, 0, 0, 0, -0.697742, -1.04837, 0, 0, 0, 0, 0, 0
1962890, 0, 0, 0, 0, -0.347118, -0.697742, 0, 0, 0, 0, 0, 0
1962900, 0, 0, 0, 0, -0.350624, 0, 0, 0, 0, 0, 0, 0
1962910, 0, 0, 0, 0, -0.350624, -0.347118, 0, 0, 0, 0, 0, 0
1962920, 0, 0, 0, 0, -0.347118, -0.350624, 0, 0, 0, 0, 0, 0
1962930, 0, 0, 0, 0, 0, 0, 0, 0, 0, 0, 0, 0
1962940, 0, 0, 0, 0, -0.350624, -0.347118, 0, 0, 0, 0, 0, 0
1962950, 0, 0, 0, 0, -0.350624, -0.350624, 0, 0, 0, 0, 0, 0
1962960, 0, 0, 0, 0, -0.350624, -0.350624, 0, 0, 0, 0, 0, 0
1962971, 0, 0, 0, 0, 0, 0, 0, 0, 0, 0, 0, 0
1962980, 0, 0, 0, 0, 0, -0.347118, 0, 0, 0, 0, 0, 0
1962990, 0, 0, 0, 0, -0.350624, 0, 0, 0, 0, 0, 0, 0
1963000, 0, 0, 0, 0, 0, 0, 0, 0, 0, 0, 0, 0
1963011, 0, 0, 0, 0, 0, 0, 0, 0, 0, 0, 0, 0
1963020, 0, 0, 0, 0, 0, 0, 0, 0, 0, 0, 0, 0
1963030, 0, 0, 0, 0, 0, 0, 0, 0, 0, 0, 0, 0
1963040, 0, 0, 0, 0, 0, 0, 0, 0, 0, 0, 0, 0
1963051, 0, 0, 0, 0, 0, 0, 0, 0, 0, 0, 0, 0
1963060, 0, 0, 0, 0, 0, 0, 0, 0, 0, 0, 0, 0
1963070, 0, 0, 0, 0, 0, 0, 0, 0, 0, 0, 0, 0
1963080, 0, 0, 0, 0, 0, 0, 0, 0, 0, 0, 0, 0
1963090, 0, 0, 0, 0, 0, 0, 0, 0, 0, 0, 0, 0
1963100, 0, 0, 0, 0, 0, 0, 0, 0, 0, 0, 0, 0
1963110, 0, 0, 0, 0, 0, 0, 0, 0, 0, 0, 0, 0
1963120, 0, 0, 0, 0, 0, 0, 0, 0, 0, 0, 0, 0
1963130, 0, 0, 0, 0, 0, 0, 0, 0, 0, 0, 0, 0
1963141, 0, 0, 0, 0, 0, 0, 0, 0, 0, 0, 0, 0
1963150, 0, 0, 0, 0, 0, -0.347118, 0, 0, 0, 0, 0, 0
1963160, 0, 0, 0, 0, 0, 0, 0, 0, 0, 0, 0, 0
1963170, 0, 0, 0, 0, 0, 0, 0, 0, 0, 0, 0, 0
1963181, 0, 0, 0, 0, -0.347118, 0, 0, 0, 0, 0, 0, 0
1963190, 0, 0, 0, 0, 0, 0, 0, 0, 0, 0, 0, 0
1963200, 0, 0, 0, 0, 0, 0, 0, 0, 0, 0, 0, 0
1963210, 0, 0, 0, 0, 0, 0, 0, 0, 0, 0, 0, 0
1963220, 0, 0, 0, 0, 0, 0, 0, 0, 0, 0, 0, 0
1963230, 0, 0, 0, 0, 0, 0, 0, 0, 0, 0, 0, 0
1963240, 0, 0, 0, 0, 0, 0, 0, 0, 0, 0, 0, 0
1963250, 0, 0, 0, 0, 0, 0, 0, 0, 0, 0, 0, 0
1963260, 0, 0, 0, 0, 0, 0, 0, 0, 0, 0, 0, 0
1963270, 0, 0, 0, 0, 0, 0, 0, 0, 0, 0, 0, 0
1963280, 0, 0, 0, 0, 0, 0, 0, 0, 0, 0, 0, 0
1963290, 0, 0, 0, 0, 0, 0, 0, 0, 0, 0, 0, 0
1963300, 0, 0, 0, 0, 0, 0, 0, 0, 0, 0, 0, 0
1963311, 0, 0, 0, 0, 0, 0, 0, 0, 0, 0, 0, 0
1963320, 0, 0, 0, 0, 0, 0, 0, 0, 0, 0, 0, 0
1963330, 0, 0, 0, 0, 0, 0, 0, 0, 0, 0, 0, 0
1963340, 0, 0, 0, 0, 0, 0, 0, 0, 0, 0, 0, 0
1963351, 0, 0, 0, 0, 0, 0, 0, 0, 0, 0, 0, 0
1963360, 0, 0, 0, 0, 0, 0, 0, 0, 0, 0, 0, 0
1963370, 0, 0, 0, 0, 0, 0, 0, 0, 0, 0, 0, 0
1963380, 0, 0, 0, 0, 0, 0, 0, 0, 0, 0, 0, 0
1963390, 0, 0, 0, 0, 0, 0, 0, 0, 0, 0, 0, 0
1963400, 0, 0, 0, 0, 0, 0, 0, 0, 0, 0, 0, 0
1963410, 0, 0, 0, 0, 0, 0, 0, 0, 0, 0, 0, 0
1963420, 0, 0, 0, 0, 0, 0, 0, 0, 0, 0, 0, 0
1963430, 0, 0, 0, 0, 0, 0, 0, 0, 0, 0, 0, 0
1963440, 0, 0, 0, 0, 0, 0, 0, 0, 0, 0, 0, 0
1963450, 0, 0, 0, 0, 0, 0, 0, 0, 0, 0, 0, 0
1963460, 0, 0, 0, 0, 0, 0, 0, 0, 0, 0, 0, 0
1963470, 0, 0, 0, 0, 0, 0, 0, 0, 0, 0, 0, 0
1963481, 0, 0, 0, 0, 0, 0, 0, 0, 0, 0, 0, 0
1963490, 0, 0, 0, 0, 0, 0, 0, 0, 0, 0, 0, 0
1963500, 0, 0, 0, 0, 0, 0, 0, 0, 0, 0, 0, 0
1963510, 0, 0, 0, 0, 0, 0, 0, 0, 0, 0, 0, 0
1963521, 0, 0, 0, 0, 0, 0, 0, 0, 0, 0, 0, 0
1963530, 0, 0, 0, 0, 0, 0, 0, 0, 0, 0, 0, 0
1963540, 0, 0, 0, 0, 0, 0, 0, 0, 0, 0, 0, 0
1963550, 0, 0, 0, 0, 0, 0, 0, 0, 0, 0, 0, 0
1963560, 0, 0, 0, 0, 0, 0, 0, 0, 0, 0, 0, 0
1963570, 0, 0, 0, 0, 0, 0, 0, 0, 0, 0, 0, 0
1963580, 0, 0, 0, 0, 0, 0, 0, 0, 0, 0, 0, 0
1963590, 0, 0, 0, 0, 0, 0, 0, 0, 0, 0, 0, 0
1963600, 0, 0, 0, 0, 0, 0, 0, 0, 0, 0, 0, 0
1963610, 0, 0, 0, 0, 0, 0, 0, 0, 0, 0, 0, 0
1963620, 0, 0, 0, 0, 0, 0, 0, 0, 0, 0, 0, 0
1963630, 0, 0, 0, 0, 0, 0, 0, 0, 0, 0, 0, 0
1963640, 0, 0, 0, 0, 0, 0, 0, 0, 0, 0, 0, 0
1963651, 0, 0, 0, 0, 0, 0, 0, 0, 0, 0, 0, 0
1963660, 0, 0, 0, 0, 0, 0, 0, 0, 0, 0, 0, 0
1963670, 0, 0, 0, 0, 0, 0, 0, 0, 0, 0, 0, 0
1963680, 0, 0, 0, 0, 0, 0, 0, 0, 0, 0, 0, 0
1963691, 0, 0, 0, 0, 0, 0, 0, 0, 0, 0, 0, 0
1963700, 0, 0, 0, 0, 0, 0, 0, 0, 0, 0, 0, 0
1963710, 0, 0, 0, 0, 0, 0, 0, 0, 0, 0, 0, 0
1963720, 0, 0, 0, 0, 0, 0, 0, 0, 0, 0, 0, 0
1963730, 0, 0, 0, 0, 0, 0, 0, 0, 0, 0, 0, 0
1963740, 0, 0, 0, 0, 0, 0, 0, 0, 0, 0, 0, 0
1963750, 0, 0, 0, 0, 0, 0, 0, 0, 0, 0, 0, 0
1963760, 0, 0, 0, 0, 0, 0, 0, 0, 0, 0, 0, 0
1963770, 0, 0, 0, 0, 0, 0, 0, 0, 0, 0, 0, 0
1963781, 0, 0, 0, 0, 0, 0, 0, 0, 0, 0, 0, 0
1963790, 0, 0, 0, 0, 0, 0, 0, 0, 0, 0, 0, 0
1963800, 0, 0, 0, 0, 0, 0, 0, 0, 0, 0, 0, 0
1963810, 0, 0, 0, 0, 0, 0, 0, 0, 0, 0, 0, 0
1963821, 0, 0, 0, 0, 0, 0, 0, 0, 0, 0, 0, 0
1963830, 0, 0, 0, 0, 0, 0, 0, 0, 0, 0, 0, 0
1963840, 0, 0, 0, 0, 0, 0, 0, 0, 0, 0, 0, 0
1963850, 0, 0, 0, 0, 0, 0, 0, 0, 0, 0, 0, 0
1963860, 0, 0, 0, 0, 0, 0, 0, 0, 0, 0, 0, 0
1963870, 0, 0, 0, 0, 0, 0, 0, 0, 0, 0, 0, 0
1963880, 0, 0, 0, 0, 0, 0, 0, 0, 0, 0, 0, 0
1963890, 0, 0, 0, 0, 0, 0, 0, 0, 0, 0, 0, 0
1963900, 0, 0, 0, 0, 0, 0, 0, 0, 0, 0, 0, 0
1963910, 0, 0, 0, 0, 0, 0, 0, 0, 0, 0, 0, 0
1963920, 0, 0, 0, 0, 0, 0, 0, 0, 0, 0, 0, 0
1963930, 0, 0, 0, 0, 0, 0, 0, 0, 0, 0, 0, 0
1963940, 0, 0, 0, 0, 0, 0, 0, 0, 0, 0, 0, 0
1963951, 0, 0, 0, 0, 0, 0, 0, 0, 0, 0, 0, 0
1963960, 0, 0, 0, 0, 0, 0, 0, 0, 0, 0, 0, 0
1963970, 0, 0, 0, 0, 0, 0, 0, 0, 0, 0, 0, 0
1963980, 0, 0, 0, 0, 0, 0, 0, 0, 0, 0, 0, 0
1963991, 0, 0, 0, 0, 0, 0, 0, 0, 0, 0, 0, 0
1964000, 0, 0, 0, 0, 0, 0, 0, 0, 0, 0, 0, 0
1964010, 0, 0, 0, 0, 0, 0, 0, 0, 0, 0, 0, 0
1964020, 0, 0, 0, 0, 0, 0, 0, 0, 0, 0, 0, 0
1964030, 0, 0, 0, 0, 0, 0, 0, 0, 0, 0, 0, 0
1964040, 0, 0, 0, 0, 0, 0, 0, 0, 0, 0, 0, 0
1964050, 0, 0, 0, 0, 0, 0, 0, 0, 0, 0, 0, 0
1964060, 0, 0, 0, 0, 0, 0, 0, 0, 0, 0, 0, 0
1964070, 0, 0, 0, 0, 0, 0, 0, 0, 0, 0, 0, 0
1964080, 0, 0, 0, 0, 0, 0, 0, 0, 0, 0, 0, 0
1964090, 0, 0, 0, 0, 0, 0, 0, 0, 0, 0, 0, 0
1964100, 0, 0, 0, 0, 0, 0, 0, 0, 0, 0, 0, 0
1964110, 0, 0, 0, 0, 0, 0, 0, 0, 0, 0, 0, 0
1964121, 0, 0, 0, 0, 0, 0, 0, 0, 0, 0, 0, 0
1964130, 0, 0, 0, 0, 0, 0, 0, 0, 0, 0, 0, 0
1964140, 0, 0, 0, 0, 0, 0, 0, 0, 0, 0, 0, 0
1964150, 0, 0, 0, 0, 0, 0, 0, 0, 0, 0, 0, 0
1964161, 0, 0, 0, 0, 0, 0, 0, 0, 0, 0, 0, 0
1964170, 0, 0, 0, 0, 0, 0, 0, 0, 0, 0, 0, 0
1964180, 0, 0, 0, 0, 0, 0, 0, 0, 0, 0, 0, 0
1964190, 0, 0, 0, 0, 0, 0, 0, 0, 0, 0, 0, 0
1964200, 0, 0, 0, 0, 0, 0, 0, 0, 0, 0, 0, 0
1964210, 0, 0, 0, 0, 0, 0, 0, 0, 0, 0, 0, 0
1964220, 0, 0, 0, 0, 0, 0, 0, 0, 0, 0, 0, 0
1964230, 0, 0, 0, 0, 0, 0, 0, 0, 0, 0, 0, 0
