QGPIORecord, QRC v6.1.0, 28-11-2023 @ 11:52:39, Windows 10 Version 2009, 10.0.22621, x86_64
Time, ValueIn0, ValueIn1, ValueIn2, ValueIn3, ValueIn4, ValueIn5, ValueIn6, ValueIn7, ValueIn8, ValueIn9, ValueIn10, ValueIn11
1981170, 0, 0, 0, 125.692, 0, 0, 123.728, 0, 0, 0, 0, 0
1981180, 0, 0, 0, 125.692, 0, 0, 123.728, 0, 0, 0, 0, 0
1981192, 0, 0, 0, 125.692, 0, 0, 123.728, 0, 0, 0, 0, 0
1981200, 0, 0, 0, 125.692, 0, 0, 123.728, 0, 0, 0, 0, 0
1981210, 0, 0, 0, 125.692, 0, 0, 123.728, 0, 0, 0, 0, 0
1981220, 0, 0, 0, 125.692, 0, 0, 123.728, 0, 0, 0, 0, 0
1981231, 0, 0, 0, 125.692, 0, 0, 123.728, 0, 0, 0, 0, 0
1981240, 0, 0, 0, 125.692, 0, 0, 123.728, 0, 0, 0, 0, 0
1981250, 0, 0, 0, 125.692, 0, 0, 123.728, 0, 0, 0, 0, 0
1981260, 0, 0, 0, 125.692, 0, 0, 123.728, 0, 0, 0, 0, 0
1981271, 0, 0, 0, 125.692, 0, 0, 123.728, 0, 0, 0, 0, 0
1981280, 0, 0, 0, 125.692, 0, 0, 123.728, 0, 0, 0, 0, 0
1981290, 0, 0, 0, 125.692, 0, 0, 123.728, 0, 0, 0, 0, 0
1981300, 0, 0, 0, 125.692, 0, 0, 123.728, 0, 0, 0, 0, 0
1981310, 0, 0, 0, 125.692, 0, 0, 123.728, 0, 0, 0, 0, 0
1981320, 0, 0, 0, 125.692, 0, 0, 123.728, 0, 0, 0, 0, 0
1981330, 0, 0, 0, 125.692, 0, 0, 123.728, 0, 0, 0, 0, 0
1981340, 0, 0, 0, 125.692, 0, 0, 123.728, 0, 0, 0, 0, 0
1981350, 0, 0, 0, 125.692, 0, 0, 123.728, 0, 0, 0, 0, 0
1981360, 0, 0, 0, 125.692, 0, 0, 123.728, 0, 0, 0, 0, 0
1981370, 0, 0, 0, 125.692, 0, 0, 123.728, 0, 0, 0, 0, 0
1981380, 0, 0, 0, 125.692, 0, 0, 123.728, 0, 0, 0, 0, 0
1981390, 0, 0, 0, 125.692, 0, 0, 123.728, 0, 0, 0, 0, 0
1981401, 0, 0, 0, 125.692, 0, 0, 123.728, 0, 0, 0, 0, 0
1981410, 0, 0, 0, 125.692, 0, 0, 123.728, 0, 0, 0, 0, 0
1981420, 0, 0, 0, 125.692, 0, 0, 123.728, 0, 0, 0, 0, 0
1981430, 0, 0, 0, 125.692, 0, 0, 123.728, 0, 0, 0, 0, 0
1981441, 0, 0, 0, 125.692, 0, 0, 123.728, 0, 0, 0, 0, 0
1981450, 0, 0, 0, 125.692, 0, 0, 123.728, 0, 0, 0, 0, 0
1981460, 0, 0, 0, 125.692, 0, 0, 123.728, 0, 0, 0, 0, 0
1981470, 0, 0, 0, 125.692, 0, 0, 123.728, 0, 0, 0, 0, 0
1981480, 0, 0, 0, 125.692, 0, 0, 123.728, 0, 0, 0, 0, 0
1981490, 0, 0, 0, 125.692, 0, 0, 123.728, 0, 0, 0, 0, 0
1981500, 0, 0, 0, 125.692, 0, 0, 123.728, 0, 0, 0, 0, 0
1981510, 0, 0, 0, 125.692, 0, 0, 123.728, 0, 0, 0, 0, 0
1981520, 0, 0, 0, 125.692, 0, 0, 123.728, 0, 0, 0, 0, 0
1981530, 0, 0, 0, 125.692, 0, 0, 123.728, 0, 0, 0, 0, 0
1981540, 0, 0, 0, 125.692, 0, 0, 123.728, 0, 0, 0, 0, 0
1981550, 0, 0, 0, 125.692, 0, 0, 123.728, 0, 0, 0, 0, 0
1981560, 0, 0, 0, 125.692, 0, 0, 123.728, 0, 0, 0, 0, 0
1981571, 0, 0, 0, 125.692, 0, 0, 123.728, 0, 0, 0, 0, 0
1981580, 0, 0, 0, 125.692, 0, 0, 123.728, 0, 0, 0, 0, 0
1981590, 0, 0, 0, 125.692, 0, 0, 123.728, 0, 0, 0, 0, 0
1981600, 0, 0, 0, 125.692, 0, 0, 123.728, 0, 0, 0, 0, 0
1981611, 0, 0, 0, 125.692, 0, 0, 123.728, 0, 0, 0, 0, 0
1981620, 0, 0, 0, 125.692, 0, 0, 123.728, 0, 0, 0, 0, 0
1981630, 0, 0, 0, 125.692, 0, 0, 123.728, 0, 0, 0, 0, 0
1981640, 0, 0, 0, 125.692, 0, 0, 123.728, 0, 0, 0, 0, 0
1981650, 0, 0, 0, 125.692, 0, 0, 123.728, 0, 0, 0, 0, 0
1981660, 0, 0, 0, 125.692, 0, 0, 123.728, 0, 0, 0, 0, 0
1981670, 0, 0, 0, 125.692, 0, 0, 123.728, 0, 0, 0, 0, 0
1981680, 0, 0, 0, 125.692, 0, 0, 123.728, 0, 0, 0, 0, 0
1981690, 0, 0, 0, 125.692, 0, 0, 123.728, 0, 0, 0, 0, 0
1981701, 0, 0, 0, 125.692, 0, 0, 123.728, 0, 0, 0, 0, 0
1981710, 0, 0, 0, 125.692, 0, 0, 123.728, 0, 0, 0, 0, 0
1981720, 0, 0, 0, 125.692, 0, 0, 123.728, 0, 0, 0, 0, 0
1981730, 0, 0, 0, 125.692, 0, 0, 123.728, 0, 0, 0, 0, 0
1981741, 0, 0, 0, 125.692, 0, 0, 123.728, 0, 0, 0, 0, 0
1981750, 0, 0, 0, 125.692, 0, 0, 123.728, 0, 0, 0, 0, 0
1981760, 0, 0, 0, 125.692, 0, 0, 123.728, 0, 0, 0, 0, 0
1981770, 0, 0, 0, 125.692, 0, 0, 123.728, 0, 0, 0, 0, 0
1981780, 0, 0, 0, 125.692, 0, 0, 123.728, 0, 0, 0, 0, 0
1981790, 0, 0, 0, 125.692, 0, 0, 123.728, 0, 0, 0, 0, 0
1981800, 0, 0, 0, 125.692, 0, 0, 123.728, 0, 0, 0, 0, 0
1981810, 0, 0, 0, 125.692, 0, 0, 123.728, 0, 0, 0, 0, 0
1981820, 0, 0, 0, 125.692, 0, 0, 123.728, 0, 0, 0, 0, 0
1981830, 0, 0, 0, 125.692, 0, 0, 123.728, 0, 0, 0, 0, 0
1981840, 0, 0, 0, 125.692, 0, 0, 123.728, 0, 0, 0, 0, 0
1981850, 0, 0, 0, 125.692, 0, 0, 123.728, 0, 0, 0, 0, 0
1981860, 0, 0, 0, 125.692, 0, 0, 123.728, 0, 0, 0, 0, 0
1981871, 0, 0, 0, 125.692, 0, 0, 123.728, 0, 0, 0, 0, 0
1981880, 0, 0, 0, 125.692, 0, 0, 123.728, 0, 0, 0, 0, 0
1981890, 0, 0, 0, 125.692, 0, 0, 123.728, 0, 0, 0, 0, 0
1981900, 0, 0, 0, 125.692, 0, 0, 123.728, 0, 0, 0, 0, 0
1981911, 0, 0, 0, 125.692, 0, 0, 123.728, 0, 0, 0, 0, 0
1981920, 0, 0, 0, 125.692, 0, 0, 123.728, 0, 0, 0, 0, 0
1981930, 0, 0, 0, 125.692, 0, 0, 123.728, 0, 0, 0, 0, 0
1981940, 0, 0, 0, 125.692, 0, 0, 123.728, 0, 0, 0, 0, 0
1981950, 0, 0, 0, 125.692, 0, 0, 123.728, 0, 0, 0, 0, 0
1981960, 0, 0, 0, 125.692, 0, 0, 123.728, 0, 0, 0, 0, 0
1981970, 0, 0, 0, 125.692, 0, 0, 123.728, 0, 0, 0, 0, 0
1981980, 0, 0, 0, 125.692, 0, 0, 123.728, 0, 0, 0, 0, 0
1981990, 0, 0, 0, 125.692, 0, 0, 123.728, 0, 0, 0, 0, 0
1982000, 0, 0, 0, 125.692, 0, 0, 123.728, 0, 0, 0, 0, 0
1982010, 0, 0, 0, 125.692, 0, 0, 123.728, 0, 0, 0, 0, 0
1982020, 0, 0, 0, 125.692, 0, 0, 123.728, 0, 0, 0, 0, 0
1982030, 0, 0, 0, 125.692, 0, 0, 123.728, 0, 0, 0, 0, 0
1982041, 0, 0, 0, 125.692, 0, 0, 123.728, 0, 0, 0, 0, 0
1982050, 0, 0, 0, 125.692, 0, 0, 123.728, 0, 0, 0, 0, 0
1982060, 0, 0, 0, 125.692, 0, 0, 123.728, 0, 0, 0, 0, 0
1982070, 0, 0, 0, 125.692, 0, 0, 123.728, 0, 0, 0, 0, 0
1982081, 0, 0, 0, 125.692, 0, 0, 123.728, 0, 0, 0, 0, 0
1982090, 0, 0, 0, 125.692, 0, 0, 123.728, 0, 0, 0, 0, 0
1982100, 0, 0, 0, 125.692, 0, 0, 123.728, 0, 0, 0, 0, 0
1982110, 0, 0, 0, 125.692, 0, 0, 123.728, 0, 0, 0, 0, 0
1982120, 0, 0, 0, 125.692, 0, 0, 123.728, 0, 0, 0, 0, 0
1982130, 0, 0, 0, 125.692, 0, 0, 123.728, 0, 0, 0, 0, 0
1982140, 0, 0, 0, 125.692, 0, 0, 123.728, 0, 0, 0, 0, 0
1982150, 0, 0, 0, 125.692, 0, 0, 123.728, 0, 0, 0, 0, 0
1982160, 0, 0, 0, 125.692, 0, 0, 123.728, 0, 0, 0, 0, 0
1982170, 0, 0, 0, 125.692, 0, 0, 123.728, 0, 0, 0, 0, 0
1982180, 0, 0, 0, 125.692, 0, 0, 123.728, 0, 0, 0, 0, 0
1982190, 0, 0, 0, 125.692, 0, 0, 123.728, 0, 0, 0, 0, 0
1982200, 0, 0, 0, 125.692, 0, 0, 123.728, 0, 0, 0, 0, 0
1982211, 0, 0, 0, 125.692, 0, 0, 123.728, 0, 0, 0, 0, 0
1982220, 0, 0, 0, 125.692, 0, 0, 123.728, 0, 0, 0, 0, 0
1982230, 0, 0, 0, 125.692, 0, 0, 123.728, 0, 0, 0, 0, 0
1982240, 0, 0, 0, 125.692, 0, 0, 123.728, 0, 0, 0, 0, 0
1982251, 0, 0, 0, 125.692, 0, 0, 123.728, 0, 0, 0, 0, 0
1982260, 0, 0, 0, 125.692, 0, 0, 123.728, 0, 0, 0, 0, 0
1982271, 0, 0, 0, 125.692, 0, 0, 123.728, 0, 0, 0, 0, 0
1982280, 0, 6, 0, 125.692, 6, 0, 123.728, 0, 0, 0, 0, 0
1982290, 0, 6, 0, 125.692, 6, 0, 123.728, 0, 0, 0, 0, 0
1982301, 0, 6, 3.84635, 125.73, 6, 3.82531, 123.763, 0, 0, 0, 0, 0
1982310, 0, 6, 8.07487, 125.811, 6, 8.41498, 123.847, 0, 0, 0, 0, 0
1982320, 0, 6, 10.5187, 125.916, 6, 10.1962, 123.953, 0, 0, 0, 0, 0
1982330, 0, 6, 11.5636, 126.028, 6, 11.2095, 124.065, 0, 0, 0, 0, 0
1982341, 0, 6, 11.9142, 126.151, 6, 11.9212, 124.184, 0, 0, 0, 0, 0
1982350, 0, 6, 12.2754, 126.274, 6, 11.9212, 124.303, 0, 0, 0, 0, 0
1982360, 0, 6, 12.2508, 126.397, 6, 12.6049, 124.426, 0, 0, 0, 0, 0
1982370, 0, 6, 12.6295, 126.519, 6, 12.2648, 124.549, 0, 0, 0, 0, 0
1982381, 0, 6, 12.2894, 126.645, 6, 12.2894, 124.671, 0, 0, 0, 0, 0
1982390, 0, 6, 12.5944, 126.772, 6, 12.6049, 124.798, 0, 0, 0, 0, 0
1982400, 0, 6, 12.626, 126.898, 6, 12.2754, 124.92, 0, 0, 0, 0, 0
1982410, 0, 6, 12.2754, 127.021, 6, 12.2789, 125.047, 0, 0, 0, 0, 0
1982420, 0, 6, 12.6225, 127.147, 6, 12.6225, 125.169, 0, 0, 0, 0, 0
1982431, 0, 6, 12.6014, 127.273, 6, 12.5944, 125.296, 0, 0, 0, 0, 0
1982440, 0, 6, 12.2859, 127.396, 6, 12.2718, 125.418, 0, 0, 0, 0, 0
1982450, 0, 6, 12.6365, 127.522, 6, 12.2894, 125.544, 0, 0, 0, 0, 0
1982460, 0, 6, 12.612, 127.648, 6, 12.6049, 125.667, 0, 0, 0, 0, 0
1982471, 0, 6, 12.6225, 127.774, 6, 12.2789, 125.79, 0, 0, 0, 0, 0
1982480, 0, 6, 12.6295, 127.901, 6, 12.2789, 125.916, 0, 0, 0, 0, 0
1982490, 0, 6, 12.2613, 128.023, 6, 12.6225, 126.039, 0, 0, 0, 0, 0
1982500, 0, 6, 12.612, 128.15, 6, 12.2613, 126.165, 0, 0, 0, 0, 0
1982511, 0, 6, 12.6295, 128.272, 6, 12.6155, 126.288, 0, 0, 0, 0, 0
1982520, 0, 6, 12.6155, 128.399, 6, 12.2789, 126.414, 0, 0, 0, 0, 0
1982530, 0, 6, 12.2754, 128.525, 6, 12.612, 126.537, 0, 0, 0, 0, 0
1982540, 0, 6, 12.626, 128.651, 6, 12.2754, 126.659, 0, 0, 0, 0, 0
1982551, 0, 6, 12.626, 128.777, 6, 12.2894, 126.786, 0, 0, 0, 0, 0
1982560, 0, 6, 12.6155, 128.903, 6, 12.612, 126.912, 0, 0, 0, 0, 0
1982570, 0, 6, 12.2613, 129.026, 6, 12.6014, 127.035, 0, 0, 0, 0, 0
1982580, 0, 6, 12.612, 129.152, 6, 12.2754, 127.161, 0, 0, 0, 0, 0
1982590, 0, 6, 12.6365, 129.279, 6, 12.6225, 127.284, 0, 0, 0, 0, 0
1982601, 0, 6, 12.612, 129.405, 6, 12.2754, 127.41, 0, 0, 0, 0, 0
1982610, 0, 6, 12.6155, 129.528, 6, 12.6049, 127.533, 0, 0, 0, 0, 0
1982620, 0, 6, 12.2859, 129.654, 6, 12.2789, 127.659, 0, 0, 0, 0, 0
1982630, 0, 6, 12.6295, 129.78, 6, 12.6225, 127.781, 0, 0, 0, 0, 0
1982641, 0, 6, 12.6225, 129.906, 6, 12.2964, 127.908, 0, 0, 0, 0, 0
1982650, 0, 6, 12.2648, 130.029, 6, 12.612, 128.03, 0, 0, 0, 0, 0
1982660, 0, 6, 12.6155, 130.155, 6, 12.6155, 128.157, 0, 0, 0, 0, 0
1982670, 0, 6, 12.612, 130.281, 6, 12.2648, 128.283, 0, 0, 0, 0, 0
1982681, 0, 6, 12.6295, 130.408, 6, 12.6155, 128.406, 0, 0, 0, 0, 0
1982690, 0, 6, 12.2754, 130.53, 6, 12.2754, 128.532, 0, 0, 0, 0, 0
1982700, 0, 6, 12.626, 130.657, 6, 12.626, 128.655, 0, 0, 0, 0, 0
1982710, 0, 6, 12.6155, 130.783, 6, 12.6155, 128.781, 0, 0, 0, 0, 0
1982721, 0, 6, 12.6225, 130.909, 6, 12.2859, 128.903, 0, 0, 0, 0, 0
1982731, 0, 6, 12.6225, 131.035, 6, 12.612, 129.03, 0, 0, 0, 0, 0
1982740, 0, 6, 12.626, 131.161, 6, 12.2754, 129.152, 0, 0, 0, 0, 0
1982750, 0, 6, 12.2543, 131.284, 6, 12.612, 129.279, 0, 0, 0, 0, 0
1982760, 0, 6, 12.6155, 131.41, 6, 12.2718, 129.405, 0, 0, 0, 0, 0
1982771, 0, 6, 12.6225, 131.537, 6, 12.612, 129.528, 0, 0, 0, 0, 0
1982780, 0, 6, 12.6295, 131.659, 6, 12.2789, 129.654, 0, 0, 0, 0, 0
1982790, 0, 6, 12.612, 131.786, 6, 12.6225, 129.777, 0, 0, 0, 0, 0
1982800, 0, 6, 12.2789, 131.912, 6, 12.2648, 129.903, 0, 0, 0, 0, 0
1982811, 0, 6, 12.6365, 132.038, 6, 12.6225, 130.025, 0, 0, 0, 0, 0
1982820, 0, 6, 12.612, 132.164, 6, 12.2859, 130.152, 0, 0, 0, 0, 0
1982830, 0, 6, 12.6295, 132.29, 6, 12.6295, 130.274, 0, 0, 0, 0, 0
1982840, 0, 6, 12.2613, 132.413, 6, 12.6155, 130.401, 0, 0, 0, 0, 0
1982851, 0, 6, 12.6049, 132.539, 6, 12.2543, 130.527, 0, 0, 0, 0, 0
1982860, 0, 6, 12.6225, 132.666, 6, 12.2718, 130.65, 0, 0, 0, 0, 0
1982870, 0, 6, 12.6295, 132.792, 6, 12.626, 130.772, 0, 0, 0, 0, 0
1982880, 0, 6, 12.612, 132.915, 6, 12.612, 130.899, 0, 0, 0, 0, 0
1982891, 0, 6, 12.2789, 133.041, 6, 12.2718, 131.025, 0, 0, 0, 0, 0
1982901, 0, 6, 12.6225, 133.167, 6, 12.612, 131.147, 0, 0, 0, 0, 0
1982910, 0, 6, 12.6365, 133.293, 6, 12.2999, 131.274, 0, 0, 0, 0, 0
1982920, 0, 6, 12.612, 133.42, 6, 12.6155, 131.396, 0, 0, 0, 0, 0
1982930, 0, 6, 12.2754, 133.542, 6, 12.2648, 131.519, 0, 0, 0, 0, 0
1982941, 0, 6, 12.6049, 133.668, 6, 12.6049, 131.645, 0, 0, 0, 0, 0
1982950, 0, 6, 12.6155, 133.795, 6, 12.2718, 131.772, 0, 0, 0, 0, 0
1982960, 0, 6, 12.2718, 133.917, 6, 12.2754, 131.894, 0, 0, 0, 0, 0
1982970, 0, 6, 12.647, 134.044, 6, 12.6225, 132.017, 0, 0, 0, 0, 0
1982981, 0, 6, 12.6155, 134.17, 6, 12.2789, 132.143, 0, 0, 0, 0, 0
1982990, 0, 6, 12.6049, 134.296, 6, 12.6049, 132.266, 0, 0, 0, 0, 0
1983000, 0, 6, 12.626, 134.422, 6, 12.2894, 132.392, 0, 0, 0, 0, 0
1983010, 0, 6, 12.6365, 134.549, 6, 12.6225, 132.515, 0, 0, 0, 0, 0
1983021, 0, 6, 12.6225, 134.671, 6, 12.2859, 132.641, 0, 0, 0, 0, 0
1983030, 0, 6, 12.5909, 134.797, 6, 12.5839, 132.764, 0, 0, 0, 0, 0
1983040, 0, 6, 12.2754, 134.924, 6, 12.2718, 132.89, 0, 0, 0, 0, 0
1983050, 0, 6, 12.6295, 135.05, 6, 12.626, 133.013, 0, 0, 0, 0, 0
1983060, 0, 6, 12.6225, 135.176, 6, 12.2859, 133.139, 0, 0, 0, 0, 0
1983071, 0, 6, 12.6049, 135.299, 6, 12.6014, 133.262, 0, 0, 0, 0, 0
1983080, 0, 6, 12.2859, 135.425, 6, 12.2648, 133.388, 0, 0, 0, 0, 0
1983090, 0, 6, 12.6295, 135.551, 6, 12.6295, 133.511, 0, 0, 0, 0, 0
1983100, 0, 6, 12.6225, 135.678, 6, 12.2964, 133.637, 0, 0, 0, 0, 0
1983111, 0, 6, 12.6049, 135.804, 6, 12.6014, 133.763, 0, 0, 0, 0, 0
1983120, 0, 6, 12.6049, 135.926, 6, 12.2543, 133.886, 0, 0, 0, 0, 0
1983130, 0, 6, 12.2894, 136.053, 6, 12.6295, 134.009, 0, 0, 0, 0, 0
1983140, 0, 6, 12.6295, 136.179, 6, 12.2894, 134.135, 0, 0, 0, 0, 0
1983151, 0, 6, 12.612, 136.305, 6, 12.6155, 134.261, 0, 0, 0, 0, 0
1983160, 0, 6, 12.2648, 136.428, 6, 12.5944, 134.384, 0, 0, 0, 0, 0
1983170, 0, 6, 12.626, 136.554, 6, 12.2789, 134.51, 0, 0, 0, 0, 0
1983180, 0, 6, 12.6295, 136.68, 6, 12.6225, 134.633, 0, 0, 0, 0, 0
1983191, 0, 6, 12.626, 136.807, 6, 12.2964, 134.759, 0, 0, 0, 0, 0
1983200, 0, 6, 12.6014, 136.929, 6, 12.6049, 134.882, 0, 0, 0, 0, 0
1983210, 0, 6, 12.6295, 137.055, 6, 12.2648, 135.008, 0, 0, 0, 0, 0
1983220, 0, 6, 12.2648, 137.182, 6, 12.6155, 135.131, 0, 0, 0, 0, 0
1983230, 0, 6, 12.6225, 137.308, 6, 12.2859, 135.257, 0, 0, 0, 0, 0
1983241, 0, 6, 12.6049, 137.434, 6, 12.6014, 135.383, 0, 0, 0, 0, 0
1983250, 0, 6, 12.6295, 137.557, 6, 12.2754, 135.506, 0, 0, 0, 0, 0
1983260, 0, 6, 12.2754, 137.683, 6, 12.6225, 135.628, 0, 0, 0, 0, 0
1983270, 0, 6, 12.6365, 137.809, 6, 12.2859, 135.755, 0, 0, 0, 0, 0
1983281, 0, 6, 12.6155, 137.936, 6, 12.6295, 135.877, 0, 0, 0, 0, 0
1983290, 0, 6, 12.6049, 138.062, 6, 12.6014, 136.004, 0, 0, 0, 0, 0
1983300, 0, 6, 12.626, 138.188, 6, 12.2754, 136.126, 0, 0, 0, 0, 0
1983310, 0, 6, 12.6365, 138.311, 6, 12.2859, 136.253, 0, 0, 0, 0, 0
1983321, 0, 6, 12.2613, 138.437, 6, 12.612, 136.379, 0, 0, 0, 0, 0
1983330, 0, 6, 12.5944, 138.563, 6, 12.5944, 136.501, 0, 0, 0, 0, 0
1983340, 0, 6, 12.6365, 138.689, 6, 12.2894, 136.628, 0, 0, 0, 0, 0
1983350, 0, 6, 12.626, 138.812, 6, 12.612, 136.75, 0, 0, 0, 0, 0
1983361, 0, 6, 12.2859, 138.938, 6, 12.2789, 136.877, 0, 0, 0, 0, 0
1983371, 0, 6, 12.612, 139.065, 6, 12.6155, 136.999, 0, 0, 0, 0, 0
1983380, 0, 6, 12.6155, 139.191, 6, 12.6049, 137.126, 0, 0, 0, 0, 0
1983390, 0, 6, 12.6365, 139.317, 6, 12.2964, 137.248, 0, 0, 0, 0, 0
1983400, 0, 6, 12.6225, 139.44, 6, 12.2859, 137.375, 0, 0, 0, 0, 0
1983411, 0, 6, 12.6155, 139.569, 6, 12.612, 137.497, 0, 0, 0, 0, 0
1983420, 0, 6, 12.2543, 139.692, 6, 12.2473, 137.624, 0, 0, 0, 0, 0
1983430, 0, 6, 12.626, 139.818, 6, 12.626, 137.746, 0, 0, 0, 0, 0
1983440, 0, 6, 12.6225, 139.945, 6, 12.2859, 137.872, 0, 0, 0, 0, 0
1983451, 0, 6, 12.6155, 140.071, 6, 12.612, 137.995, 0, 0, 0, 0, 0
1983460, 0, 6, 12.6049, 140.194, 6, 12.2543, 138.121, 0, 0, 0, 0, 0
1983470, 0, 6, 12.64, 140.32, 6, 12.6295, 138.244, 0, 0, 0, 0, 0
1983480, 0, 6, 12.2789, 140.446, 6, 12.2789, 138.37, 0, 0, 0, 0, 0
1983491, 0, 6, 12.612, 140.572, 6, 12.612, 138.497, 0, 0, 0, 0, 0
1983500, 0, 6, 12.6225, 140.698, 6, 12.2718, 138.619, 0, 0, 0, 0, 0
1983510, 0, 6, 12.6365, 140.825, 6, 12.6365, 138.742, 0, 0, 0, 0, 0
1983520, 0, 6, 12.6155, 140.947, 6, 12.2789, 138.868, 0, 0, 0, 0, 0
1983531, 0, 6, 12.6014, 141.074, 6, 12.6014, 138.991, 0, 0, 0, 0, 0
1983541, 0, 6, 12.2613, 141.2, 6, 12.2613, 139.117, 0, 0, 0, 0, 0
1983550, 0, 6, 12.626, 141.326, 6, 12.6155, 139.24, 0, 0, 0, 0, 0
1983560, 0, 6, 12.6365, 141.452, 6, 12.2894, 139.366, 0, 0, 0, 0, 0
1983570, 0, 6, 12.626, 141.575, 6, 12.6295, 139.489, 0, 0, 0, 0, 0
1983581, 0, 6, 12.2613, 141.701, 6, 12.5944, 139.615, 0, 0, 0, 0, 0
1983590, 0, 6, 12.6295, 141.827, 6, 12.2754, 139.741, 0, 0, 0, 0, 0
1983600, 0, 6, 12.626, 141.954, 6, 12.2964, 139.864, 0, 0, 0, 0, 0
1983610, 0, 6, 12.626, 142.076, 6, 12.626, 139.99, 0, 0, 0, 0, 0
1983621, 0, 6, 12.6014, 142.203, 6, 12.5944, 140.113, 0, 0, 0, 0, 0
1983630, 0, 6, 12.2543, 142.329, 6, 12.2613, 140.239, 0, 0, 0, 0, 0
1983640, 0, 6, 12.647, 142.455, 6, 12.6295, 140.362, 0, 0, 0, 0, 0
1983650, 0, 6, 12.6155, 142.581, 6, 12.2754, 140.488, 0, 0, 0, 0, 0
1983661, 0, 6, 12.626, 142.704, 6, 12.6295, 140.611, 0, 0, 0, 0, 0
1983670, 0, 6, 12.2613, 142.83, 6, 12.5944, 140.737, 0, 0, 0, 0, 0
1983680, 0, 6, 12.626, 142.956, 6, 12.2648, 140.86, 0, 0, 0, 0, 0
1983690, 0, 6, 12.64, 143.083, 6, 12.3104, 140.986, 0, 0, 0, 0, 0
1983700, 0, 6, 12.6155, 143.209, 6, 12.6155, 141.109, 0, 0, 0, 0, 0
1983711, 0, 6, 12.6014, 143.332, 6, 12.6014, 141.235, 0, 0, 0, 0, 0
1983720, 0, 6, 12.2859, 143.458, 6, 12.2648, 141.358, 0, 0, 0, 0, 0
1983730, 0, 6, 12.612, 143.584, 6, 12.6225, 141.484, 0, 0, 0, 0, 0
1983740, 0, 6, 12.6225, 143.71, 6, 12.2859, 141.61, 0, 0, 0, 0, 0
1983751, 0, 6, 12.6155, 143.833, 6, 12.6155, 141.733, 0, 0, 0, 0, 0
1983760, 0, 6, 12.6049, 143.959, 6, 12.2508, 141.859, 0, 0, 0, 0, 0
1983770, 0, 6, 12.2999, 144.085, 6, 12.6295, 141.982, 0, 0, 0, 0, 0
1983780, 0, 6, 12.626, 144.212, 6, 12.2999, 142.108, 0, 0, 0, 0, 0
1983791, 0, 6, 12.6155, 144.334, 6, 12.6155, 142.231, 0, 0, 0, 0, 0
1983800, 0, 6, 12.6049, 144.464, 6, 12.2508, 142.357, 0, 0, 0, 0, 0
1983810, 0, 6, 12.2894, 144.587, 6, 12.6295, 142.48, 0, 0, 0, 0, 0
1983820, 0, 6, 12.6049, 144.713, 6, 12.2718, 142.606, 0, 0, 0, 0, 0
1983831, 0, 6, 12.6155, 144.839, 6, 12.612, 142.729, 0, 0, 0, 0, 0
1983840, 0, 6, 12.6049, 144.966, 6, 12.2613, 142.855, 0, 0, 0, 0, 0
1983850, 0, 6, 12.6295, 145.088, 6, 12.6155, 142.981, 0, 0, 0, 0, 0
1983860, 0, 6, 12.6295, 145.215, 6, 12.6295, 143.104, 0, 0, 0, 0, 0
1983870, 0, 6, 12.2894, 145.341, 6, 12.2894, 143.23, 0, 0, 0, 0, 0
1983881, 0, 6, 12.612, 145.467, 6, 12.612, 143.353, 0, 0, 0, 0, 0
1983890, 0, 6, 12.612, 145.593, 6, 12.2543, 143.475, 0, 0, 0, 0, 0
1983900, 0, 6, 12.6295, 145.719, 6, 12.6365, 143.602, 0, 0, 0, 0, 0
1983910, 0, 6, 12.626, 145.846, 6, 12.2894, 143.728, 0, 0, 0, 0, 0
1983921, 0, 6, 12.612, 145.972, 6, 12.6049, 143.851, 0, 0, 0, 0, 0
1983930, 0, 6, 12.6049, 146.095, 6, 12.2613, 143.977, 0, 0, 0, 0, 0
1983940, 0, 6, 12.2789, 146.221, 6, 12.6155, 144.1, 0, 0, 0, 0, 0
1983950, 0, 6, 12.6225, 146.347, 6, 12.6225, 144.226, 0, 0, 0, 0, 0
1983961, 0, 6, 12.6225, 146.473, 6, 12.2859, 144.352, 0, 0, 0, 0, 0
1983970, 0, 6, 12.6049, 146.599, 6, 12.6014, 144.475, 0, 0, 0, 0, 0
1983980, 0, 6, 12.6225, 146.722, 6, 12.2754, 144.597, 0, 0, 0, 0, 0
1983990, 0, 6, 12.2964, 146.848, 6, 12.6225, 144.724, 0, 0, 0, 0, 0
1984001, 0, 6, 12.6225, 146.975, 6, 12.2859, 144.85, 0, 0, 0, 0, 0
1984011, 0, 6, 12.6014, 147.101, 6, 12.5944, 144.973, 0, 0, 0, 0, 0
1984020, 0, 6, 12.6365, 147.227, 6, 12.2894, 145.099, 0, 0, 0, 0, 0
1984030, 0, 6, 12.626, 147.353, 6, 12.6225, 145.222, 0, 0, 0, 0, 0
1984040, 0, 6, 12.2789, 147.476, 6, 12.2894, 145.348, 0, 0, 0, 0, 0
1984051, 0, 6, 12.931, 147.602, 6, 12.5839, 145.47, 0, 0, 0, 0, 0
1984060, 0, 6, 12.2754, 147.728, 6, 12.2648, 145.597, 0, 0, 0, 0, 0
1984070, 0, 6, 12.6365, 147.855, 6, 12.2894, 145.719, 0, 0, 0, 0, 0
1984080, 0, 6, 12.6225, 147.977, 6, 12.626, 145.846, 0, 0, 0, 0, 0
1984091, 0, 6, 12.2754, 148.104, 6, 12.6049, 145.968, 0, 0, 0, 0, 0
1984100, 0, 6, 12.6049, 148.23, 6, 12.2754, 146.091, 0, 0, 0, 0, 0
1984110, 0, 6, 12.647, 148.356, 6, 12.6295, 146.217, 0, 0, 0, 0, 0
1984120, 0, 6, 12.6155, 148.479, 6, 12.2789, 146.344, 0, 0, 0, 0, 0
1984131, 0, 6, 12.2648, 148.605, 6, 12.6155, 146.466, 0, 0, 0, 0, 0
1984140, 0, 6, 12.6014, 148.731, 6, 12.5944, 146.592, 0, 0, 0, 0, 0
1984150, 0, 6, 12.626, 148.857, 6, 12.2754, 146.719, 0, 0, 0, 0, 0
1984160, 0, 6, 12.6295, 148.98, 6, 12.2789, 146.841, 0, 0, 0, 0, 0
1984171, 0, 6, 12.2789, 149.106, 6, 12.6225, 146.968, 0, 0, 0, 0, 0
1984181, 0, 6, 12.6014, 149.233, 6, 12.6014, 147.09, 0, 0, 0, 0, 0
1984190, 0, 6, 12.6295, 149.359, 6, 12.2859, 147.213, 0, 0, 0, 0, 0
1984200, 0, 6, 12.2859, 149.482, 6, 12.6295, 147.339, 0, 0, 0, 0, 0
1984210, 0, 6, 12.612, 149.608, 6, 12.2754, 147.466, 0, 0, 0, 0, 0
1984221, 0, 6, 12.6155, 149.734, 6, 12.612, 147.588, 0, 0, 0, 0, 0
1984230, 0, 6, 12.612, 149.86, 6, 12.6049, 147.714, 0, 0, 0, 0, 0
1984240, 0, 6, 12.2648, 149.983, 6, 12.2718, 147.837, 0, 0, 0, 0, 0
1984250, 0, 6, 12.6505, 150.109, 6, 12.2894, 147.963, 0, 0, 0, 0, 0
1984261, 0, 6, 12.6155, 150.235, 6, 12.6295, 148.09, 0, 0, 0, 0, 0
1984270, 0, 6, 12.6049, 150.362, 6, 12.6014, 148.212, 0, 0, 0, 0, 0
1984280, 0, 6, 12.6365, 150.488, 6, 12.2754, 148.335, 0, 0, 0, 0, 0
1984290, 0, 6, 12.6225, 150.611, 6, 12.626, 148.461, 0, 0, 0, 0, 0
1984301, 0, 6, 12.612, 150.737, 6, 12.2648, 148.588, 0, 0, 0, 0, 0
1984310, 0, 6, 12.2543, 150.863, 6, 12.612, 148.71, 0, 0, 0, 0, 0
1984320, 0, 6, 12.626, 150.989, 6, 12.2648, 148.836, 0, 0, 0, 0, 0
1984330, 0, 6, 12.6225, 151.116, 6, 12.626, 148.959, 0, 0, 0, 0, 0
1984340, 0, 6, 12.6295, 151.238, 6, 12.2789, 149.085, 0, 0, 0, 0, 0
1984351, 0, 6, 12.6225, 151.364, 6, 12.6225, 149.212, 0, 0, 0, 0, 0
1984360, 0, 6, 12.2718, 151.491, 6, 12.6049, 149.334, 0, 0, 0, 0, 0
1984370, 0, 6, 12.6295, 151.617, 6, 12.2754, 149.457, 0, 0, 0, 0, 0
1984380, 0, 6, 12.626, 151.743, 6, 12.6365, 149.583, 0, 0, 0, 0, 0
1984391, 0, 6, 12.612, 151.869, 6, 12.2718, 149.71, 0, 0, 0, 0, 0
1984400, 0, 6, 12.6049, 151.992, 6, 12.612, 149.832, 0, 0, 0, 0, 0
1984410, 0, 6, 12.2859, 152.118, 6, 12.2718, 149.955, 0, 0, 0, 0, 0
1984420, 0, 6, 12.626, 152.245, 6, 12.626, 150.081, 0, 0, 0, 0, 0
1984431, 0, 6, 12.612, 152.371, 6, 12.2718, 150.207, 0, 0, 0, 0, 0
1984440, 0, 6, 12.6014, 152.497, 6, 12.6049, 150.33, 0, 0, 0, 0, 0
1984450, 0, 6, 12.6295, 152.623, 6, 12.2754, 150.456, 0, 0, 0, 0, 0
1984460, 0, 6, 12.2894, 152.746, 6, 12.6225, 150.579, 0, 0, 0, 0, 0
1984471, 0, 6, 12.9626, 152.872, 6, 12.2789, 150.705, 0, 0, 0, 0, 0
1984480, 0, 6, 12.2648, 152.998, 6, 12.6014, 150.828, 0, 0, 0, 0, 0
1984490, 0, 6, 12.626, 153.125, 6, 12.2754, 150.954, 0, 0, 0, 0, 0
1984500, 0, 6, 12.64, 153.251, 6, 12.647, 151.077, 0, 0, 0, 0, 0
1984510, 0, 6, 12.6155, 153.377, 6, 12.6155, 151.203, 0, 0, 0, 0, 0
1984521, 0, 6, 12.612, 153.503, 6, 12.2718, 151.329, 0, 0, 0, 0, 0
1984530, 0, 6, 12.6155, 153.626, 6, 12.612, 151.452, 0, 0, 0, 0, 0
1984540, 0, 6, 12.2613, 153.752, 6, 12.2648, 151.575, 0, 0, 0, 0, 0
1984550, 0, 6, 12.6295, 153.878, 6, 12.2859, 151.701, 0, 0, 0, 0, 0
1984561, 0, 6, 12.626, 154.005, 6, 12.6225, 151.824, 0, 0, 0, 0, 0
1984570, 0, 6, 12.6014, 154.131, 6, 12.6014, 151.95, 0, 0, 0, 0, 0
1984580, 0, 6, 12.6225, 154.254, 6, 12.2754, 152.076, 0, 0, 0, 0, 0
1984590, 0, 6, 12.2964, 154.38, 6, 12.6225, 152.199, 0, 0, 0, 0, 0
1984601, 0, 6, 12.626, 154.506, 6, 12.2964, 152.325, 0, 0, 0, 0, 0
1984610, 0, 6, 12.6155, 154.632, 6, 12.6155, 152.448, 0, 0, 0, 0, 0
1984620, 0, 6, 12.612, 154.755, 6, 12.2648, 152.574, 0, 0, 0, 0, 0
1984630, 0, 6, 12.2718, 154.881, 6, 12.6049, 152.697, 0, 0, 0, 0, 0
1984641, 0, 6, 12.6225, 155.007, 6, 12.2859, 152.823, 0, 0, 0, 0, 0
1984651, 0, 6, 12.6155, 155.134, 6, 12.612, 152.946, 0, 0, 0, 0, 0
1984660, 0, 6, 12.2754, 155.256, 6, 12.6049, 153.072, 0, 0, 0, 0, 0
1984670, 0, 6, 12.6225, 155.383, 6, 12.2789, 153.195, 0, 0, 0, 0, 0
1984680, 0, 6, 12.6365, 155.509, 6, 12.2964, 153.321, 0, 0, 0, 0, 0
1984691, 0, 6, 12.612, 155.635, 6, 12.612, 153.444, 0, 0, 0, 0, 0
1984700, 0, 6, 12.2648, 155.758, 6, 12.612, 153.57, 0, 0, 0, 0, 0
1984710, 0, 6, 12.612, 155.884, 6, 12.2718, 153.693, 0, 0, 0, 0, 0
1984720, 0, 6, 12.6295, 156.01, 6, 12.2789, 153.819, 0, 0, 0, 0, 0
1984731, 0, 6, 12.612, 156.133, 6, 12.612, 153.942, 0, 0, 0, 0, 0
1984740, 0, 6, 12.612, 156.259, 6, 12.2543, 154.068, 0, 0, 0, 0, 0
1984750, 0, 6, 12.3104, 156.385, 6, 12.6365, 154.19, 0, 0, 0, 0, 0
1984760, 0, 6, 12.6155, 156.512, 6, 12.6295, 154.317, 0, 0, 0, 0, 0
1984771, 0, 6, 12.6225, 156.634, 6, 12.2859, 154.443, 0, 0, 0, 0, 0
1984780, 0, 6, 12.5909, 156.761, 6, 12.5839, 154.566, 0, 0, 0, 0, 0
1984790, 0, 6, 12.2718, 156.887, 6, 12.2754, 154.692, 0, 0, 0, 0, 0
1984800, 0, 6, 12.6365, 157.013, 6, 12.6225, 154.815, 0, 0, 0, 0, 0
1984811, 0, 6, 12.626, 157.139, 6, 12.2894, 154.941, 0, 0, 0, 0, 0
1984821, 0, 6, 12.2613, 157.262, 6, 12.5944, 155.064, 0, 0, 0, 0, 0
1984830, 0, 6, 12.626, 157.388, 6, 12.2648, 155.186, 0, 0, 0, 0, 0
1984840, 0, 6, 12.6295, 157.514, 6, 12.3034, 155.312, 0, 0, 0, 0, 0
1984850, 0, 6, 12.626, 157.641, 6, 12.6225, 155.435, 0, 0, 0, 0, 0
1984861, 0, 6, 12.6014, 157.767, 6, 12.6014, 155.561, 0, 0, 0, 0, 0
1984870, 0, 6, 12.6155, 157.89, 6, 12.2613, 155.688, 0, 0, 0, 0, 0
1984880, 0, 6, 12.2789, 158.016, 6, 12.6225, 155.81, 0, 0, 0, 0, 0
1984890, 0, 6, 12.6225, 158.142, 6, 12.2894, 155.937, 0, 0, 0, 0, 0
1984901, 0, 6, 12.612, 158.268, 6, 12.6049, 156.059, 0, 0, 0, 0, 0
1984910, 0, 6, 12.612, 158.391, 6, 12.2648, 156.186, 0, 0, 0, 0, 0
1984920, 0, 6, 12.2894, 158.517, 6, 12.2859, 156.308, 0, 0, 0, 0, 0
1984930, 0, 6, 12.6295, 158.643, 6, 12.6225, 156.434, 0, 0, 0, 0, 0
1984941, 0, 6, 12.612, 158.77, 6, 12.612, 156.557, 0, 0, 0, 0, 0
1984950, 0, 6, 12.6155, 158.896, 6, 12.2648, 156.683, 0, 0, 0, 0, 0
1984960, 0, 6, 12.6365, 159.022, 6, 12.6295, 156.806, 0, 0, 0, 0, 0
1984970, 0, 6, 12.2754, 159.145, 6, 12.2964, 156.932, 0, 0, 0, 0, 0
1984980, 0, 6, 12.9731, 159.271, 6, 12.6225, 157.055, 0, 0, 0, 0, 0
1984991, 0, 6, 12.2403, 159.397, 6, 12.2368, 157.181, 0, 0, 0, 0, 0
1985000, 0, 6, 12.6365, 159.523, 6, 12.6155, 157.304, 0, 0, 0, 0, 0
1985010, 0, 6, 12.626, 159.65, 6, 12.2999, 157.43, 0, 0, 0, 0, 0
1985020, 0, 6, 12.6049, 159.776, 6, 12.6049, 157.556, 0, 0, 0, 0, 0
1985031, 0, 6, 12.612, 159.899, 6, 12.2613, 157.679, 0, 0, 0, 0, 0
1985040, 0, 6, 12.2789, 160.025, 6, 12.6155, 157.802, 0, 0, 0, 0, 0
1985050, 0, 6, 12.64, 160.151, 6, 12.2894, 157.928, 0, 0, 0, 0, 0
1985060, 0, 6, 12.612, 160.277, 6, 12.612, 158.051, 0, 0, 0, 0, 0
1985071, 0, 6, 12.6225, 160.404, 6, 12.2859, 158.177, 0, 0, 0, 0, 0
1985080, 0, 6, 12.626, 160.53, 6, 12.612, 158.3, 0, 0, 0, 0, 0
1985090, 0, 6, 12.626, 160.656, 6, 12.2894, 158.426, 0, 0, 0, 0, 0
1985100, 0, 6, 12.6225, 160.779, 6, 12.6155, 158.549, 0, 0, 0, 0, 0
1985111, 0, 6, 12.2543, 160.905, 6, 12.6049, 158.675, 0, 0, 0, 0, 0
1985120, 0, 6, 12.6049, 161.031, 6, 12.2543, 158.801, 0, 0, 0, 0, 0
1985130, 0, 6, 12.64, 161.157, 6, 12.6225, 158.924, 0, 0, 0, 0, 0
1985140, 0, 6, 12.2859, 161.28, 6, 12.2894, 159.047, 0, 0, 0, 0, 0
1985150, 0, 6, 12.945, 161.406, 6, 12.612, 159.173, 0, 0, 0, 0, 0
1985161, 0, 6, 12.2718, 161.533, 6, 12.2648, 159.299, 0, 0, 0, 0, 0
1985170, 0, 6, 12.64, 161.659, 6, 12.6295, 159.422, 0, 0, 0, 0, 0
1985180, 0, 6, 12.6225, 161.785, 6, 12.2894, 159.548, 0, 0, 0, 0, 0
1985190, 0, 6, 12.612, 161.908, 6, 12.612, 159.671, 0, 0, 0, 0, 0
1985201, 0, 6, 12.2789, 162.034, 6, 12.2648, 159.793, 0, 0, 0, 0, 0
1985210, 0, 6, 12.6014, 162.16, 6, 12.6014, 159.92, 0, 0, 0, 0, 0
1985220, 0, 6, 12.6365, 162.286, 6, 12.2999, 160.046, 0, 0, 0, 0, 0
1985230, 0, 6, 12.6049, 162.413, 6, 12.6014, 160.169, 0, 0, 0, 0, 0
1985241, 0, 6, 12.2718, 162.535, 6, 12.2754, 160.295, 0, 0, 0, 0, 0
1985250, 0, 6, 12.6365, 162.662, 6, 12.6049, 160.418, 0, 0, 0, 0, 0
1985260, 0, 6, 12.626, 162.788, 6, 12.2894, 160.544, 0, 0, 0, 0, 0
1985270, 0, 6, 12.626, 162.914, 6, 12.6365, 160.667, 0, 0, 0, 0, 0
1985281, 0, 6, 12.6049, 163.04, 6, 12.2613, 160.793, 0, 0, 0, 0, 0
1985290, 0, 6, 12.2789, 163.163, 6, 12.6155, 160.915, 0, 0, 0, 0, 0
1985300, 0, 6, 12.6155, 163.289, 6, 12.6049, 161.042, 0, 0, 0, 0, 0
1985310, 0, 6, 12.612, 163.415, 6, 12.2859, 161.168, 0, 0, 0, 0, 0
1985320, 0, 6, 12.6155, 163.538, 6, 12.612, 161.291, 0, 0, 0, 0, 0
1985331, 0, 6, 12.6225, 163.664, 6, 12.2648, 161.413, 0, 0, 0, 0, 0
1985340, 0, 6, 12.2789, 163.791, 6, 12.2648, 161.54, 0, 0, 0, 0, 0
1985350, 0, 6, 12.6295, 163.917, 6, 12.64, 161.662, 0, 0, 0, 0, 0
1985360, 0, 6, 12.6155, 164.043, 6, 12.626, 161.789, 0, 0, 0, 0, 0
1985371, 0, 6, 12.6155, 164.169, 6, 12.2718, 161.911, 0, 0, 0, 0, 0
1985380, 0, 6, 12.6295, 164.292, 6, 12.2754, 162.037, 0, 0, 0, 0, 0
1985390, 0, 6, 12.612, 164.418, 6, 12.612, 162.164, 0, 0, 0, 0, 0
1985400, 0, 6, 12.2648, 164.544, 6, 12.6155, 162.286, 0, 0, 0, 0, 0
1985411, 0, 6, 12.6225, 164.671, 6, 12.2754, 162.413, 0, 0, 0, 0, 0
1985420, 0, 6, 12.6225, 164.797, 6, 12.6049, 162.535, 0, 0, 0, 0, 0
1985430, 0, 6, 12.626, 164.923, 6, 12.2859, 162.662, 0, 0, 0, 0, 0
1985440, 0, 6, 12.2754, 165.046, 6, 12.6155, 162.784, 0, 0, 0, 0, 0
1985451, 0, 6, 12.6225, 165.172, 6, 12.2754, 162.911, 0, 0, 0, 0, 0
1985461, 0, 6, 12.6225, 165.298, 6, 12.6049, 163.033, 0, 0, 0, 0, 0
1985470, 0, 6, 12.6295, 165.424, 6, 12.2859, 163.159, 0, 0, 0, 0, 0
1985480, 0, 6, 12.6049, 165.551, 6, 12.626, 163.282, 0, 0, 0, 0, 0
1985490, 0, 6, 12.6225, 165.677, 6, 12.2718, 163.405, 0, 0, 0, 0, 0
1985501, 0, 6, 12.626, 165.803, 6, 12.612, 163.531, 0, 0, 0, 0, 0
1985510, 0, 6, 12.6295, 165.926, 6, 12.2859, 163.657, 0, 0, 0, 0, 0
1985520, 0, 6, 12.2508, 166.052, 6, 12.6049, 163.78, 0, 0, 0, 0, 0
1985530, 0, 6, 12.6155, 166.178, 6, 12.2718, 163.906, 0, 0, 0, 0, 0
1985541, 0, 6, 12.6365, 166.305, 6, 12.6225, 164.029, 0, 0, 0, 0, 0
1985550, 0, 6, 12.612, 166.431, 6, 12.2718, 164.155, 0, 0, 0, 0, 0
1985560, 0, 6, 12.6155, 166.553, 6, 12.6155, 164.281, 0, 0, 0, 0, 0
1985570, 0, 6, 12.2859, 166.68, 6, 12.2754, 164.404, 0, 0, 0, 0, 0
1985581, 0, 6, 12.6295, 166.806, 6, 12.6155, 164.527, 0, 0, 0, 0, 0
1985590, 0, 6, 12.612, 166.932, 6, 12.612, 164.653, 0, 0, 0, 0, 0
1985600, 0, 6, 12.6365, 167.058, 6, 12.3104, 164.779, 0, 0, 0, 0, 0
1985610, 0, 6, 12.6049, 167.181, 6, 12.612, 164.902, 0, 0, 0, 0, 0
1985620, 0, 6, 12.6049, 167.307, 6, 12.2508, 165.028, 0, 0, 0, 0, 0
1985631, 0, 6, 12.2754, 167.434, 6, 12.6155, 165.151, 0, 0, 0, 0, 0
1985640, 0, 6, 12.626, 167.56, 6, 12.2789, 165.274, 0, 0, 0, 0, 0
1985650, 0, 6, 12.612, 167.686, 6, 12.6155, 165.4, 0, 0, 0, 0, 0
1985660, 0, 6, 12.6225, 167.809, 6, 12.2754, 165.526, 0, 0, 0, 0, 0
1985671, 0, 6, 12.2859, 167.935, 6, 12.6049, 165.649, 0, 0, 0, 0, 0
1985680, 0, 6, 12.626, 168.061, 6, 12.2859, 165.775, 0, 0, 0, 0, 0
1985690, 0, 6, 12.6155, 168.187, 6, 12.6295, 165.898, 0, 0, 0, 0, 0
1985700, 0, 6, 12.6155, 168.314, 6, 12.2648, 166.024, 0, 0, 0, 0, 0
1985711, 0, 6, 12.6365, 168.436, 6, 12.626, 166.147, 0, 0, 0, 0, 0
1985720, 0, 6, 12.2543, 168.563, 6, 12.2718, 166.273, 0, 0, 0, 0, 0
1985730, 0, 6, 12.626, 168.689, 6, 12.6225, 166.396, 0, 0, 0, 0, 0
1985740, 0, 6, 12.6049, 168.815, 6, 12.612, 166.522, 0, 0, 0, 0, 0
1985751, 0, 6, 12.6225, 168.941, 6, 12.2718, 166.648, 0, 0, 0, 0, 0
1985760, 0, 6, 12.6225, 169.064, 6, 12.612, 166.771, 0, 0, 0, 0, 0
1985770, 0, 6, 12.2894, 169.19, 6, 12.2754, 166.897, 0, 0, 0, 0, 0
1985780, 0, 6, 12.6155, 169.316, 6, 12.626, 167.02, 0, 0, 0, 0, 0
1985790, 0, 6, 12.6155, 169.443, 6, 12.2648, 167.146, 0, 0, 0, 0, 0
1985801, 0, 6, 12.612, 169.569, 6, 12.626, 167.269, 0, 0, 0, 0, 0
1985810, 0, 6, 12.2894, 169.692, 6, 12.2789, 167.395, 0, 0, 0, 0, 0
1985820, 0, 6, 12.6155, 169.818, 6, 12.6225, 167.518, 0, 0, 0, 0, 0
1985830, 0, 6, 12.6049, 169.944, 6, 12.6049, 167.644, 0, 0, 0, 0, 0
1985841, 0, 6, 12.6295, 170.07, 6, 12.2718, 167.767, 0, 0, 0, 0, 0
1985850, 0, 6, 12.6155, 170.196, 6, 12.2789, 167.893, 0, 0, 0, 0, 0
1985860, 0, 6, 12.626, 170.323, 6, 12.626, 168.016, 0, 0, 0, 0, 0
1985870, 0, 6, 12.2718, 170.445, 6, 12.6049, 168.142, 0, 0, 0, 0, 0
1985881, 0, 6, 12.6225, 170.572, 6, 12.2754, 168.268, 0, 0, 0, 0, 0
1985890, 0, 6, 12.626, 170.698, 6, 12.6049, 168.391, 0, 0, 0, 0, 0
1985900, 0, 6, 12.6365, 170.824, 6, 12.3104, 168.517, 0, 0, 0, 0, 0
1985910, 0, 6, 12.6225, 170.95, 6, 12.6225, 168.64, 0, 0, 0, 0, 0
1985921, 0, 6, 12.6049, 171.077, 6, 12.6049, 168.766, 0, 0, 0, 0, 0
1985931, 0, 6, 12.612, 171.199, 6, 12.2648, 168.892, 0, 0, 0, 0, 0
1985940, 0, 6, 12.2754, 171.326, 6, 12.2648, 169.015, 0, 0, 0, 0, 0
1985950, 0, 6, 12.6225, 171.452, 6, 12.6295, 169.141, 0, 0, 0, 0, 0
1985960, 0, 6, 12.612, 171.578, 6, 12.612, 169.264, 0, 0, 0, 0, 0
1985971, 0, 6, 12.612, 171.704, 6, 12.2613, 169.39, 0, 0, 0, 0, 0
1985980, 0, 6, 12.647, 171.83, 6, 12.626, 169.513, 0, 0, 0, 0, 0
1985990, 0, 6, 12.6155, 171.957, 6, 12.2789, 169.639, 0, 0, 0, 0, 0
1986000, 0, 6, 12.612, 172.079, 6, 12.612, 169.762, 0, 0, 0, 0, 0
1986011, 0, 6, 12.2859, 172.206, 6, 12.626, 169.888, 0, 0, 0, 0, 0
1986020, 0, 6, 12.6225, 172.332, 6, 12.2613, 170.011, 0, 0, 0, 0, 0
1986030, 0, 6, 12.6365, 172.458, 6, 12.3034, 170.137, 0, 0, 0, 0, 0
1986040, 0, 6, 12.6155, 172.584, 6, 12.6155, 170.26, 0, 0, 0, 0, 0
1986051, 0, 6, 12.6049, 172.71, 6, 12.612, 170.386, 0, 0, 0, 0, 0
1986060, 0, 6, 12.2718, 172.833, 6, 12.2718, 170.509, 0, 0, 0, 0, 0
1986070, 0, 6, 12.9801, 172.959, 6, 12.6155, 170.635, 0, 0, 0, 0, 0
1986080, 0, 6, 12.2613, 173.086, 6, 12.2754, 170.761, 0, 0, 0, 0, 0
1986091, 0, 6, 12.612, 173.212, 6, 12.612, 170.884, 0, 0, 0, 0, 0
1986101, 0, 6, 12.626, 173.338, 6, 12.2613, 171.006, 0, 0, 0, 0, 0
1986110, 0, 6, 12.6295, 173.464, 6, 12.6225, 171.133, 0, 0, 0, 0, 0
1986120, 0, 6, 12.2754, 173.587, 6, 12.2859, 171.259, 0, 0, 0, 0, 0
1986130, 0, 6, 12.6155, 173.713, 6, 12.2648, 171.382, 0, 0, 0, 0, 0
1986141, 0, 6, 12.6049, 173.839, 6, 12.6225, 171.504, 0, 0, 0, 0, 0
1986150, 0, 6, 12.64, 173.966, 6, 12.6049, 171.631, 0, 0, 0, 0, 0
1986160, 0, 6, 12.6295, 174.092, 6, 12.3104, 171.757, 0, 0, 0, 0, 0
1986170, 0, 6, 12.6014, 174.218, 6, 12.6049, 171.879, 0, 0, 0, 0, 0
1986181, 0, 6, 12.2754, 174.341, 6, 12.2754, 172.006, 0, 0, 0, 0, 0
1986190, 0, 6, 12.612, 174.467, 6, 12.2613, 172.128, 0, 0, 0, 0, 0
1986200, 0, 6, 12.626, 174.593, 6, 12.626, 172.251, 0, 0, 0, 0, 0
1986210, 0, 6, 12.612, 174.716, 6, 12.6049, 172.377, 0, 0, 0, 0, 0
1986221, 0, 6, 12.2789, 174.842, 6, 12.2718, 172.504, 0, 0, 0, 0, 0
1986230, 0, 6, 12.626, 174.968, 6, 12.612, 172.626, 0, 0, 0, 0, 0
1986240, 0, 6, 12.6295, 175.095, 6, 12.3104, 172.753, 0, 0, 0, 0, 0
1986250, 0, 6, 12.612, 175.221, 6, 12.6049, 172.875, 0, 0, 0, 0, 0
1986260, 0, 6, 12.2718, 175.344, 6, 12.2754, 173.001, 0, 0, 0, 0, 0
1986271, 0, 6, 12.6014, 175.47, 6, 12.5944, 173.128, 0, 0, 0, 0, 0
1986280, 0, 6, 12.6365, 175.596, 6, 12.6155, 173.25, 0, 0, 0, 0, 0
1986290, 0, 6, 12.6225, 175.719, 6, 12.2964, 173.373, 0, 0, 0, 0, 0
1986300, 0, 6, 12.2718, 175.845, 6, 12.6049, 173.499, 0, 0, 0, 0, 0
1986311, 0, 6, 12.6155, 175.971, 6, 12.2648, 173.626, 0, 0, 0, 0, 0
1986320, 0, 6, 12.64, 176.097, 6, 12.6365, 173.748, 0, 0, 0, 0, 0
1986330, 0, 6, 12.6155, 176.224, 6, 12.2859, 173.875, 0, 0, 0, 0, 0
1986340, 0, 6, 12.6155, 176.35, 6, 12.612, 173.997, 0, 0, 0, 0, 0
1986351, 0, 6, 12.6225, 176.473, 6, 12.2754, 174.123, 0, 0, 0, 0, 0
1986360, 0, 6, 12.2613, 176.599, 6, 12.5944, 174.246, 0, 0, 0, 0, 0
1986370, 0, 6, 12.626, 176.725, 6, 12.2894, 174.372, 0, 0, 0, 0, 0
1986380, 0, 6, 12.626, 176.851, 6, 12.6225, 174.495, 0, 0, 0, 0, 0
1986391, 0, 6, 12.6049, 176.974, 6, 12.612, 174.621, 0, 0, 0, 0, 0
1986400, 0, 6, 12.612, 177.1, 6, 12.2543, 174.748, 0, 0, 0, 0, 0
1986410, 0, 6, 12.3034, 177.227, 6, 12.626, 174.87, 0, 0, 0, 0, 0
1986420, 0, 6, 12.6155, 177.353, 6, 12.2859, 174.997, 0, 0, 0, 0, 0
1986430, 0, 6, 12.6155, 177.479, 6, 12.612, 175.119, 0, 0, 0, 0, 0
1986441, 0, 6, 12.6049, 177.605, 6, 12.2754, 175.245, 0, 0, 0, 0, 0
1986450, 0, 6, 12.64, 177.731, 6, 12.6225, 175.368, 0, 0, 0, 0, 0
1986460, 0, 6, 12.6225, 177.858, 6, 12.2894, 175.494, 0, 0, 0, 0, 0
1986470, 0, 6, 12.626, 177.98, 6, 12.6225, 175.617, 0, 0, 0, 0, 0
1986481, 0, 6, 12.5944, 178.107, 6, 12.2508, 175.743, 0, 0, 0, 0, 0
1986490, 0, 6, 12.2754, 178.233, 6, 12.612, 175.866, 0, 0, 0, 0, 0
1986500, 0, 6, 12.626, 178.359, 6, 12.2894, 175.992, 0, 0, 0, 0, 0
1986510, 0, 6, 12.626, 178.485, 6, 12.6225, 176.115, 0, 0, 0, 0, 0
1986521, 0, 6, 12.6049, 178.611, 6, 12.6049, 176.241, 0, 0, 0, 0, 0
1986530, 0, 6, 12.6225, 178.734, 6, 12.2648, 176.364, 0, 0, 0, 0, 0
1986540, 0, 6, 12.6295, 178.86, 6, 12.626, 176.49, 0, 0, 0, 0, 0
1986550, 0, 6, 12.2859, 178.987, 6, 12.2859, 176.616, 0, 0, 0, 0, 0
1986561, 0, 6, 12.626, 179.113, 6, 12.626, 176.739, 0, 0, 0, 0, 0
1986571, 0, 6, 12.5909, 179.239, 6, 12.5909, 176.865, 0, 0, 0, 0, 0
1986580, 0, 6, 12.64, 179.365, 6, 12.2859, 176.988, 0, 0, 0, 0, 0
1986590, 0, 6, 12.626, 179.492, 6, 12.2964, 177.114, 0, 0, 0, 0, 0
1986600, 0, 6, 12.612, 179.618, 6, 12.6049, 177.237, 0, 0, 0, 0, 0
1986611, 0, 6, 12.6225, 179.74, 6, 12.2648, 177.36, 0, 0, 0, 0, 0
1986620, 0, 6, 12.2754, 179.867, 6, 12.2754, 177.486, 0, 0, 0, 0, 0
1986630, 0, 6, 12.612, 179.993, 6, 12.6225, 177.612, 0, 0, 0, 0, 0
1986640, 0, 6, 12.612, 180.119, 6, 12.6049, 177.735, 0, 0, 0, 0, 0
1986651, 0, 6, 12.6225, 180.245, 6, 12.2754, 177.861, 0, 0, 0, 0, 0
1986660, 0, 6, 12.2859, 180.368, 6, 12.6049, 177.984, 0, 0, 0, 0, 0
1986670, 0, 6, 12.626, 180.494, 6, 12.2894, 178.107, 0, 0, 0, 0, 0
1986680, 0, 6, 12.612, 180.621, 6, 12.612, 178.233, 0, 0, 0, 0, 0
1986691, 0, 6, 12.6225, 180.747, 6, 12.2859, 178.359, 0, 0, 0, 0, 0
1986700, 0, 6, 12.6295, 180.869, 6, 12.2754, 178.482, 0, 0, 0, 0, 0
1986710, 0, 6, 12.2648, 180.996, 6, 12.6155, 178.608, 0, 0, 0, 0, 0
1986720, 0, 6, 12.6049, 181.122, 6, 12.6049, 178.731, 0, 0, 0, 0, 0
1986731, 0, 6, 12.6155, 181.248, 6, 12.2718, 178.857, 0, 0, 0, 0, 0
1986741, 0, 6, 12.6155, 181.374, 6, 12.6155, 178.98, 0, 0, 0, 0, 0
1986750, 0, 6, 12.2999, 181.497, 6, 12.2789, 179.106, 0, 0, 0, 0, 0
1986760, 0, 6, 12.6295, 181.623, 6, 12.6295, 179.229, 0, 0, 0, 0, 0
1986770, 0, 6, 12.6014, 181.75, 6, 12.2718, 179.355, 0, 0, 0, 0, 0
1986781, 0, 6, 12.612, 181.876, 6, 12.612, 179.478, 0, 0, 0, 0, 0
1986790, 0, 6, 12.2894, 181.998, 6, 12.2789, 179.604, 0, 0, 0, 0, 0
1986800, 0, 6, 12.612, 182.125, 6, 12.6225, 179.73, 0, 0, 0, 0, 0
1986810, 0, 6, 12.612, 182.251, 6, 12.612, 179.853, 0, 0, 0, 0, 0
1986821, 0, 6, 12.6295, 182.374, 6, 12.2648, 179.975, 0, 0, 0, 0, 0
1986830, 0, 6, 12.612, 182.5, 6, 12.612, 180.102, 0, 0, 0, 0, 0
1986840, 0, 6, 12.2859, 182.626, 6, 12.2859, 180.228, 0, 0, 0, 0, 0
1986850, 0, 6, 12.6155, 182.752, 6, 12.2648, 180.351, 0, 0, 0, 0, 0
1986861, 0, 6, 12.6295, 182.879, 6, 12.6295, 180.473, 0, 0, 0, 0, 0
1986870, 0, 6, 12.6155, 183.005, 6, 12.6155, 180.6, 0, 0, 0, 0, 0
1986880, 0, 6, 12.2859, 183.128, 6, 12.2964, 180.726, 0, 0, 0, 0, 0
1986890, 0, 6, 12.5944, 183.254, 6, 12.5944, 180.848, 0, 0, 0, 0, 0
1986900, 0, 6, 12.6155, 183.38, 6, 12.2648, 180.971, 0, 0, 0, 0, 0
1986911, 0, 6, 12.626, 183.506, 6, 12.2754, 181.097, 0, 0, 0, 0, 0
1986920, 0, 6, 12.626, 183.632, 6, 12.6225, 181.224, 0, 0, 0, 0, 0
1986930, 0, 6, 12.612, 183.755, 6, 12.6155, 181.346, 0, 0, 0, 0, 0
1986940, 0, 6, 12.6225, 183.885, 6, 12.2754, 181.473, 0, 0, 0, 0, 0
1986951, 0, 6, 12.2718, 184.008, 6, 12.612, 181.595, 0, 0, 0, 0, 0
1986960, 0, 6, 12.647, 184.134, 6, 12.2789, 181.721, 0, 0, 0, 0, 0
1986970, 0, 6, 12.6049, 184.26, 6, 12.6155, 181.844, 0, 0, 0, 0, 0
1986980, 0, 6, 12.6225, 184.386, 6, 12.2859, 181.97, 0, 0, 0, 0, 0
1986991, 0, 6, 12.6295, 184.509, 6, 12.6155, 182.093, 0, 0, 0, 0, 0
1987000, 0, 6, 12.6049, 184.639, 6, 12.2718, 182.219, 0, 0, 0, 0, 0
1987010, 0, 6, 12.2789, 184.761, 6, 12.626, 182.342, 0, 0, 0, 0, 0
1987020, 0, 6, 12.6049, 184.888, 6, 12.6049, 182.468, 0, 0, 0, 0, 0
1987031, 0, 6, 12.6155, 185.014, 6, 12.2718, 182.595, 0, 0, 0, 0, 0
1987040, 0, 6, 12.6295, 185.14, 6, 12.6155, 182.717, 0, 0, 0, 0, 0
1987050, 0, 6, 12.626, 185.266, 6, 12.2789, 182.844, 0, 0, 0, 0, 0
1987060, 0, 6, 12.612, 185.389, 6, 12.6155, 182.966, 0, 0, 0, 0, 0
1987070, 0, 6, 12.2789, 185.515, 6, 12.2718, 183.092, 0, 0, 0, 0, 0
1987081, 0, 6, 12.626, 185.641, 6, 12.612, 183.215, 0, 0, 0, 0, 0
1987090, 0, 6, 12.6365, 185.768, 6, 12.2894, 183.341, 0, 0, 0, 0, 0
1987100, 0, 6, 12.6049, 185.894, 6, 12.626, 183.464, 0, 0, 0, 0, 0
1987110, 0, 6, 12.6225, 186.02, 6, 12.2754, 183.587, 0, 0, 0, 0, 0
1987121, 0, 6, 12.6295, 186.143, 6, 12.612, 183.713, 0, 0, 0, 0, 0
1987130, 0, 6, 12.2648, 186.269, 6, 12.2789, 183.839, 0, 0, 0, 0, 0
1987140, 0, 6, 12.6049, 186.395, 6, 12.6049, 183.962, 0, 0, 0, 0, 0
1987150, 0, 6, 12.612, 186.522, 6, 12.2648, 184.085, 0, 0, 0, 0, 0
1987161, 0, 6, 12.6365, 186.648, 6, 12.6225, 184.211, 0, 0, 0, 0, 0
1987170, 0, 6, 12.612, 186.77, 6, 12.2754, 184.337, 0, 0, 0, 0, 0
1987180, 0, 6, 12.2789, 186.897, 6, 12.6155, 184.46, 0, 0, 0, 0, 0
1987190, 0, 6, 12.6225, 187.023, 6, 12.2718, 184.583, 0, 0, 0, 0, 0
1987201, 0, 6, 12.6295, 187.149, 6, 12.6225, 184.709, 0, 0, 0, 0, 0
1987211, 0, 6, 12.6155, 187.275, 6, 12.2894, 184.835, 0, 0, 0, 0, 0
1987220, 0, 6, 12.6225, 187.402, 6, 12.612, 184.958, 0, 0, 0, 0, 0
1987230, 0, 6, 12.6155, 187.524, 6, 12.2718, 185.084, 0, 0, 0, 0, 0
1987240, 0, 6, 12.2754, 187.651, 6, 12.6155, 185.207, 0, 0, 0, 0, 0
1987251, 0, 6, 12.612, 187.777, 6, 12.2718, 185.333, 0, 0, 0, 0, 0
1987260, 0, 6, 12.6155, 187.903, 6, 12.612, 185.456, 0, 0, 0, 0, 0
1987270, 0, 6, 12.6155, 188.029, 6, 12.2754, 185.582, 0, 0, 0, 0, 0
1987280, 0, 6, 12.2999, 188.152, 6, 12.6225, 185.705, 0, 0, 0, 0, 0
1987291, 0, 6, 12.6225, 188.278, 6, 12.2859, 185.831, 0, 0, 0, 0, 0
1987300, 0, 6, 12.612, 188.404, 6, 12.6225, 185.954, 0, 0, 0, 0, 0
1987310, 0, 6, 12.6225, 188.531, 6, 12.2754, 186.08, 0, 0, 0, 0, 0
1987320, 0, 6, 12.6155, 188.657, 6, 12.612, 186.202, 0, 0, 0, 0, 0
1987331, 0, 6, 12.2894, 188.78, 6, 12.2894, 186.329, 0, 0, 0, 0, 0
1987340, 0, 6, 12.5944, 188.906, 6, 12.5944, 186.451, 0, 0, 0, 0, 0
1987350, 0, 6, 12.6155, 189.032, 6, 12.2648, 186.578, 0, 0, 0, 0, 0
1987360, 0, 6, 12.6295, 189.158, 6, 12.6225, 186.7, 0, 0, 0, 0, 0
1987371, 0, 6, 12.6225, 189.281, 6, 12.2859, 186.827, 0, 0, 0, 0, 0
1987381, 0, 6, 12.612, 189.407, 6, 12.6049, 186.953, 0, 0, 0, 0, 0
1987390, 0, 6, 12.2789, 189.533, 6, 12.612, 187.076, 0, 0, 0, 0, 0
1987400, 0, 6, 12.626, 189.66, 6, 12.2859, 187.198, 0, 0, 0, 0, 0
1987410, 0, 6, 12.6295, 189.786, 6, 12.6225, 187.324, 0, 0, 0, 0, 0
1987421, 0, 6, 12.612, 189.912, 6, 12.2789, 187.451, 0, 0, 0, 0, 0
1987430, 0, 6, 12.6155, 190.038, 6, 12.612, 187.573, 0, 0, 0, 0, 0
1987440, 0, 6, 12.6225, 190.165, 6, 12.2789, 187.7, 0, 0, 0, 0, 0
1987450, 0, 6, 12.2859, 190.287, 6, 12.6225, 187.822, 0, 0, 0, 0, 0
1987461, 0, 6, 12.612, 190.413, 6, 12.2718, 187.949, 0, 0, 0, 0, 0
1987470, 0, 6, 12.6014, 190.54, 6, 12.6014, 188.071, 0, 0, 0, 0, 0
1987480, 0, 6, 12.6295, 190.666, 6, 12.2789, 188.198, 0, 0, 0, 0, 0
1987490, 0, 6, 12.626, 190.792, 6, 12.6155, 188.32, 0, 0, 0, 0, 0
1987501, 0, 6, 12.6225, 190.915, 6, 12.6225, 188.446, 0, 0, 0, 0, 0
1987510, 0, 6, 12.6155, 191.041, 6, 12.2754, 188.573, 0, 0, 0, 0, 0
1987520, 0, 6, 12.2754, 191.167, 6, 12.6049, 188.695, 0, 0, 0, 0, 0
1987530, 0, 6, 12.626, 191.294, 6, 12.2999, 188.822, 0, 0, 0, 0, 0
1987540, 0, 6, 12.626, 191.42, 6, 12.612, 188.944, 0, 0, 0, 0, 0
1987551, 0, 6, 12.6155, 191.546, 6, 12.2754, 189.071, 0, 0, 0, 0, 0
1987560, 0, 6, 12.2648, 191.669, 6, 12.612, 189.197, 0, 0, 0, 0, 0
1987570, 0, 6, 12.612, 191.795, 6, 12.2648, 189.32, 0, 0, 0, 0, 0
1987580, 0, 6, 12.626, 191.921, 6, 12.626, 189.442, 0, 0, 0, 0, 0
1987591, 0, 6, 12.6155, 192.047, 6, 12.6049, 189.568, 0, 0, 0, 0, 0
1987600, 0, 6, 12.626, 192.174, 6, 12.2859, 189.695, 0, 0, 0, 0, 0
1987610, 0, 6, 12.2789, 192.296, 6, 12.6225, 189.817, 0, 0, 0, 0, 0
1987620, 0, 6, 12.6225, 192.423, 6, 12.2754, 189.94, 0, 0, 0, 0, 0
1987631, 0, 6, 12.626, 192.549, 6, 12.2754, 190.066, 0, 0, 0, 0, 0
1987640, 0, 6, 12.6155, 192.675, 6, 12.6225, 190.189, 0, 0, 0, 0, 0
1987650, 0, 6, 12.6155, 192.801, 6, 12.6155, 190.315, 0, 0, 0, 0, 0
1987660, 0, 6, 12.6225, 192.927, 6, 12.2754, 190.442, 0, 0, 0, 0, 0
1987671, 0, 6, 12.2789, 193.05, 6, 12.6155, 190.564, 0, 0, 0, 0, 0
1987681, 0, 6, 12.6014, 193.176, 6, 12.6014, 190.69, 0, 0, 0, 0, 0
1987690, 0, 6, 12.6365, 193.303, 6, 12.2894, 190.817, 0, 0, 0, 0, 0
1987700, 0, 6, 12.6049, 193.429, 6, 12.612, 190.939, 0, 0, 0, 0, 0
1987710, 0, 6, 12.626, 193.555, 6, 12.2754, 191.066, 0, 0, 0, 0, 0
1987721, 0, 6, 12.6155, 193.678, 6, 12.6049, 191.188, 0, 0, 0, 0, 0
1987730, 0, 6, 12.2894, 193.804, 6, 12.2859, 191.315, 0, 0, 0, 0, 0
1987740, 0, 6, 12.612, 193.93, 6, 12.6155, 191.437, 0, 0, 0, 0, 0
1987750, 0, 6, 12.6225, 194.056, 6, 12.2859, 191.564, 0, 0, 0, 0, 0
1987761, 0, 6, 12.6365, 194.183, 6, 12.6225, 191.686, 0, 0, 0, 0, 0
1987770, 0, 6, 12.6049, 194.305, 6, 12.2718, 191.812, 0, 0, 0, 0, 0
1987780, 0, 6, 12.2718, 194.432, 6, 12.6225, 191.935, 0, 0, 0, 0, 0
1987790, 0, 6, 12.612, 194.558, 6, 12.2613, 192.061, 0, 0, 0, 0, 0
1987801, 0, 6, 12.6225, 194.684, 6, 12.6225, 192.184, 0, 0, 0, 0, 0
1987810, 0, 6, 12.626, 194.81, 6, 12.6155, 192.31, 0, 0, 0, 0, 0
1987820, 0, 6, 12.2894, 194.933, 6, 12.2859, 192.437, 0, 0, 0, 0, 0
1987830, 0, 6, 12.612, 195.059, 6, 12.612, 192.559, 0, 0, 0, 0, 0
1987841, 0, 6, 12.6155, 195.185, 6, 12.2648, 192.686, 0, 0, 0, 0, 0
1987851, 0, 6, 12.6295, 195.312, 6, 12.6295, 192.808, 0, 0, 0, 0, 0
1987860, 0, 6, 12.6225, 195.438, 6, 12.2648, 192.934, 0, 0, 0, 0, 0
1987870, 0, 6, 12.626, 195.561, 6, 12.64, 193.057, 0, 0, 0, 0, 0
1987880, 0, 6, 12.6049, 195.687, 6, 12.6049, 193.183, 0, 0, 0, 0, 0
1987891, 0, 6, 12.2508, 195.813, 6, 12.2543, 193.31, 0, 0, 0, 0, 0
1987900, 0, 6, 12.64, 195.939, 6, 12.6155, 193.432, 0, 0, 0, 0, 0
1987910, 0, 6, 12.626, 196.066, 6, 12.2999, 193.559, 0, 0, 0, 0, 0
1987920, 0, 6, 12.6049, 196.192, 6, 12.6014, 193.681, 0, 0, 0, 0, 0
1987931, 0, 6, 12.626, 196.314, 6, 12.2754, 193.808, 0, 0, 0, 0, 0
1987940, 0, 6, 12.2789, 196.441, 6, 12.6049, 193.93, 0, 0, 0, 0, 0
1987950, 0, 6, 12.6365, 196.567, 6, 12.2999, 194.056, 0, 0, 0, 0, 0
1987960, 0, 6, 12.6155, 196.693, 6, 12.6155, 194.183, 0, 0, 0, 0, 0
1987971, 0, 6, 12.6049, 196.819, 6, 12.6049, 194.305, 0, 0, 0, 0, 0
1987980, 0, 6, 12.6155, 196.946, 6, 12.2754, 194.432, 0, 0, 0, 0, 0
1987990, 0, 6, 12.6365, 197.068, 6, 12.626, 194.554, 0, 0, 0, 0, 0
1988000, 0, 6, 12.6225, 197.198, 6, 12.2859, 194.681, 0, 0, 0, 0, 0
1988011, 0, 6, 12.612, 197.321, 6, 12.6049, 194.803, 0, 0, 0, 0, 0
1988021, 0, 6, 12.6014, 197.447, 6, 12.2508, 194.93, 0, 0, 0, 0, 0
1988030, 0, 6, 12.2894, 197.573, 6, 12.6225, 195.052, 0, 0, 0, 0, 0
1988040, 0, 6, 12.626, 197.699, 6, 12.2999, 195.178, 0, 0, 0, 0, 0
1988050, 0, 6, 12.612, 197.826, 6, 12.6049, 195.301, 0, 0, 0, 0, 0
1988061, 0, 6, 12.6049, 197.952, 6, 12.2613, 195.427, 0, 0, 0, 0, 0
1988070, 0, 6, 12.2999, 198.075, 6, 12.6155, 195.55, 0, 0, 0, 0, 0
1988080, 0, 6, 12.9626, 198.201, 6, 12.2894, 195.676, 0, 0, 0, 0, 0
1988090, 0, 6, 12.2859, 198.327, 6, 12.626, 195.799, 0, 0, 0, 0, 0
1988101, 0, 6, 12.6049, 198.453, 6, 12.6049, 195.925, 0, 0, 0, 0, 0
1988110, 0, 6, 12.6155, 198.58, 6, 12.2789, 196.052, 0, 0, 0, 0, 0
1988120, 0, 6, 12.6365, 198.706, 6, 12.2859, 196.174, 0, 0, 0, 0, 0
1988130, 0, 6, 12.626, 198.832, 6, 12.6225, 196.297, 0, 0, 0, 0, 0
1988141, 0, 6, 12.6049, 198.958, 6, 12.6049, 196.423, 0, 0, 0, 0, 0
1988150, 0, 6, 12.2718, 199.081, 6, 12.2754, 196.549, 0, 0, 0, 0, 0
1988160, 0, 6, 12.6225, 199.207, 6, 12.6014, 196.672, 0, 0, 0, 0, 0
1988170, 0, 6, 12.626, 199.333, 6, 12.2964, 196.798, 0, 0, 0, 0, 0
1988180, 0, 6, 12.6049, 199.46, 6, 12.6049, 196.921, 0, 0, 0, 0, 0
1988191, 0, 6, 12.612, 199.582, 6, 12.2543, 197.047, 0, 0, 0, 0, 0
1988200, 0, 6, 12.2789, 199.709, 6, 12.626, 197.17, 0, 0, 0, 0, 0
1988210, 0, 6, 12.647, 199.835, 6, 12.2894, 197.296, 0, 0, 0, 0, 0
1988220, 0, 6, 12.6049, 199.961, 6, 12.6049, 197.419, 0, 0, 0, 0, 0
1988231, 0, 6, 12.6155, 200.087, 6, 12.2754, 197.545, 0, 0, 0, 0, 0
1988240, 0, 6, 12.647, 200.21, 6, 12.626, 197.668, 0, 0, 0, 0, 0
1988250, 0, 6, 12.6155, 200.336, 6, 12.2859, 197.794, 0, 0, 0, 0, 0
1988260, 0, 6, 12.2613, 200.462, 6, 12.612, 197.92, 0, 0, 0, 0, 0
1988271, 0, 6, 12.6049, 200.589, 6, 12.2543, 198.043, 0, 0, 0, 0, 0
1988280, 0, 6, 12.6225, 200.715, 6, 12.6155, 198.166, 0, 0, 0, 0, 0
1988290, 0, 6, 12.6295, 200.838, 6, 12.626, 198.292, 0, 0, 0, 0, 0
1988300, 0, 6, 12.2894, 200.964, 6, 12.2859, 198.418, 0, 0, 0, 0, 0
1988311, 0, 6, 12.6049, 201.09, 6, 12.612, 198.541, 0, 0, 0, 0, 0
1988320, 0, 6, 12.612, 201.216, 6, 12.2718, 198.667, 0, 0, 0, 0, 0
1988330, 0, 6, 12.6365, 201.339, 6, 12.6225, 198.79, 0, 0, 0, 0, 0
1988340, 0, 6, 12.612, 201.465, 6, 12.2789, 198.916, 0, 0, 0, 0, 0
1988350, 0, 6, 12.2718, 201.591, 6, 12.6225, 199.042, 0, 0, 0, 0, 0
1988361, 0, 6, 12.6049, 201.718, 6, 12.6014, 199.165, 0, 0, 0, 0, 0
1988370, 0, 6, 12.2859, 201.84, 6, 12.2648, 199.288, 0, 0, 0, 0, 0
1988380, 0, 6, 12.6295, 201.967, 6, 12.6295, 199.414, 0, 0, 0, 0, 0
1988390, 0, 6, 12.6225, 202.093, 6, 12.2859, 199.54, 0, 0, 0, 0, 0
1988401, 0, 6, 12.612, 202.219, 6, 12.6049, 199.663, 0, 0, 0, 0, 0
1988410, 0, 6, 12.612, 202.345, 6, 12.2754, 199.789, 0, 0, 0, 0, 0
1988420, 0, 6, 12.64, 202.468, 6, 12.626, 199.912, 0, 0, 0, 0, 0
1988430, 0, 6, 12.626, 202.594, 6, 12.2894, 200.038, 0, 0, 0, 0, 0
1988441, 0, 6, 12.2613, 202.72, 6, 12.6049, 200.164, 0, 0, 0, 0, 0
1988450, 0, 6, 12.6014, 202.847, 6, 12.6014, 200.287, 0, 0, 0, 0, 0
1988460, 0, 6, 12.626, 202.973, 6, 12.2754, 200.413, 0, 0, 0, 0, 0
1988470, 0, 6, 12.6155, 203.099, 6, 12.6225, 200.54, 0, 0, 0, 0, 0
1988481, 0, 6, 12.6365, 203.225, 6, 12.2859, 200.662, 0, 0, 0, 0, 0
1988491, 0, 6, 12.6155, 203.352, 6, 12.612, 200.788, 0, 0, 0, 0, 0
1988500, 0, 6, 12.6155, 203.474, 6, 12.612, 200.911, 0, 0, 0, 0, 0
1988510, 0, 6, 12.2859, 203.6, 6, 12.2789, 201.037, 0, 0, 0, 0, 0
1988520, 0, 6, 12.626, 203.727, 6, 12.6155, 201.16, 0, 0, 0, 0, 0
1988531, 0, 6, 12.612, 203.853, 6, 12.2718, 201.286, 0, 0, 0, 0, 0
1988540, 0, 6, 12.6225, 203.979, 6, 12.612, 201.409, 0, 0, 0, 0, 0
1988550, 0, 6, 12.626, 204.105, 6, 12.2999, 201.535, 0, 0, 0, 0, 0
1988560, 0, 6, 12.6155, 204.232, 6, 12.6155, 201.658, 0, 0, 0, 0, 0
1988571, 0, 6, 12.6295, 204.358, 6, 12.2789, 201.784, 0, 0, 0, 0, 0
1988580, 0, 6, 12.6225, 204.481, 6, 12.6225, 201.907, 0, 0, 0, 0, 0
1988590, 0, 6, 12.6014, 204.607, 6, 12.6014, 202.033, 0, 0, 0, 0, 0
1988600, 0, 6, 12.2754, 204.733, 6, 12.2754, 202.159, 0, 0, 0, 0, 0
1988611, 0, 6, 12.6295, 204.859, 6, 12.6155, 202.282, 0, 0, 0, 0, 0
1988620, 0, 6, 12.6049, 204.985, 6, 12.2718, 202.408, 0, 0, 0, 0, 0
1988630, 0, 6, 12.6295, 205.112, 6, 12.626, 202.531, 0, 0, 0, 0, 0
1988640, 0, 6, 12.612, 205.238, 6, 12.612, 202.657, 0, 0, 0, 0, 0
1988651, 0, 6, 12.6225, 205.361, 6, 12.2754, 202.783, 0, 0, 0, 0, 0
1988661, 0, 6, 12.2859, 205.487, 6, 12.2718, 202.906, 0, 0, 0, 0, 0
1988670, 0, 6, 12.6295, 205.613, 6, 12.6225, 203.029, 0, 0, 0, 0, 0
1988680, 0, 6, 12.612, 205.739, 6, 12.6225, 203.155, 0, 0, 0, 0, 0
1988690, 0, 6, 12.6225, 205.865, 6, 12.2859, 203.281, 0, 0, 0, 0, 0
1988701, 0, 6, 12.6225, 205.992, 6, 12.6049, 203.404, 0, 0, 0, 0, 0
1988710, 0, 6, 12.6295, 206.114, 6, 12.2859, 203.53, 0, 0, 0, 0, 0
1988720, 0, 6, 12.2613, 206.241, 6, 12.6155, 203.653, 0, 0, 0, 0, 0
1988730, 0, 6, 12.6049, 206.367, 6, 12.6049, 203.779, 0, 0, 0, 0, 0
1988741, 0, 6, 12.626, 206.493, 6, 12.2754, 203.905, 0, 0, 0, 0, 0
1988750, 0, 6, 12.6225, 206.619, 6, 12.2718, 204.028, 0, 0, 0, 0, 0
1988760, 0, 6, 12.626, 206.746, 6, 12.6295, 204.151, 0, 0, 0, 0, 0
1988770, 0, 6, 12.2613, 206.868, 6, 12.6049, 204.277, 0, 0, 0, 0, 0
1988781, 0, 6, 12.9731, 206.994, 6, 12.2718, 204.403, 0, 0, 0, 0, 0
1988790, 0, 6, 12.2859, 207.121, 6, 12.612, 204.526, 0, 0, 0, 0, 0
1988800, 0, 6, 12.6295, 207.247, 6, 12.3104, 204.652, 0, 0, 0, 0, 0
1988810, 0, 6, 12.612, 207.373, 6, 12.612, 204.775, 0, 0, 0, 0, 0
1988820, 0, 6, 12.6225, 207.496, 6, 12.2718, 204.901, 0, 0, 0, 0, 0
1988831, 0, 6, 12.2508, 207.622, 6, 12.5944, 205.027, 0, 0, 0, 0, 0
1988840, 0, 6, 12.6365, 207.748, 6, 12.2789, 205.15, 0, 0, 0, 0, 0
1988850, 0, 6, 12.6225, 207.875, 6, 12.6295, 205.273, 0, 0, 0, 0, 0
1988860, 0, 6, 12.612, 207.997, 6, 12.6049, 205.399, 0, 0, 0, 0, 0
1988871, 0, 6, 12.2718, 208.124, 6, 12.2648, 205.525, 0, 0, 0, 0, 0
1988880, 0, 6, 12.647, 208.25, 6, 12.2964, 205.648, 0, 0, 0, 0, 0
1988890, 0, 6, 12.6155, 208.376, 6, 12.626, 205.774, 0, 0, 0, 0, 0
1988900, 0, 6, 12.612, 208.499, 6, 12.6049, 205.897, 0, 0, 0, 0, 0
1988911, 0, 6, 12.2648, 208.625, 6, 12.2648, 206.02, 0, 0, 0, 0, 0
1988920, 0, 6, 12.6225, 208.751, 6, 12.612, 206.146, 0, 0, 0, 0, 0
1988930, 0, 6, 12.626, 208.877, 6, 12.2894, 206.272, 0, 0, 0, 0, 0
1988940, 0, 6, 12.6155, 209.004, 6, 12.6155, 206.395, 0, 0, 0, 0, 0
1988951, 0, 6, 12.6155, 209.126, 6, 12.2648, 206.521, 0, 0, 0, 0, 0
1988960, 0, 6, 12.2754, 209.253, 6, 12.612, 206.647, 0, 0, 0, 0, 0
1988970, 0, 6, 12.6365, 209.379, 6, 12.6155, 206.77, 0, 0, 0, 0, 0
1988980, 0, 6, 12.6295, 209.505, 6, 12.3104, 206.896, 0, 0, 0, 0, 0
1988990, 0, 6, 12.6049, 209.631, 6, 12.6049, 207.019, 0, 0, 0, 0, 0
1989001, 0, 6, 12.6049, 209.757, 6, 12.2613, 207.142, 0, 0, 0, 0, 0
1989010, 0, 6, 12.6505, 209.88, 6, 12.626, 207.268, 0, 0, 0, 0, 0
1989020, 0, 6, 12.6155, 210.01, 6, 12.2859, 207.394, 0, 0, 0, 0, 0
1989030, 0, 6, 12.612, 210.133, 6, 12.6155, 207.517, 0, 0, 0, 0, 0
1989041, 0, 6, 12.2613, 210.259, 6, 12.2543, 207.643, 0, 0, 0, 0, 0
1989050, 0, 6, 12.6155, 210.385, 6, 12.6049, 207.766, 0, 0, 0, 0, 0
1989060, 0, 6, 12.6295, 210.511, 6, 12.2894, 207.892, 0, 0, 0, 0, 0
1989070, 0, 6, 12.612, 210.637, 6, 12.612, 208.015, 0, 0, 0, 0, 0
1989081, 0, 6, 12.6225, 210.764, 6, 12.2718, 208.141, 0, 0, 0, 0, 0
1989090, 0, 6, 12.2894, 210.886, 6, 12.6155, 208.264, 0, 0, 0, 0, 0
1989100, 0, 6, 12.6049, 211.013, 6, 12.6225, 208.39, 0, 0, 0, 0, 0
1989110, 0, 6, 12.64, 211.139, 6, 12.2894, 208.516, 0, 0, 0, 0, 0
1989121, 0, 6, 12.6049, 211.265, 6, 12.6049, 208.639, 0, 0, 0, 0, 0
1989131, 0, 6, 12.612, 211.391, 6, 12.2754, 208.765, 0, 0, 0, 0, 0
1989140, 0, 6, 12.64, 211.514, 6, 12.6225, 208.888, 0, 0, 0, 0, 0
1989150, 0, 6, 12.2789, 211.64, 6, 12.2964, 209.014, 0, 0, 0, 0, 0
1989160, 0, 6, 12.5909, 211.766, 6, 12.5944, 209.137, 0, 0, 0, 0, 0
1989171, 0, 6, 12.612, 211.893, 6, 12.2613, 209.263, 0, 0, 0, 0, 0
1989180, 0, 6, 12.64, 212.019, 6, 12.6225, 209.386, 0, 0, 0, 0, 0
1989190, 0, 6, 12.6225, 212.142, 6, 12.2894, 209.512, 0, 0, 0, 0, 0
1989200, 0, 6, 12.2754, 212.268, 6, 12.612, 209.635, 0, 0, 0, 0, 0
1989211, 0, 6, 12.6225, 212.394, 6, 12.2754, 209.761, 0, 0, 0, 0, 0
1989220, 0, 6, 12.6225, 212.52, 6, 12.6049, 209.884, 0, 0, 0, 0, 0
1989230, 0, 6, 12.6365, 212.647, 6, 12.647, 210.01, 0, 0, 0, 0, 0
1989240, 0, 6, 12.612, 212.773, 6, 12.2754, 210.133, 0, 0, 0, 0, 0
1989251, 0, 6, 12.612, 212.899, 6, 12.612, 210.259, 0, 0, 0, 0, 0
